cidade,bairro,tipo,modo,mediana_rs_m2,p25,p75,n_anuncios,yield_anual_pct,coleta
São Paulo,Aclimação,casa,venda,7344.6,5789.5,9050.0,97,7.11,outubro/2026
São Paulo,Aclimação,casa,aluguel,43.5,30.8,52.7,19,7.11,outubro/2026
São Paulo,Água Branca,casa,venda,7798.2,6246.0,10250.0,7,,outubro/2026
São Paulo,Água Fria,casa,venda,5954.5,4444.4,7490.7,90,6.71,outubro/2026
São Paulo,Água Fria,casa,aluguel,33.3,27.0,41.0,11,6.71,outubro/2026
São Paulo,Água Funda,casa,venda,4780.0,3969.7,4956.6,7,,outubro/2026
São Paulo,Água Rasa,casa,venda,6242.2,4537.5,8076.8,42,6.15,outubro/2026
São Paulo,Água Rasa,casa,aluguel,32.0,28.5,38.7,7,6.15,outubro/2026
São Paulo,Alto da Boa Vista,casa,venda,9335.7,7975.5,12444.4,57,6.16,outubro/2026
São Paulo,Alto da Boa Vista,casa,aluguel,47.9,46.0,52.6,8,6.16,outubro/2026
São Paulo,Alto da Lapa,casa,venda,8533.7,7281.2,9900.0,48,5.64,outubro/2026
São Paulo,Alto da Lapa,casa,aluguel,40.1,29.9,53.8,12,5.64,outubro/2026
São Paulo,Alto da Mooca,casa,venda,5536.7,4677.4,7767.5,59,6.26,outubro/2026
São Paulo,Alto da Mooca,casa,aluguel,28.9,20.8,31.8,10,6.26,outubro/2026
São Paulo,Alto da Riviera,casa,venda,3036.8,2625.0,3700.0,8,,outubro/2026
São Paulo,Alto de Pinheiros,casa,venda,12803.8,9906.8,16020.9,180,5.35,outubro/2026
São Paulo,Alto de Pinheiros,casa,aluguel,57.1,41.2,66.2,24,5.35,outubro/2026
São Paulo,Alto de Santana,casa,venda,5250.0,4116.0,5900.0,7,,outubro/2026
São Paulo,Altos de Vila Prudente,casa,venda,3551.1,2962.5,4050.0,12,,outubro/2026
São Paulo,Americanópolis,casa,venda,4227.5,3231.2,5532.7,34,7.32,outubro/2026
São Paulo,Americanópolis,casa,aluguel,25.8,23.4,28.6,13,7.32,outubro/2026
São Paulo,Anhangüera,casa,venda,4480.0,3920.8,4963.1,7,,outubro/2026
São Paulo,Aricanduva,casa,venda,4700.9,3533.3,5692.3,37,5.11,outubro/2026
São Paulo,Aricanduva,casa,aluguel,20.0,17.5,23.1,7,5.11,outubro/2026
São Paulo,Artur Alvim,casa,venda,4888.9,3788.2,6043.1,31,5.99,outubro/2026
São Paulo,Artur Alvim,casa,aluguel,24.4,20.8,26.8,8,5.99,outubro/2026
São Paulo,Associação Sobradinho,casa,venda,2650.0,1663.9,3402.9,7,,outubro/2026
São Paulo,Balneário Mar Paulista,casa,venda,3415.9,2706.2,4531.0,6,,outubro/2026
São Paulo,Balneário São Francisco,casa,venda,3200.0,2600.0,5416.7,9,,outubro/2026
São Paulo,Balneário São José,casa,venda,3160.0,2544.3,3580.0,14,,outubro/2026
São Paulo,Barra Funda,casa,venda,6180.0,5850.4,8622.2,6,,outubro/2026
São Paulo,Barro Branco (Zona Norte),casa,venda,5537.6,4626.9,6637.4,32,,outubro/2026
São Paulo,Bela Aliança,casa,venda,7331.6,6159.2,8777.9,40,,outubro/2026
São Paulo,Bela Vista,casa,venda,6242.5,4245.6,7909.4,68,10.98,outubro/2026
São Paulo,Bela Vista,casa,aluguel,57.1,40.2,62.6,17,10.98,outubro/2026
São Paulo,Belém,casa,venda,5350.0,4226.2,6535.7,11,6.73,outubro/2026
São Paulo,Belém,casa,aluguel,30.0,29.8,50.0,5,6.73,outubro/2026
São Paulo,Belenzinho,casa,venda,5555.6,5181.8,6881.7,25,,outubro/2026
São Paulo,Boaçava,casa,venda,12486.2,10209.0,14895.4,20,4.44,outubro/2026
São Paulo,Boaçava,casa,aluguel,46.2,42.0,56.9,6,4.44,outubro/2026
São Paulo,Bortolândia,casa,venda,4285.7,3385.4,5735.3,57,,outubro/2026
São Paulo,Bosque da Saúde,casa,venda,6278.5,4947.4,7753.9,145,6.0,outubro/2026
São Paulo,Bosque da Saúde,casa,aluguel,31.4,25.5,39.4,22,6.0,outubro/2026
São Paulo,Brás,casa,venda,6689.0,5589.4,8194.4,11,,outubro/2026
São Paulo,Brasilândia,casa,venda,3141.7,2387.0,3706.5,24,9.09,outubro/2026
São Paulo,Brasilândia,casa,aluguel,23.8,17.8,27.6,19,9.09,outubro/2026
São Paulo,Brooklin,casa,venda,9459.5,6955.1,12115.4,135,5.81,outubro/2026
São Paulo,Brooklin,casa,aluguel,45.8,36.1,53.4,25,5.81,outubro/2026
São Paulo,Brooklin Novo,casa,venda,9935.3,8615.6,12311.7,34,6.64,outubro/2026
São Paulo,Brooklin Novo,casa,aluguel,55.0,48.3,65.0,5,6.64,outubro/2026
São Paulo,Brooklin Paulista,casa,venda,8377.2,6343.8,12362.4,88,5.57,outubro/2026
São Paulo,Brooklin Paulista,casa,aluguel,38.9,33.5,57.1,16,5.57,outubro/2026
São Paulo,Brooklin Velho,casa,venda,7058.8,6118.0,10173.6,15,,outubro/2026
São Paulo,Burgo Paulista,casa,venda,4570.2,3490.4,6076.1,36,,outubro/2026
São Paulo,Butantã,casa,venda,5121.8,3955.6,6495.9,225,8.18,outubro/2026
São Paulo,Butantã,casa,aluguel,34.9,25.5,41.3,38,8.18,outubro/2026
São Paulo,Cachoeirinha,casa,venda,3678.8,2977.1,5045.9,26,,outubro/2026
São Paulo,Cambuci,casa,venda,5159.6,3951.8,7104.8,95,7.7,outubro/2026
São Paulo,Cambuci,casa,aluguel,33.1,25.1,47.9,12,7.7,outubro/2026
São Paulo,Campininha,casa,venda,6648.0,4800.0,8823.5,13,,outubro/2026
São Paulo,Campo Belo,casa,venda,8140.2,6379.5,11228.7,196,6.32,outubro/2026
São Paulo,Campo Belo,casa,aluguel,42.9,34.2,54.5,64,6.32,outubro/2026
São Paulo,Campo Grande,casa,venda,5680.0,4650.0,6634.1,27,7.54,outubro/2026
São Paulo,Campo Grande,casa,aluguel,35.7,23.7,38.0,5,7.54,outubro/2026
São Paulo,Campo Limpo,casa,venda,5223.5,4020.8,6455.5,96,7.65,outubro/2026
São Paulo,Campo Limpo,casa,aluguel,33.3,19.9,38.3,11,7.65,outubro/2026
São Paulo,Cangaíba,casa,venda,4375.0,3473.7,5445.0,47,7.54,outubro/2026
São Paulo,Cangaíba,casa,aluguel,27.5,17.2,33.7,12,7.54,outubro/2026
São Paulo,Canindé,casa,venda,8750.0,7980.6,9571.1,8,,outubro/2026
São Paulo,Capão do Embira,casa,venda,4130.0,3346.8,5053.5,28,,outubro/2026
São Paulo,Capão Redondo,casa,venda,3541.7,2520.0,4333.3,17,,outubro/2026
São Paulo,Capela do Socorro,casa,venda,5601.5,4285.7,6739.6,9,,outubro/2026
São Paulo,Carandiru,casa,venda,5353.8,3909.1,6857.1,17,,outubro/2026
São Paulo,Casa Verde,casa,venda,5639.1,3877.6,6358.4,29,,outubro/2026
São Paulo,Casa Verde Alta,casa,venda,4332.7,3643.6,5570.0,24,7.17,outubro/2026
São Paulo,Casa Verde Alta,casa,aluguel,25.9,22.7,29.3,11,7.17,outubro/2026
São Paulo,Casa Verde Média,casa,venda,5555.6,4339.7,6794.9,23,6.48,outubro/2026
São Paulo,Casa Verde Média,casa,aluguel,30.0,26.0,31.2,9,6.48,outubro/2026
São Paulo,Catumbi,casa,venda,9361.7,7297.6,10364.0,6,,outubro/2026
São Paulo,Caxingui,casa,venda,6704.3,5425.3,8935.2,16,5.28,outubro/2026
São Paulo,Caxingui,casa,aluguel,29.5,19.2,32.0,7,5.28,outubro/2026
São Paulo,Cerqueira César,casa,venda,14350.9,10670.3,15227.3,8,,outubro/2026
São Paulo,Chácara Belenzinho,casa,venda,4800.0,3543.7,6449.1,106,5.53,outubro/2026
São Paulo,Chácara Belenzinho,casa,aluguel,22.1,20.1,27.9,18,5.53,outubro/2026
São Paulo,Chácara Bosque do Sol,casa,venda,2000.0,1969.7,3400.0,5,,outubro/2026
São Paulo,Chácara Califórnia,casa,venda,6125.0,5125.0,8028.6,25,,outubro/2026
São Paulo,Chácara Cocaia,casa,venda,2375.0,1950.0,3628.7,6,,outubro/2026
São Paulo,Chácara Cruzeiro do Sul,casa,venda,5316.5,3888.9,5876.6,22,,outubro/2026
São Paulo,Chácara das Corujas,casa,venda,3230.0,2929.9,3400.0,5,,outubro/2026
São Paulo,Chácara do Encosto,casa,venda,5774.4,4390.3,7013.0,24,,outubro/2026
São Paulo,Chácara Figueira Grande,casa,venda,3600.0,3171.0,4402.3,11,,outubro/2026
São Paulo,Chácara Flora,casa,venda,14035.1,10840.6,16028.5,7,,outubro/2026
São Paulo,Chácara Inglesa,casa,venda,6376.7,4612.9,7543.6,66,,outubro/2026
São Paulo,Chácara Japonesa,casa,venda,7013.9,5721.0,8595.2,48,,outubro/2026
São Paulo,Chácara Klabin,casa,venda,8999.8,7729.2,10000.0,22,5.75,outubro/2026
São Paulo,Chácara Klabin,casa,aluguel,43.1,30.2,45.2,6,5.75,outubro/2026
São Paulo,Chácara Mafalda,casa,venda,5345.2,4360.3,6977.3,60,5.57,outubro/2026
São Paulo,Chácara Mafalda,casa,aluguel,24.8,20.6,28.5,8,5.57,outubro/2026
São Paulo,Chácara Monte Alegre,casa,venda,8316.5,5297.6,10774.8,26,5.05,outubro/2026
São Paulo,Chácara Monte Alegre,casa,aluguel,35.0,28.8,39.7,8,5.05,outubro/2026
São Paulo,Chácara Nossa Senhora Aparecida,casa,venda,4780.0,3773.1,6602.6,15,,outubro/2026
São Paulo,Chácara Nossa Senhora do Bom Conselho,casa,venda,5318.2,4736.8,6051.0,25,6.77,outubro/2026
São Paulo,Chácara Nossa Senhora do Bom Conselho,casa,aluguel,30.0,28.6,35.4,5,6.77,outubro/2026
São Paulo,Chácara Santa Etelvina,casa,venda,4400.0,3840.0,4600.0,5,,outubro/2026
São Paulo,Chácara Santa Maria,casa,venda,3585.7,2761.1,4284.3,22,,outubro/2026
São Paulo,Chácara Santana,casa,venda,4400.0,3210.5,5651.1,23,,outubro/2026
São Paulo,Chácara Santo Antônio (Zona Leste),casa,venda,6351.5,4826.4,8751.2,26,6.05,outubro/2026
São Paulo,Chácara Santo Antônio (Zona Leste),casa,aluguel,32.0,29.1,46.6,7,6.05,outubro/2026
São Paulo,Chácara Santo Antônio (Zona Sul),casa,venda,8846.2,7318.8,10485.5,43,5.03,outubro/2026
São Paulo,Chácara Santo Antônio (Zona Sul),casa,aluguel,37.1,29.4,60.7,13,5.03,outubro/2026
São Paulo,Chácara São João,casa,venda,3666.7,2725.0,5041.7,27,,outubro/2026
São Paulo,Chácara Seis de Outubro,casa,venda,5800.0,4634.7,6859.8,23,4.55,outubro/2026
São Paulo,Chácara Seis de Outubro,casa,aluguel,22.0,20.8,33.1,11,4.55,outubro/2026
São Paulo,Chácara Tatuapé,casa,venda,7786.0,5835.8,9307.2,20,7.41,outubro/2026
São Paulo,Chácara Tatuapé,casa,aluguel,48.1,39.6,50.4,7,7.41,outubro/2026
São Paulo,Chora Menino,casa,venda,4712.4,4052.5,5506.0,34,7.64,outubro/2026
São Paulo,Chora Menino,casa,aluguel,30.0,21.5,41.7,9,7.64,outubro/2026
São Paulo,Cidade Ademar,casa,venda,4400.0,3410.4,5537.1,31,9.9,outubro/2026
São Paulo,Cidade Ademar,casa,aluguel,36.3,27.7,41.4,5,9.9,outubro/2026
São Paulo,Cidade Antônio Estevão de Carvalho,casa,venda,4266.7,3527.7,5647.4,31,8.32,outubro/2026
São Paulo,Cidade Antônio Estevão de Carvalho,casa,aluguel,29.6,27.0,32.9,6,8.32,outubro/2026
São Paulo,Cidade Centenário,casa,venda,4857.1,3200.0,5080.0,17,,outubro/2026
São Paulo,Cidade Continental,casa,venda,4087.3,2896.9,6459.2,20,,outubro/2026
São Paulo,Cidade Dabril,casa,venda,3800.0,2937.5,4407.4,11,,outubro/2026
São Paulo,Cidade Domitila,casa,venda,3691.3,2417.3,5099.7,35,,outubro/2026
São Paulo,Cidade dos Bandeirantes,casa,venda,4450.0,3662.4,5000.0,17,7.69,outubro/2026
São Paulo,Cidade dos Bandeirantes,casa,aluguel,28.5,27.1,32.5,19,7.69,outubro/2026
São Paulo,Cidade Dutra,casa,venda,4600.0,3777.8,5462.2,37,6.57,outubro/2026
São Paulo,Cidade Dutra,casa,aluguel,25.2,19.6,31.8,14,6.57,outubro/2026
São Paulo,Cidade Ipava,casa,venda,2940.7,2353.7,3177.4,6,,outubro/2026
São Paulo,Cidade Jardim,casa,venda,12161.3,8181.8,15920.4,49,5.69,outubro/2026
São Paulo,Cidade Jardim,casa,aluguel,57.7,45.9,69.1,9,5.69,outubro/2026
São Paulo,Cidade Júlia,casa,venda,3020.0,2511.2,4965.0,8,7.95,outubro/2026
São Paulo,Cidade Júlia,casa,aluguel,20.0,15.0,21.2,5,7.95,outubro/2026
São Paulo,Cidade Kemel,casa,venda,3208.3,2610.0,3669.2,23,8.23,outubro/2026
São Paulo,Cidade Kemel,casa,aluguel,22.0,17.8,22.0,5,8.23,outubro/2026
São Paulo,Cidade Líder,casa,venda,4680.6,3484.0,5574.2,70,8.2,outubro/2026
São Paulo,Cidade Líder,casa,aluguel,32.0,25.2,37.3,10,8.2,outubro/2026
São Paulo,Cidade Mãe do Céu,casa,venda,6288.9,5057.2,8500.0,60,5.99,outubro/2026
São Paulo,Cidade Mãe do Céu,casa,aluguel,31.4,18.4,50.3,16,5.99,outubro/2026
São Paulo,Cidade Monções,casa,venda,9446.4,8444.6,11700.0,16,,outubro/2026
São Paulo,Cidade Nitro Operária,casa,venda,4103.7,2863.4,5019.4,14,,outubro/2026
São Paulo,Cidade Nova São Miguel,casa,venda,4481.2,3711.7,4872.1,10,,outubro/2026
São Paulo,Cidade Patriarca,casa,venda,5020.7,4238.0,6469.2,115,7.43,outubro/2026
São Paulo,Cidade Patriarca,casa,aluguel,31.1,28.7,38.5,9,7.43,outubro/2026
São Paulo,Cidade São Francisco,casa,venda,5560.7,4737.7,6756.0,42,6.47,outubro/2026
São Paulo,Cidade São Francisco,casa,aluguel,30.0,25.2,37.1,15,6.47,outubro/2026
São Paulo,Cidade São Mateus,casa,venda,3819.4,2901.4,4687.9,24,8.61,outubro/2026
São Paulo,Cidade São Mateus,casa,aluguel,27.4,20.5,30.7,10,8.61,outubro/2026
São Paulo,Cidade São Miguel,casa,venda,4324.4,3499.5,5366.7,6,,outubro/2026
São Paulo,Cidade Satélite Santa Bárbara,casa,venda,3293.4,2609.4,3840.0,17,,outubro/2026
São Paulo,Cidade Tiradentes,casa,venda,2171.8,2108.9,2649.7,12,,outubro/2026
São Paulo,Cidade Vargas,casa,venda,5232.9,3762.9,6666.7,41,6.12,outubro/2026
São Paulo,Cidade Vargas,casa,aluguel,26.7,23.9,30.9,7,6.12,outubro/2026
São Paulo,City América,casa,venda,5334.3,4514.4,6491.2,74,,outubro/2026
São Paulo,City Recanto Anastácio,casa,venda,6857.6,5842.1,7707.3,34,,outubro/2026
São Paulo,Colônia (Zona Sul),casa,venda,1641.3,1220.0,2353.6,18,,outubro/2026
São Paulo,Conceição,casa,venda,6722.2,5461.6,10008.4,6,,outubro/2026
São Paulo,Conjunto Habitacional A e Carvalho,casa,venda,3071.5,2534.1,4393.4,6,,outubro/2026
São Paulo,Conjunto Habitacional Águia de Haia,casa,venda,2914.1,2576.4,3273.9,6,,outubro/2026
São Paulo,Conjunto Habitacional Barreira Grande,casa,venda,3041.7,2878.8,4036.1,9,,outubro/2026
São Paulo,Conjunto Habitacional Barro Branco II,casa,venda,2428.6,2000.0,2551.0,5,,outubro/2026
São Paulo,Conjunto Habitacional Brigadeiro Faria Lima,casa,venda,3600.0,2760.0,4575.9,27,,outubro/2026
São Paulo,Conjunto Habitacional Castro Alves,casa,venda,2160.0,1800.0,2538.5,17,,outubro/2026
São Paulo,Conjunto Habitacional Inácio Monteiro,casa,venda,2014.9,1785.7,2500.0,21,,outubro/2026
São Paulo,Conjunto Habitacional Instituto Adventista,casa,venda,3100.0,2116.7,3809.5,11,,outubro/2026
São Paulo,Conjunto Habitacional Jardim São Bento,casa,venda,3110.0,2573.2,3750.0,12,,outubro/2026
São Paulo,Conjunto Habitacional Jova Rural,casa,venda,3300.0,2461.5,3750.0,13,,outubro/2026
São Paulo,Conjunto Habitacional Juscelino Kubitschek,casa,venda,1800.0,1354.0,2288.5,19,,outubro/2026
São Paulo,Conjunto Habitacional Marechal Mascarenhas de Morais,casa,venda,3617.6,3128.8,5068.2,34,,outubro/2026
São Paulo,Conjunto Habitacional Padre José de Anchieta,casa,venda,4461.5,3887.4,5153.8,11,,outubro/2026
São Paulo,Conjunto Habitacional Recanto dos Humildes,casa,venda,4000.0,3906.2,9000.0,5,,outubro/2026
São Paulo,Conjunto Habitacional Sitio Conceição,casa,venda,1800.0,1375.0,1994.6,7,,outubro/2026
São Paulo,Conjunto Habitacional Teotonio Vilela,casa,venda,4114.3,3267.3,4778.7,6,,outubro/2026
São Paulo,Conjunto Habitacional Turística,casa,venda,3225.8,2414.8,4107.4,15,,outubro/2026
São Paulo,Conjunto Promorar Sapopemba,casa,venda,2564.1,1571.4,4000.0,9,,outubro/2026
São Paulo,Conjunto Residencial Alpes do Jaraguá,casa,venda,3200.0,2800.0,3708.3,9,,outubro/2026
São Paulo,Conjunto Residencial Bandeirantes,casa,venda,3679.9,3307.7,4000.0,5,,outubro/2026
São Paulo,Conjunto Residencial Jardim Canaã,casa,venda,4357.8,3433.0,5280.6,67,,outubro/2026
São Paulo,Conjunto Residencial José Bonifácio,casa,venda,2849.5,2461.5,3125.0,9,12.21,outubro/2026
São Paulo,Conjunto Residencial José Bonifácio,casa,aluguel,29.0,22.2,29.9,5,12.21,outubro/2026
São Paulo,Conjunto Residencial Novo Pacaembu,casa,venda,6190.5,4687.2,7135.1,15,,outubro/2026
São Paulo,Conjunto Residencial Prestes Maia,casa,venda,2186.7,1920.0,2791.7,13,,outubro/2026
São Paulo,Conjunto Residencial Salvador Tolezani,casa,venda,5205.9,3648.3,6267.0,10,,outubro/2026
São Paulo,Conjunto Residencial Santa Terezinha,casa,venda,6738.0,5395.8,8120.5,32,,outubro/2026
São Paulo,Conjunto Residencial Sitio Oratório,casa,venda,4150.0,3492.3,4792.7,19,,outubro/2026
São Paulo,Conjunto Residencial Vista Verde,casa,venda,4995.0,4438.8,5563.3,42,,outubro/2026
São Paulo,Consolação,casa,venda,9000.0,7366.1,11666.8,11,7.96,outubro/2026
São Paulo,Consolação,casa,aluguel,59.7,55.1,70.9,7,7.96,outubro/2026
São Paulo,Cupecê,casa,venda,5600.0,4386.2,6253.2,27,6.21,outubro/2026
São Paulo,Cupecê,casa,aluguel,29.0,27.5,29.6,9,6.21,outubro/2026
São Paulo,Cursino,casa,venda,5555.6,4477.6,7142.9,69,4.99,outubro/2026
São Paulo,Cursino,casa,aluguel,23.1,19.0,32.3,6,4.99,outubro/2026
São Paulo,Educandário,casa,venda,3587.7,3025.2,4545.5,5,,outubro/2026
São Paulo,Eldorado,casa,venda,2820.5,2000.0,4425.0,27,7.45,outubro/2026
São Paulo,Eldorado,casa,aluguel,17.5,13.2,18.3,5,7.45,outubro/2026
São Paulo,Engenheiro Goulart,casa,venda,4583.3,3947.2,6050.1,31,,outubro/2026
São Paulo,Ermelino Matarazzo,casa,venda,4687.5,3766.3,5974.7,67,6.71,outubro/2026
São Paulo,Ermelino Matarazzo,casa,aluguel,26.2,19.0,32.5,11,6.71,outubro/2026
São Paulo,Fazenda Aricanduva,casa,venda,4639.9,4090.9,5625.0,13,5.3,outubro/2026
São Paulo,Fazenda Aricanduva,casa,aluguel,20.5,18.9,29.5,7,5.3,outubro/2026
São Paulo,Fazenda da Juta,casa,venda,3258.3,2681.0,3513.9,16,,outubro/2026
São Paulo,Fazenda Morumbi,casa,venda,6680.0,5581.1,7262.2,11,,outubro/2026
São Paulo,Ferreira,casa,venda,5895.5,5000.0,7031.2,37,6.09,outubro/2026
São Paulo,Ferreira,casa,aluguel,29.9,24.1,32.1,6,6.09,outubro/2026
São Paulo,Flor da Cantareira,casa,venda,1886.9,1803.4,2194.7,8,,outubro/2026
São Paulo,Freguesia do Ó,casa,venda,4484.8,3538.5,5300.0,45,8.03,outubro/2026
São Paulo,Freguesia do Ó,casa,aluguel,30.0,21.9,34.3,19,8.03,outubro/2026
São Paulo,Furnas,casa,venda,3266.7,2368.4,3691.3,21,,outubro/2026
São Paulo,Grajaú,casa,venda,3648.1,2358.3,4251.8,32,,outubro/2026
São Paulo,Granja Julieta,casa,venda,11289.6,9516.7,12329.5,36,,outubro/2026
São Paulo,Guaianases,casa,venda,3600.0,2072.3,5133.3,23,5.27,outubro/2026
São Paulo,Guaianases,casa,aluguel,15.8,15.3,18.9,5,5.27,outubro/2026
São Paulo,Guaiaúna,casa,venda,4177.4,3778.4,5120.7,8,,outubro/2026
São Paulo,Guapira,casa,venda,3949.0,3474.1,4233.4,6,,outubro/2026
São Paulo,Guarapiranga,casa,venda,3666.7,3047.9,4386.0,13,6.09,outubro/2026
São Paulo,Guarapiranga,casa,aluguel,18.6,12.8,24.9,10,6.09,outubro/2026
São Paulo,Higienópolis,casa,venda,10592.7,8576.9,13463.7,18,8.5,outubro/2026
São Paulo,Higienópolis,casa,aluguel,75.0,50.0,85.9,15,8.5,outubro/2026
São Paulo,Horto,casa,venda,5251.7,4094.9,6170.6,30,,outubro/2026
São Paulo,Horto do Ipê,casa,venda,6384.6,5492.9,7236.1,15,,outubro/2026
São Paulo,Horto Florestal,casa,venda,5625.0,4414.0,7102.6,83,6.63,outubro/2026
São Paulo,Horto Florestal,casa,aluguel,31.1,21.0,41.7,16,6.63,outubro/2026
São Paulo,Imirim,casa,venda,5451.1,4402.9,6484.8,70,6.82,outubro/2026
São Paulo,Imirim,casa,aluguel,31.0,28.8,34.8,8,6.82,outubro/2026
São Paulo,Indaiatuba,casa,venda,8888.9,6794.6,11437.3,7,,outubro/2026
São Paulo,Indianópolis,casa,venda,7485.9,5788.5,9090.9,58,6.41,outubro/2026
São Paulo,Indianópolis,casa,aluguel,40.0,35.1,62.5,16,6.41,outubro/2026
São Paulo,Instituto de Previdência,casa,venda,5253.1,4277.8,7561.6,40,7.77,outubro/2026
São Paulo,Instituto de Previdência,casa,aluguel,34.0,26.0,43.3,9,7.77,outubro/2026
São Paulo,Interlagos,casa,venda,5172.4,4240.0,6560.0,121,,outubro/2026
São Paulo,Ipiranga,casa,venda,5444.4,4147.4,7351.8,346,7.74,outubro/2026
São Paulo,Ipiranga,casa,aluguel,35.1,25.3,42.5,52,7.74,outubro/2026
São Paulo,Itaberaba,casa,venda,5913.2,4200.0,6640.1,14,,outubro/2026
São Paulo,Itaim Bibi,casa,aluguel,81.8,67.1,102.4,7,,outubro/2026
São Paulo,Itaim Paulista,casa,venda,4160.3,2838.3,4763.9,34,5.77,outubro/2026
São Paulo,Itaim Paulista,casa,aluguel,20.0,16.2,23.1,9,5.77,outubro/2026
São Paulo,Itaquera,casa,venda,5219.1,4064.4,6083.3,86,5.29,outubro/2026
São Paulo,Itaquera,casa,aluguel,23.0,18.8,30.6,23,5.29,outubro/2026
São Paulo,Jabaquara,casa,venda,5000.0,3750.0,6241.7,111,7.63,outubro/2026
São Paulo,Jabaquara,casa,aluguel,31.8,27.8,44.8,18,7.63,outubro/2026
São Paulo,Jaçanã,casa,venda,5122.4,4103.0,6322.6,70,,outubro/2026
São Paulo,Jaguaré,casa,venda,4339.9,3713.5,5640.0,82,8.68,outubro/2026
São Paulo,Jaguaré,casa,aluguel,31.4,21.7,38.0,6,8.68,outubro/2026
São Paulo,Jaraguá,casa,venda,3831.5,3009.7,5155.9,62,8.14,outubro/2026
São Paulo,Jaraguá,casa,aluguel,26.0,17.8,30.2,11,8.14,outubro/2026
São Paulo,Jardim Adalgisa,casa,venda,5300.0,5062.0,7260.1,7,,outubro/2026
São Paulo,Jardim Adelaide,casa,venda,4347.2,3462.5,5289.7,6,,outubro/2026
São Paulo,Jardim Adelfiore,casa,venda,3100.0,2133.3,3200.0,5,,outubro/2026
São Paulo,Jardim Adutora,casa,venda,4104.6,3640.6,4574.7,8,,outubro/2026
São Paulo,Jardim Aeroporto,casa,venda,5424.1,4719.8,6318.4,35,7.32,outubro/2026
São Paulo,Jardim Aeroporto,casa,aluguel,33.1,22.8,38.3,11,7.32,outubro/2026
São Paulo,Jardim Aladim,casa,venda,2357.5,1791.2,3552.8,8,,outubro/2026
São Paulo,Jardim Alfredo,casa,venda,3720.9,3187.3,3933.3,5,,outubro/2026
São Paulo,Jardim Almanara,casa,venda,4750.0,3116.5,5153.6,11,,outubro/2026
São Paulo,Jardim Alpino,casa,venda,3303.3,2760.0,4584.4,16,,outubro/2026
São Paulo,Jardim Alto Alegre (São Rafael),casa,venda,2652.4,1980.5,3079.3,7,,outubro/2026
São Paulo,Jardim Alto Pedroso,casa,venda,3750.0,2970.6,4101.3,19,,outubro/2026
São Paulo,Jardim Alviverde,casa,venda,1500.0,1160.0,2800.0,9,,outubro/2026
São Paulo,Jardim Alvorada (Zona Oeste),casa,venda,3946.0,3222.7,5119.9,54,6.78,outubro/2026
São Paulo,Jardim Alvorada (Zona Oeste),casa,aluguel,22.3,19.8,24.3,7,6.78,outubro/2026
São Paulo,Jardim Alzira,casa,venda,4676.3,3968.8,6434.8,29,,outubro/2026
São Paulo,Jardim Amália,casa,venda,3700.0,3571.4,4166.7,13,,outubro/2026
São Paulo,Jardim Amaralina,casa,venda,4912.3,4535.7,5590.9,6,,outubro/2026
São Paulo,Jardim América,casa,venda,13516.4,12500.0,13665.0,9,5.17,outubro/2026
São Paulo,Jardim América,casa,aluguel,58.2,58.1,72.9,5,5.17,outubro/2026
São Paulo,Jardim Ampliação,casa,venda,7246.4,4642.0,7959.2,6,,outubro/2026
São Paulo,Jardim Ana Lúcia,casa,venda,3766.5,2980.2,4930.0,14,,outubro/2026
São Paulo,Jardim Ana Maria,casa,venda,4600.5,3821.9,5797.4,34,,outubro/2026
São Paulo,Jardim Ana Rosa,casa,venda,4855.8,3525.0,5806.2,28,,outubro/2026
São Paulo,Jardim Anália Franco,casa,venda,7072.7,4959.7,9431.2,60,7.08,outubro/2026
São Paulo,Jardim Anália Franco,casa,aluguel,41.7,30.8,54.7,39,7.08,outubro/2026
São Paulo,Jardim Andaraí,casa,venda,4444.4,2977.9,7062.3,10,,outubro/2026
São Paulo,Jardim Ângela,casa,venda,4800.0,3326.7,6400.0,21,,outubro/2026
São Paulo,Jardim Angelina,casa,venda,3500.0,2502.0,4044.3,11,,outubro/2026
São Paulo,Jardim Anhangüera,casa,venda,5140.4,3726.5,5850.0,8,,outubro/2026
São Paulo,Jardim Aricanduva,casa,venda,5024.0,4000.0,6087.0,77,6.64,outubro/2026
São Paulo,Jardim Aricanduva,casa,aluguel,27.8,24.1,31.7,6,6.64,outubro/2026
São Paulo,Jardim Arize,casa,venda,4450.0,3358.5,5169.0,19,,outubro/2026
São Paulo,Jardim Arizona,casa,venda,4525.6,3119.6,4862.8,6,,outubro/2026
São Paulo,Jardim Arpoador,casa,venda,4333.3,3168.2,5375.0,23,8.53,outubro/2026
São Paulo,Jardim Arpoador,casa,aluguel,30.8,26.3,32.1,5,8.53,outubro/2026
São Paulo,Jardim Artur Alvim,casa,venda,5312.5,3636.4,6250.0,45,,outubro/2026
São Paulo,Jardim Ataliba Leonel,casa,venda,3364.0,2697.3,4806.3,27,8.31,outubro/2026
São Paulo,Jardim Ataliba Leonel,casa,aluguel,23.3,20.1,27.0,11,8.31,outubro/2026
São Paulo,Jardim Aurélio,casa,venda,2857.1,2498.1,3312.5,7,,outubro/2026
São Paulo,Jardim Aurora (Zona Leste),casa,venda,4107.1,2648.1,4285.7,9,,outubro/2026
São Paulo,Jardim Avelino,casa,venda,6469.0,5176.3,7421.4,54,5.79,outubro/2026
São Paulo,Jardim Avelino,casa,aluguel,31.2,30.2,36.1,6,5.79,outubro/2026
São Paulo,Jardim Avenida,casa,venda,4687.5,3544.9,5583.3,27,,outubro/2026
São Paulo,Jardim Bandeirantes,casa,venda,2621.0,2560.0,5520.0,5,,outubro/2026
São Paulo,Jardim Bandeirantes (Zona Norte),casa,venda,4663.7,4113.5,5496.7,12,,outubro/2026
São Paulo,Jardim Bartira,casa,venda,3000.0,2470.5,4078.4,7,,outubro/2026
São Paulo,Jardim Batalha,casa,venda,5165.5,4580.0,5802.7,6,,outubro/2026
São Paulo,Jardim Beatriz,casa,venda,3600.0,3103.4,4214.3,25,,outubro/2026
São Paulo,Jardim Bela Vista (Zona Sul),casa,venda,3944.3,3182.1,4767.9,22,,outubro/2026
São Paulo,Jardim Belém,casa,venda,4000.0,3256.1,6240.5,11,8.1,outubro/2026
São Paulo,Jardim Belém,casa,aluguel,27.0,24.4,28.6,5,8.1,outubro/2026
São Paulo,Jardim Bélgica,casa,venda,6315.8,5809.1,7230.6,27,,outubro/2026
São Paulo,Jardim Bibi,casa,venda,6132.1,4750.0,7200.0,17,,outubro/2026
São Paulo,Jardim Boa Esperança,casa,venda,4321.0,3573.3,5073.7,11,,outubro/2026
São Paulo,Jardim Boa Vista (Zona Oeste),casa,venda,3668.1,2452.1,4583.3,14,7.52,outubro/2026
São Paulo,Jardim Boa Vista (Zona Oeste),casa,aluguel,23.0,21.4,27.7,5,7.52,outubro/2026
São Paulo,Jardim Boa Vista (Zona Sul),casa,venda,2923.1,2619.0,3216.6,7,,outubro/2026
São Paulo,Jardim Bom Refúgio,casa,venda,3383.3,2652.0,3745.5,14,,outubro/2026
São Paulo,Jardim Bonfiglioli,casa,venda,5000.0,3998.8,6224.1,92,8.06,outubro/2026
São Paulo,Jardim Bonfiglioli,casa,aluguel,33.6,27.0,40.4,21,8.06,outubro/2026
São Paulo,Jardim Botucatu,casa,venda,3699.9,2774.5,4280.5,22,,outubro/2026
São Paulo,Jardim Brasil,casa,venda,3809.2,3065.9,4750.0,47,8.1,outubro/2026
São Paulo,Jardim Brasil,casa,aluguel,25.7,23.1,27.4,10,8.1,outubro/2026
São Paulo,Jardim Brasil (Zona Norte),casa,venda,4204.5,3184.8,5575.9,50,,outubro/2026
São Paulo,Jardim Brasil (Zona Sul),casa,venda,7233.3,5000.0,7870.4,9,,outubro/2026
São Paulo,Jardim Brasília,casa,venda,5369.0,3563.8,6102.3,42,4.98,outubro/2026
São Paulo,Jardim Brasília,casa,aluguel,22.3,17.5,26.0,10,4.98,outubro/2026
São Paulo,Jardim Brasília (Zona Leste),casa,venda,4619.8,4242.3,5288.5,24,,outubro/2026
São Paulo,Jardim Brasília (Zona Norte),casa,venda,4237.6,3425.0,4528.9,10,,outubro/2026
São Paulo,Jardim Britânia,casa,venda,4381.8,2429.9,4792.8,12,,outubro/2026
São Paulo,Jardim Cabuçu,casa,venda,3008.1,1985.8,4551.5,12,,outubro/2026
São Paulo,Jardim Cachoeira,casa,venda,4381.3,3186.7,5242.4,24,,outubro/2026
São Paulo,Jardim Caguassu,casa,venda,3431.2,2837.7,3977.9,6,,outubro/2026
São Paulo,Jardim Camargo Novo,casa,venda,2608.7,2135.0,3847.2,23,,outubro/2026
São Paulo,Jardim Cambara,casa,venda,4464.3,3779.5,5050.5,13,8.06,outubro/2026
São Paulo,Jardim Cambara,casa,aluguel,30.0,25.4,32.2,5,8.06,outubro/2026
São Paulo,Jardim Campo Grande,casa,venda,7003.9,6013.9,8078.0,15,5.59,outubro/2026
São Paulo,Jardim Campo Grande,casa,aluguel,32.6,28.6,46.2,10,5.59,outubro/2026
São Paulo,Jardim Campo Limpo,casa,venda,4812.1,4078.9,5962.3,16,,outubro/2026
São Paulo,Jardim Campo Limpo (Zona Norte),casa,venda,4371.5,3068.7,5170.2,22,,outubro/2026
São Paulo,Jardim Campos,casa,venda,2857.1,1962.1,3800.0,11,,outubro/2026
São Paulo,Jardim Capão Redondo,casa,venda,3352.9,2814.7,3779.4,15,,outubro/2026
São Paulo,Jardim Capelinha,casa,venda,3541.9,2963.2,4145.2,6,,outubro/2026
São Paulo,Jardim Caravelas,casa,venda,7979.7,7481.2,9010.1,10,,outubro/2026
São Paulo,Jardim Carlu,casa,venda,4709.0,3846.2,5416.7,37,5.68,outubro/2026
São Paulo,Jardim Carlu,casa,aluguel,22.3,22.2,26.7,9,5.68,outubro/2026
São Paulo,Jardim Carolina,casa,venda,4698.8,3304.7,5500.0,7,,outubro/2026
São Paulo,Jardim Carombé,casa,venda,2475.2,1783.9,2855.6,14,,outubro/2026
São Paulo,Jardim Casa Grande,casa,venda,2253.6,2086.8,2475.0,6,,outubro/2026
São Paulo,Jardim Casa Pintada,casa,venda,2984.3,2470.0,4625.0,14,,outubro/2026
São Paulo,Jardim Casablanca,casa,venda,4000.0,3288.9,4735.3,11,,outubro/2026
São Paulo,Jardim Castro Alves,casa,venda,2143.3,1881.1,2522.7,8,,outubro/2026
São Paulo,Jardim Catanduva,casa,venda,4800.0,3769.2,5769.2,61,6.15,outubro/2026
São Paulo,Jardim Catanduva,casa,aluguel,24.6,19.1,28.7,10,6.15,outubro/2026
São Paulo,Jardim Catarina,casa,venda,3750.0,3058.8,4320.0,19,,outubro/2026
São Paulo,Jardim Cecy,casa,venda,4285.7,2874.3,5100.0,7,,outubro/2026
São Paulo,Jardim Celeste,casa,venda,4337.8,3508.3,5132.9,50,7.08,outubro/2026
São Paulo,Jardim Celeste,casa,aluguel,25.6,24.4,27.1,7,7.08,outubro/2026
São Paulo,Jardim Centenário,casa,venda,3579.1,2712.0,5101.5,32,,outubro/2026
São Paulo,Jardim Cidade Pirituba,casa,venda,5199.6,4282.7,6148.5,44,4.36,outubro/2026
São Paulo,Jardim Cidade Pirituba,casa,aluguel,18.9,15.7,33.1,5,4.36,outubro/2026
São Paulo,Jardim Cidália,casa,venda,5854.5,4800.0,6827.5,32,,outubro/2026
São Paulo,Jardim Cláudia,casa,venda,4792.9,3071.4,6091.7,20,,outubro/2026
São Paulo,Jardim Clímax,casa,venda,3271.1,2816.2,3968.5,36,,outubro/2026
São Paulo,Jardim Cliper,casa,venda,4065.0,2867.1,5000.0,35,,outubro/2026
São Paulo,Jardim Coimbra,casa,venda,4400.0,2968.7,5990.0,39,5.95,outubro/2026
São Paulo,Jardim Coimbra,casa,aluguel,21.8,18.8,27.5,5,5.95,outubro/2026
São Paulo,Jardim Colombo,casa,venda,5000.0,4054.1,6204.4,25,,outubro/2026
São Paulo,Jardim Colonial,casa,venda,3262.5,3000.0,4272.0,14,,outubro/2026
São Paulo,Jardim Colorado,casa,venda,3833.3,3032.0,5369.0,32,,outubro/2026
São Paulo,Jardim Comercial,casa,venda,2261.3,2000.0,2608.7,9,,outubro/2026
São Paulo,Jardim Consolata,casa,venda,7611.1,5500.0,8943.1,9,,outubro/2026
São Paulo,Jardim Consórcio,casa,venda,4775.7,3860.4,5335.7,32,8.69,outubro/2026
São Paulo,Jardim Consórcio,casa,aluguel,34.6,23.0,46.2,7,8.69,outubro/2026
São Paulo,Jardim Cordeiro,casa,venda,10536.0,8571.4,11940.8,47,,outubro/2026
São Paulo,Jardim Cotching,casa,venda,5228.2,3261.7,6285.7,8,,outubro/2026
São Paulo,Jardim Cotiana,casa,venda,3652.2,2749.4,4628.5,39,,outubro/2026
São Paulo,Jardim Cotinha,casa,venda,4008.2,2913.5,5148.7,26,,outubro/2026
São Paulo,Jardim Cris,casa,venda,3241.4,2940.1,4206.8,7,,outubro/2026
São Paulo,Jardim Cristal,casa,venda,4658.6,4489.9,5085.6,6,,outubro/2026
São Paulo,Jardim Cruzeiro,casa,venda,3800.0,3580.0,4416.7,15,,outubro/2026
São Paulo,Jardim Cupecê,casa,venda,4772.7,4260.0,6208.3,25,,outubro/2026
São Paulo,Jardim da Campina,casa,venda,4586.2,2906.2,5404.5,22,,outubro/2026
São Paulo,Jardim da Conquista,casa,venda,3626.4,1733.3,4000.0,13,,outubro/2026
São Paulo,Jardim da Glória,casa,venda,6250.0,5132.1,7791.7,108,5.84,outubro/2026
São Paulo,Jardim da Glória,casa,aluguel,30.4,19.4,41.4,11,5.84,outubro/2026
São Paulo,Jardim da Pedreira,casa,venda,4482.8,3282.2,5619.4,31,,outubro/2026
São Paulo,Jardim da Saúde,casa,venda,5524.3,4449.3,7361.9,116,6.15,outubro/2026
São Paulo,Jardim da Saúde,casa,aluguel,28.3,26.3,45.0,6,6.15,outubro/2026
São Paulo,Jardim Dabril,casa,venda,3585.7,2821.3,4553.1,48,,outubro/2026
São Paulo,Jardim Damasceno,casa,venda,2298.3,2085.7,3450.0,10,,outubro/2026
São Paulo,Jardim Danfer,casa,venda,3600.0,2848.3,4253.1,39,10.23,outubro/2026
São Paulo,Jardim Danfer,casa,aluguel,30.7,17.5,46.0,6,10.23,outubro/2026
São Paulo,Jardim das Acácias,casa,venda,7589.3,6761.4,9523.8,13,,outubro/2026
São Paulo,Jardim das Bandeiras,casa,venda,10221.2,8055.8,14311.5,24,4.65,outubro/2026
São Paulo,Jardim das Bandeiras,casa,aluguel,39.6,35.4,50.0,9,4.65,outubro/2026
São Paulo,Jardim das Camélias,casa,venda,4384.6,3402.8,4911.5,47,6.32,outubro/2026
São Paulo,Jardim das Camélias,casa,aluguel,23.1,22.3,24.7,7,6.32,outubro/2026
São Paulo,Jardim das Carmelitas,casa,venda,4708.8,3844.0,5718.8,6,,outubro/2026
São Paulo,Jardim das Flores,casa,venda,3785.7,2960.0,4800.0,17,7.1,outubro/2026
São Paulo,Jardim das Flores,casa,aluguel,22.4,21.2,29.4,8,7.1,outubro/2026
São Paulo,Jardim das Imbuias,casa,venda,3000.0,2347.3,4000.0,33,,outubro/2026
São Paulo,Jardim das Laranjeiras,casa,venda,5341.4,4771.4,6805.6,24,,outubro/2026
São Paulo,Jardim das Oliveiras,casa,venda,3076.4,2089.6,4784.9,42,,outubro/2026
São Paulo,Jardim das Palmas,casa,venda,5161.3,3322.8,6121.2,11,,outubro/2026
São Paulo,Jardim das Palmeiras,casa,venda,2500.0,2251.5,3642.3,7,,outubro/2026
São Paulo,Jardim das Palmeiras (Zona Sul),casa,venda,3125.0,2018.2,5062.5,11,,outubro/2026
São Paulo,Jardim das Rosas,casa,venda,3000.0,2812.5,3840.0,5,,outubro/2026
São Paulo,Jardim das Rosas (Zona Leste),casa,venda,3133.3,2999.7,3180.0,5,,outubro/2026
São Paulo,Jardim das Rosas (Zona Norte),casa,venda,2285.7,1875.0,4240.0,9,,outubro/2026
São Paulo,Jardim das Rosas (Zona Sul),casa,venda,3557.0,2166.7,3666.7,5,,outubro/2026
São Paulo,Jardim das Vertentes,casa,venda,4629.6,3950.0,5413.3,36,8.63,outubro/2026
São Paulo,Jardim das Vertentes,casa,aluguel,33.3,30.0,38.8,11,8.63,outubro/2026
São Paulo,Jardim Daysy,casa,venda,3188.8,2768.6,4436.3,30,12.04,outubro/2026
São Paulo,Jardim Daysy,casa,aluguel,32.0,19.6,32.0,5,12.04,outubro/2026
São Paulo,Jardim de Lorenzo,casa,venda,3240.7,2828.6,4695.2,12,,outubro/2026
São Paulo,Jardim Denise,casa,venda,4113.9,3500.0,4400.0,5,,outubro/2026
São Paulo,Jardim Dinorah,casa,aluguel,24.7,22.8,29.2,8,,outubro/2026
São Paulo,Jardim do Colégio,casa,venda,6190.4,4439.0,7760.6,50,4.87,outubro/2026
São Paulo,Jardim do Colégio,casa,aluguel,25.1,22.5,36.2,7,4.87,outubro/2026
São Paulo,Jardim do Lago,casa,venda,4695.7,3814.1,5671.0,42,8.02,outubro/2026
São Paulo,Jardim do Lago,casa,aluguel,31.4,18.5,31.6,5,8.02,outubro/2026
São Paulo,Jardim do Tiro,casa,venda,3273.8,2666.7,4857.1,5,,outubro/2026
São Paulo,Jardim Dom Bosco,casa,venda,4904.2,4249.7,6997.4,6,,outubro/2026
São Paulo,Jardim Dom José,casa,venda,4125.0,3306.5,4699.4,22,,outubro/2026
São Paulo,Jardim Dona Sinhá,casa,venda,3523.1,2929.8,4290.2,14,,outubro/2026
São Paulo,Jardim Donária,casa,venda,2120.0,1820.0,2310.0,6,,outubro/2026
São Paulo,Jardim dos Álamos,casa,venda,2000.0,1765.2,2437.5,7,,outubro/2026
São Paulo,Jardim dos Bichinhos,casa,venda,4073.8,3534.8,4592.1,12,,outubro/2026
São Paulo,Jardim dos Estados,casa,venda,9702.8,8358.0,13151.3,30,5.18,outubro/2026
São Paulo,Jardim dos Estados,casa,aluguel,41.9,35.4,50.9,6,5.18,outubro/2026
São Paulo,Jardim dos Francos,casa,venda,2968.8,2600.0,3214.3,9,,outubro/2026
São Paulo,Jardim dos Manacás,casa,venda,3105.5,2640.0,3840.0,14,,outubro/2026
São Paulo,Jardim dos Prados,casa,venda,3794.6,3560.0,4013.4,5,,outubro/2026
São Paulo,Jardim Dracena,casa,venda,4074.1,2750.0,4730.9,25,,outubro/2026
São Paulo,Jardim Duprat,casa,venda,3595.7,2686.5,4823.4,6,,outubro/2026
São Paulo,Jardim Edi,casa,venda,3174.6,2391.3,3920.0,9,,outubro/2026
São Paulo,Jardim Edilene,casa,venda,3095.2,2030.1,3887.6,12,,outubro/2026
São Paulo,Jardim Edith,casa,venda,3064.0,2456.0,4427.1,14,,outubro/2026
São Paulo,Jardim Egle,casa,venda,3172.2,2395.6,4483.3,50,,outubro/2026
São Paulo,Jardim Elba,casa,venda,2755.6,2154.7,3418.8,15,,outubro/2026
São Paulo,Jardim Eledy,casa,venda,3859.3,2958.3,4356.6,12,,outubro/2026
São Paulo,Jardim Eliana,casa,venda,2530.0,2101.7,2958.6,18,,outubro/2026
São Paulo,Jardim Eliane,casa,venda,4782.6,3975.0,5735.5,31,,outubro/2026
São Paulo,Jardim Elisa Maria,casa,venda,3127.1,2528.4,3587.0,12,,outubro/2026
São Paulo,Jardim Eliza,casa,venda,4517.5,3964.3,5324.3,10,,outubro/2026
São Paulo,Jardim Elizabeth,casa,venda,4167.2,3211.1,5423.4,35,,outubro/2026
São Paulo,Jardim Ernestina,casa,venda,5600.0,4747.3,6835.2,35,,outubro/2026
São Paulo,Jardim Esmeralda,casa,venda,4000.0,3146.9,5000.0,85,7.2,outubro/2026
São Paulo,Jardim Esmeralda,casa,aluguel,24.0,17.5,27.8,11,7.2,outubro/2026
São Paulo,Jardim Ester,casa,venda,5140.3,4108.3,6377.2,46,7.47,outubro/2026
São Paulo,Jardim Ester,casa,aluguel,32.0,24.8,37.8,15,7.47,outubro/2026
São Paulo,Jardim Ester Yolanda,casa,venda,4576.0,3850.0,5509.6,48,6.92,outubro/2026
São Paulo,Jardim Ester Yolanda,casa,aluguel,26.4,22.5,32.8,21,6.92,outubro/2026
São Paulo,Jardim Etelvina,casa,venda,2222.2,1842.7,2673.1,11,,outubro/2026
São Paulo,Jardim Europa,casa,venda,13666.7,12524.1,18512.1,7,6.7,outubro/2026
São Paulo,Jardim Europa,casa,aluguel,76.3,63.3,95.6,9,6.7,outubro/2026
São Paulo,Jardim Everest,casa,venda,10608.0,7412.4,15677.8,10,,outubro/2026
São Paulo,Jardim Faria Lima,casa,venda,4378.2,3232.4,4994.2,16,,outubro/2026
São Paulo,Jardim Felicidade (Zona Norte),casa,venda,4392.0,3737.7,6357.7,27,7.08,outubro/2026
São Paulo,Jardim Felicidade (Zona Norte),casa,aluguel,25.9,17.5,37.8,6,7.08,outubro/2026
São Paulo,Jardim Felicidade (Zona Oeste),casa,venda,5933.3,4015.4,8779.9,31,5.26,outubro/2026
São Paulo,Jardim Felicidade (Zona Oeste),casa,aluguel,26.0,22.0,57.8,5,5.26,outubro/2026
São Paulo,Jardim Fernandes,casa,venda,4950.0,3966.7,5832.9,47,4.7,outubro/2026
São Paulo,Jardim Fernandes,casa,aluguel,19.4,15.3,24.8,8,4.7,outubro/2026
São Paulo,Jardim Figueira Grande,casa,venda,3213.6,1935.8,3842.3,18,,outubro/2026
São Paulo,Jardim Filhos da Terra,casa,venda,2454.5,1694.6,3191.8,13,,outubro/2026
São Paulo,Jardim Flor de Maio,casa,venda,3430.0,2261.4,5251.6,8,,outubro/2026
São Paulo,Jardim Floresta,casa,venda,6183.3,4574.4,7302.1,34,,outubro/2026
São Paulo,Jardim Fontalis,casa,venda,3186.3,2834.8,3785.7,15,,outubro/2026
São Paulo,Jardim Franca,casa,venda,6074.7,4879.9,7282.7,88,5.51,outubro/2026
São Paulo,Jardim Franca,casa,aluguel,27.9,23.6,33.8,17,5.51,outubro/2026
São Paulo,Jardim Francisco Mendes,casa,venda,3089.6,2793.7,4969.2,7,,outubro/2026
São Paulo,Jardim Fraternidade,casa,venda,4230.8,2750.0,5166.7,9,,outubro/2026
São Paulo,Jardim Germânia,casa,venda,4583.3,3872.3,5697.9,39,,outubro/2026
São Paulo,Jardim Gianetti,casa,venda,4600.0,3748.4,5030.4,10,,outubro/2026
São Paulo,Jardim Gonzaga,casa,venda,4274.5,3111.4,4705.6,20,,outubro/2026
São Paulo,Jardim Grimaldi,casa,venda,3752.9,3246.1,4666.7,17,,outubro/2026
São Paulo,Jardim Guacuri,casa,venda,1950.0,1800.0,3920.0,5,,outubro/2026
São Paulo,Jardim Guaianazes,casa,venda,3419.3,2217.1,5000.0,16,,outubro/2026
São Paulo,Jardim Guairaca,casa,venda,4384.6,3445.2,5364.6,46,9.58,outubro/2026
São Paulo,Jardim Guairaca,casa,aluguel,35.0,31.7,37.5,5,9.58,outubro/2026
São Paulo,Jardim Guanabara,casa,venda,3571.4,2619.0,4462.6,16,,outubro/2026
São Paulo,Jardim Guanca,casa,venda,5666.7,4765.5,6572.5,47,6.82,outubro/2026
São Paulo,Jardim Guanca,casa,aluguel,32.2,25.5,39.6,15,6.82,outubro/2026
São Paulo,Jardim Guanhembu,casa,venda,3800.0,2865.5,4890.7,47,9.16,outubro/2026
São Paulo,Jardim Guanhembu,casa,aluguel,29.0,23.3,30.7,6,9.16,outubro/2026
São Paulo,Jardim Guapira,casa,venda,4407.2,3708.5,5418.9,64,,outubro/2026
São Paulo,Jardim Guarani,casa,venda,2847.8,2617.6,3652.8,18,,outubro/2026
São Paulo,Jardim Guarapiranga,casa,venda,4400.0,3816.4,5875.6,12,,outubro/2026
São Paulo,Jardim Guarau,casa,venda,3750.0,2980.0,4900.0,41,,outubro/2026
São Paulo,Jardim Guarujá,casa,venda,3840.0,2560.0,5000.0,29,,outubro/2026
São Paulo,Jardim Guedala,casa,venda,7915.6,6089.2,11190.5,48,5.49,outubro/2026
São Paulo,Jardim Guedala,casa,aluguel,36.2,30.3,53.0,20,5.49,outubro/2026
São Paulo,Jardim Helena,casa,venda,4496.7,2977.4,5694.1,28,,outubro/2026
São Paulo,Jardim Helga,casa,venda,3987.2,3659.1,4505.7,16,,outubro/2026
São Paulo,Jardim Hercilia,casa,venda,4800.0,3594.8,5900.0,25,,outubro/2026
São Paulo,Jardim Hípico,casa,venda,10249.6,8322.5,13289.1,20,,outubro/2026
São Paulo,Jardim Humaitá,casa,venda,5122.9,4429.8,6820.8,32,,outubro/2026
São Paulo,Jardim Iae,casa,venda,3400.0,3066.0,4224.1,9,,outubro/2026
São Paulo,Jardim Ibiratiba,casa,venda,5383.3,4843.9,5666.7,13,,outubro/2026
São Paulo,Jardim Ibitirama,casa,venda,5931.2,4006.3,7689.7,6,,outubro/2026
São Paulo,Jardim Icaraí,casa,venda,2808.3,2150.0,3240.0,20,,outubro/2026
São Paulo,Jardim Iguatemi,casa,venda,4240.0,3267.3,5969.2,7,,outubro/2026
São Paulo,Jardim Imbé,casa,venda,2800.0,2320.0,3396.0,9,,outubro/2026
São Paulo,Jardim Imperador,casa,venda,3703.5,2821.5,4929.3,26,4.15,outubro/2026
São Paulo,Jardim Imperador,casa,aluguel,12.8,8.8,35.0,5,4.15,outubro/2026
São Paulo,Jardim Imperador (Zona Leste),casa,venda,3902.4,3171.4,4893.6,17,,outubro/2026
São Paulo,Jardim Imperial,casa,venda,3600.0,2620.3,3615.9,5,,outubro/2026
São Paulo,Jardim Indaiá,casa,venda,4090.0,3257.5,6758.8,8,,outubro/2026
São Paulo,Jardim Independência,casa,venda,5483.9,4368.8,6699.4,37,8.67,outubro/2026
São Paulo,Jardim Independência,casa,aluguel,39.6,22.5,44.4,5,8.67,outubro/2026
São Paulo,Jardim Ingá,casa,venda,3475.0,2850.0,6020.8,10,,outubro/2026
São Paulo,Jardim Internacional,casa,venda,6481.5,6000.0,7000.0,9,,outubro/2026
São Paulo,Jardim Ipanema,casa,venda,3041.1,2589.9,4965.0,12,,outubro/2026
São Paulo,Jardim Ipanema (Cidade Líder),casa,venda,4928.6,3874.8,5770.4,24,,outubro/2026
São Paulo,Jardim Ipanema (Zona Oeste),casa,venda,2866.7,2464.3,3670.0,12,,outubro/2026
São Paulo,Jardim Ipanema (Zona Sul),casa,venda,5179.9,3807.1,5948.0,19,,outubro/2026
São Paulo,Jardim Ipê,casa,venda,3833.3,2870.6,5160.3,39,,outubro/2026
São Paulo,Jardim Iporã,casa,venda,1875.0,1548.0,2531.5,8,,outubro/2026
São Paulo,Jardim Iporanga,casa,venda,3391.3,2173.6,4310.5,15,,outubro/2026
São Paulo,Jardim Iracema,casa,venda,4858.5,3632.2,5997.8,26,,outubro/2026
São Paulo,Jardim Irapiranga,casa,venda,2666.7,2120.0,4080.0,13,,outubro/2026
São Paulo,Jardim Itacolomi,casa,venda,3513.2,2981.4,4503.7,20,,outubro/2026
São Paulo,Jardim Itália,casa,venda,5288.5,5122.0,7049.8,7,,outubro/2026
São Paulo,Jardim Itapema,casa,venda,6400.0,3772.8,6778.6,7,,outubro/2026
São Paulo,Jardim Itapemirim,casa,venda,3620.0,3200.0,5333.3,29,,outubro/2026
São Paulo,Jardim Itapeva,casa,venda,6241.1,4875.0,7016.5,13,,outubro/2026
São Paulo,Jardim Itápolis,casa,venda,2694.9,2314.8,3191.2,6,,outubro/2026
São Paulo,Jardim Itapura,casa,venda,4473.6,2925.9,4960.0,17,,outubro/2026
São Paulo,Jardim Itatinga,casa,venda,7339.1,5695.8,10000.0,20,,outubro/2026
São Paulo,Jardim Iva,casa,venda,3815.3,2350.0,5040.0,33,,outubro/2026
São Paulo,Jardim Ivana,casa,venda,3805.5,2918.8,4908.3,20,7.09,outubro/2026
São Paulo,Jardim Ivana,casa,aluguel,22.5,20.3,25.2,6,7.09,outubro/2026
São Paulo,Jardim Ivone,casa,venda,4227.7,3073.6,5453.8,14,,outubro/2026
São Paulo,Jardim Jabaquara,casa,venda,3900.0,3244.2,4789.8,27,,outubro/2026
São Paulo,Jardim Jaçanã,casa,venda,3266.7,2599.6,5112.5,27,,outubro/2026
São Paulo,Jardim Jamaica,casa,venda,5745.7,4562.5,6673.1,8,,outubro/2026
São Paulo,Jardim Japão,casa,venda,5454.5,3682.2,6458.3,33,12.32,outubro/2026
São Paulo,Jardim Japão,casa,aluguel,56.0,33.4,67.8,7,12.32,outubro/2026
São Paulo,Jardim Jaqueline,casa,venda,3100.0,2598.9,3948.0,8,,outubro/2026
São Paulo,Jardim Jaraguá,casa,venda,3323.8,2745.1,4007.4,28,,outubro/2026
São Paulo,Jardim Jaraguá (São Domingos),casa,venda,4399.2,3935.9,4843.8,7,,outubro/2026
São Paulo,Jardim Jaú (Zona Leste),casa,venda,3907.8,3217.5,5300.0,48,5.68,outubro/2026
São Paulo,Jardim Jaú (Zona Leste),casa,aluguel,18.5,16.7,22.0,5,5.68,outubro/2026
São Paulo,Jardim Joamar,casa,venda,4166.7,3269.6,4857.7,23,,outubro/2026
São Paulo,Jardim João Xxiii,casa,venda,4320.0,3872.5,4775.0,6,,outubro/2026
São Paulo,Jardim Juá,casa,venda,6333.3,5122.2,7825.0,15,,outubro/2026
São Paulo,Jardim Julieta,casa,venda,4222.2,3433.3,4866.7,11,,outubro/2026
São Paulo,Jardim Jussara,casa,venda,5134.9,3804.6,5619.7,32,3.27,outubro/2026
São Paulo,Jardim Jussara,casa,aluguel,14.0,13.3,20.9,5,3.27,outubro/2026
São Paulo,Jardim Labitary,casa,venda,3695.0,2850.0,4075.0,8,,outubro/2026
São Paulo,Jardim Lajeado,casa,venda,2917.0,2552.8,3865.6,12,,outubro/2026
São Paulo,Jardim Lallo,casa,venda,4839.7,4114.9,5890.4,24,,outubro/2026
São Paulo,Jardim Laone,casa,venda,3666.7,3113.4,4520.5,7,,outubro/2026
São Paulo,Jardim Lar,casa,venda,6063.0,5234.4,7543.3,23,,outubro/2026
São Paulo,Jardim Leme,casa,venda,3283.5,3004.2,3872.5,6,,outubro/2026
São Paulo,Jardim Leônidas Moreira,casa,venda,3844.3,3012.6,4868.4,20,,outubro/2026
São Paulo,Jardim Leonor,casa,venda,7559.4,6111.1,11405.8,21,4.29,outubro/2026
São Paulo,Jardim Leonor,casa,aluguel,27.0,22.8,32.4,6,4.29,outubro/2026
São Paulo,Jardim Leonor Mendes de Barros,casa,venda,6090.9,4761.9,9018.4,66,5.95,outubro/2026
São Paulo,Jardim Leonor Mendes de Barros,casa,aluguel,30.2,25.4,36.7,11,5.95,outubro/2026
São Paulo,Jardim Líbano,casa,venda,4891.3,3625.8,6422.5,42,,outubro/2026
São Paulo,Jardim Líder,casa,venda,2600.0,1632.7,4090.9,5,,outubro/2026
São Paulo,Jardim Liderança,casa,venda,4706.8,3324.8,5542.9,24,,outubro/2026
São Paulo,Jardim Lídia,casa,venda,4714.3,3026.5,6836.1,8,,outubro/2026
São Paulo,Jardim Lisboa,casa,venda,5333.3,4666.7,6533.3,35,,outubro/2026
São Paulo,Jardim Londrina,casa,venda,5276.6,4004.1,6611.1,44,6.91,outubro/2026
São Paulo,Jardim Londrina,casa,aluguel,30.4,25.7,52.8,15,6.91,outubro/2026
São Paulo,Jardim Los Angeles,casa,venda,7560.0,4600.0,8488.3,11,,outubro/2026
São Paulo,Jardim Lourdes,casa,venda,2850.0,2521.7,4125.0,18,,outubro/2026
São Paulo,Jardim Luanda,casa,venda,5615.8,5109.3,8347.5,12,,outubro/2026
São Paulo,Jardim Lucélia,casa,venda,2312.5,1810.0,2940.0,8,,outubro/2026
São Paulo,Jardim Lúcia,casa,venda,3750.0,2789.1,4615.4,5,,outubro/2026
São Paulo,Jardim Luísa,casa,venda,3028.6,2708.3,3369.6,9,,outubro/2026
São Paulo,Jardim Luso,casa,venda,3174.0,2794.2,4198.0,12,,outubro/2026
São Paulo,Jardim Luzitânia,casa,venda,15638.6,11486.8,17177.5,18,,outubro/2026
São Paulo,Jardim Macedônia,casa,venda,2746.7,1875.0,3919.4,22,,outubro/2026
São Paulo,Jardim Mália II,casa,venda,3252.2,2776.1,4279.9,12,,outubro/2026
São Paulo,Jardim Mangalot,casa,venda,4500.3,3712.6,5434.5,40,8.27,outubro/2026
São Paulo,Jardim Mangalot,casa,aluguel,31.0,27.5,34.8,7,8.27,outubro/2026
São Paulo,Jardim Marabá,casa,venda,4058.8,3051.9,5012.9,44,,outubro/2026
São Paulo,Jardim Maracanã,casa,venda,3527.8,3219.7,4202.9,18,,outubro/2026
São Paulo,Jardim Marajoara,casa,venda,6779.7,6125.0,8979.6,21,6.87,outubro/2026
São Paulo,Jardim Marajoara,casa,aluguel,38.8,34.2,55.4,8,6.87,outubro/2026
São Paulo,Jardim Marcel,casa,venda,5591.4,5416.1,6513.3,7,,outubro/2026
São Paulo,Jardim Maria Amália,casa,venda,3714.3,2500.0,3741.5,5,,outubro/2026
São Paulo,Jardim Maria Augusta,casa,venda,4307.7,3861.9,5064.3,10,,outubro/2026
São Paulo,Jardim Maria Duarte,casa,venda,4247.6,3543.1,5073.5,29,8.14,outubro/2026
São Paulo,Jardim Maria Duarte,casa,aluguel,28.8,25.0,34.8,7,8.14,outubro/2026
São Paulo,Jardim Maria Estela,casa,venda,4177.5,3071.4,5292.7,40,5.31,outubro/2026
São Paulo,Jardim Maria Estela,casa,aluguel,18.5,11.0,23.8,6,5.31,outubro/2026
São Paulo,Jardim Maria Luiza,casa,venda,3380.8,3078.1,4816.0,14,,outubro/2026
São Paulo,Jardim Maria Rita,casa,venda,4000.0,2925.9,5000.0,37,6.51,outubro/2026
São Paulo,Jardim Maria Rita,casa,aluguel,21.7,17.4,27.3,15,6.51,outubro/2026
São Paulo,Jardim Maria Virginia,casa,venda,4785.7,4013.9,5557.3,23,,outubro/2026
São Paulo,Jardim Marilda,casa,venda,1692.7,1560.2,2355.0,11,,outubro/2026
São Paulo,Jardim Marília,casa,venda,3380.0,2583.7,4592.7,27,7.78,outubro/2026
São Paulo,Jardim Marília,casa,aluguel,21.9,19.5,23.8,10,7.78,outubro/2026
São Paulo,Jardim Mariliza,casa,venda,3734.1,3583.3,4406.4,12,,outubro/2026
São Paulo,Jardim Marilu,casa,venda,2922.4,2354.2,3450.5,10,,outubro/2026
São Paulo,Jardim Maringa,casa,venda,5163.0,3414.3,5909.2,39,5.28,outubro/2026
São Paulo,Jardim Maringa,casa,aluguel,22.7,19.2,33.0,9,5.28,outubro/2026
São Paulo,Jardim Marisa,casa,venda,5000.0,3500.0,5851.9,41,6.41,outubro/2026
São Paulo,Jardim Marisa,casa,aluguel,26.7,19.9,44.0,13,6.41,outubro/2026
São Paulo,Jardim Maristela,casa,venda,4639.5,3678.6,6212.6,32,3.85,outubro/2026
São Paulo,Jardim Maristela,casa,aluguel,14.9,13.7,24.0,7,3.85,outubro/2026
São Paulo,Jardim Marquesa,casa,venda,5400.0,4000.0,5853.7,13,,outubro/2026
São Paulo,Jardim Martini,casa,venda,2727.8,2412.4,3292.4,6,,outubro/2026
São Paulo,Jardim Martinica,casa,venda,7571.4,6495.0,8660.0,5,,outubro/2026
São Paulo,Jardim Martins Silva,casa,venda,2500.0,2092.4,3031.1,6,,outubro/2026
São Paulo,Jardim Matarazzo,casa,venda,4016.4,3214.7,4979.5,14,5.38,outubro/2026
São Paulo,Jardim Matarazzo,casa,aluguel,18.0,15.7,21.1,5,5.38,outubro/2026
São Paulo,Jardim Meliunas,casa,venda,4240.0,3600.0,5232.1,5,,outubro/2026
São Paulo,Jardim Melo,casa,venda,4594.8,4032.9,5112.1,6,,outubro/2026
São Paulo,Jardim Mimar,casa,venda,4023.1,2660.6,4895.8,29,,outubro/2026
São Paulo,Jardim Mirante,casa,venda,3355.2,3198.3,4697.5,6,,outubro/2026
São Paulo,Jardim Miriam,casa,venda,3750.0,2708.2,5485.6,26,7.36,outubro/2026
São Paulo,Jardim Miriam,casa,aluguel,23.0,20.5,26.1,10,7.36,outubro/2026
São Paulo,Jardim Mitsutani,casa,venda,3795.0,2995.3,4644.2,12,,outubro/2026
São Paulo,Jardim Modelo,casa,venda,3200.0,2259.3,4615.4,41,7.5,outubro/2026
São Paulo,Jardim Modelo,casa,aluguel,20.0,16.7,26.7,11,7.5,outubro/2026
São Paulo,Jardim Monjolo,casa,venda,4275.9,3481.6,6089.7,37,,outubro/2026
São Paulo,Jardim Monte Alegre,casa,venda,4606.7,3400.0,5319.1,33,,outubro/2026
São Paulo,Jardim Monte Azul,casa,venda,5401.3,3926.4,6039.9,28,,outubro/2026
São Paulo,Jardim Monte Kemel,casa,venda,5714.3,4965.0,7000.0,57,6.34,outubro/2026
São Paulo,Jardim Monte Kemel,casa,aluguel,30.2,27.5,33.1,8,6.34,outubro/2026
São Paulo,Jardim Moreno,casa,venda,3326.7,3207.1,3622.1,7,,outubro/2026
São Paulo,Jardim Mutinga,casa,venda,4014.6,3375.7,5000.0,35,,outubro/2026
São Paulo,Jardim Myrna,casa,venda,2830.2,2083.3,3870.0,11,,outubro/2026
São Paulo,Jardim Nadir,casa,venda,4954.0,4587.5,5207.5,8,,outubro/2026
São Paulo,Jardim Nakamura,casa,venda,2423.1,2320.0,2666.7,5,,outubro/2026
São Paulo,Jardim Nazareth,casa,venda,3600.0,3191.2,4896.4,19,,outubro/2026
São Paulo,Jardim Neila,casa,venda,4166.7,3299.0,5061.7,17,,outubro/2026
São Paulo,Jardim Nélia,casa,venda,3333.3,1840.0,4625.0,13,,outubro/2026
São Paulo,Jardim Nice,casa,venda,3275.0,2740.0,4032.1,18,,outubro/2026
São Paulo,Jardim Niteroi,casa,venda,4557.2,3937.5,5038.7,8,,outubro/2026
São Paulo,Jardim Nordeste,casa,venda,4389.4,3593.9,5435.0,26,7.98,outubro/2026
São Paulo,Jardim Nordeste,casa,aluguel,29.2,24.6,31.6,8,7.98,outubro/2026
São Paulo,Jardim Norma,casa,venda,4500.0,3452.5,5333.3,15,,outubro/2026
São Paulo,Jardim Noronha,casa,venda,2556.0,1848.0,2720.0,6,,outubro/2026
São Paulo,Jardim Nossa Senhora do Carmo,casa,venda,4858.3,3479.8,6372.4,76,7.41,outubro/2026
São Paulo,Jardim Nossa Senhora do Carmo,casa,aluguel,30.0,20.5,40.4,19,7.41,outubro/2026
São Paulo,Jardim Nosso Lar,casa,venda,5092.6,3830.4,6250.9,26,,outubro/2026
São Paulo,Jardim Nova Germania,casa,venda,3786.8,2900.0,5590.5,18,,outubro/2026
São Paulo,Jardim Nova São Paulo (São Rafael),casa,venda,2880.0,2750.0,3400.0,5,,outubro/2026
São Paulo,Jardim Nove de Julho,casa,venda,3284.3,2640.1,4416.7,26,,outubro/2026
São Paulo,Jardim Novo Carrão,casa,venda,3414.6,2136.4,4084.8,15,8.15,outubro/2026
São Paulo,Jardim Novo Carrão,casa,aluguel,23.2,20.2,26.8,6,8.15,outubro/2026
São Paulo,Jardim Novo Horizonte,casa,venda,2585.7,2435.1,2750.0,6,,outubro/2026
São Paulo,Jardim Novo Mundo,casa,venda,9352.1,8388.1,11900.9,28,,outubro/2026
São Paulo,Jardim Novo Parelheiros,casa,venda,1804.1,1428.6,2250.0,21,,outubro/2026
São Paulo,Jardim Odete,casa,venda,4635.7,3440.0,5833.3,9,6.47,outubro/2026
São Paulo,Jardim Odete,casa,aluguel,25.0,20.0,26.7,9,6.47,outubro/2026
São Paulo,Jardim Olinda,casa,venda,3291.7,2879.4,5067.5,18,,outubro/2026
São Paulo,Jardim Olympia,casa,venda,5597.5,4986.0,6425.4,35,5.6,outubro/2026
São Paulo,Jardim Olympia,casa,aluguel,26.1,23.5,27.3,13,5.6,outubro/2026
São Paulo,Jardim Ondina,casa,venda,3449.5,2470.4,4636.2,18,,outubro/2026
São Paulo,Jardim Oriental,casa,venda,4806.2,3804.3,6000.0,45,7.47,outubro/2026
São Paulo,Jardim Oriental,casa,aluguel,29.9,24.8,37.0,12,7.47,outubro/2026
São Paulo,Jardim Orly,casa,venda,4166.7,4000.0,4400.0,5,,outubro/2026
São Paulo,Jardim Palmares,casa,venda,6307.7,4583.3,7000.0,49,6.79,outubro/2026
São Paulo,Jardim Palmares,casa,aluguel,35.7,29.3,39.0,13,6.79,outubro/2026
São Paulo,Jardim Palmares (Zona Norte),casa,venda,2800.0,1400.0,3360.0,5,,outubro/2026
São Paulo,Jardim Panorama,casa,venda,7875.0,4684.2,10302.3,11,,outubro/2026
São Paulo,Jardim Panorama (Zona Leste),casa,venda,3583.3,3253.3,4586.8,15,,outubro/2026
São Paulo,Jardim Paraguaçu,casa,venda,3047.4,2187.5,4000.0,17,7.76,outubro/2026
São Paulo,Jardim Paraguaçu,casa,aluguel,19.7,14.3,26.9,7,7.76,outubro/2026
São Paulo,Jardim Paraíso,casa,venda,6000.0,4636.4,6590.9,49,,outubro/2026
São Paulo,Jardim Paris,casa,venda,4087.0,3115.0,7607.7,8,,outubro/2026
São Paulo,Jardim Patente,casa,venda,4500.0,3597.1,5461.5,33,2.61,outubro/2026
São Paulo,Jardim Patente,casa,aluguel,9.8,8.8,21.2,5,2.61,outubro/2026
São Paulo,Jardim Patente Novo,casa,venda,4100.0,3608.2,5178.6,21,,outubro/2026
São Paulo,Jardim Paulista,casa,venda,15303.4,12162.2,17666.7,53,5.13,outubro/2026
São Paulo,Jardim Paulista,casa,aluguel,65.4,57.1,82.3,32,5.13,outubro/2026
São Paulo,Jardim Paulistano,casa,venda,15882.4,12948.7,17391.3,45,6.58,outubro/2026
São Paulo,Jardim Paulistano,casa,aluguel,87.1,72.8,96.9,19,6.58,outubro/2026
São Paulo,Jardim Pedra Branca,casa,venda,6383.5,4933.4,7035.7,12,,outubro/2026
São Paulo,Jardim Pedro José Nunes,casa,venda,4347.8,3720.0,5666.7,41,,outubro/2026
São Paulo,Jardim Penha,casa,venda,4520.9,3125.0,5420.9,43,,outubro/2026
São Paulo,Jardim Peri,casa,venda,3785.7,2826.7,5288.5,33,8.75,outubro/2026
São Paulo,Jardim Peri,casa,aluguel,27.6,19.3,32.0,7,8.75,outubro/2026
São Paulo,Jardim Peri Peri,casa,venda,5302.5,4500.4,6808.6,42,5.18,outubro/2026
São Paulo,Jardim Peri Peri,casa,aluguel,22.9,14.6,26.9,6,5.18,outubro/2026
São Paulo,Jardim Pérola I,casa,venda,2200.0,2045.5,2240.0,5,,outubro/2026
São Paulo,Jardim Pérola II,casa,venda,1760.0,1590.0,2640.0,5,,outubro/2026
São Paulo,Jardim Petrópolis,casa,venda,8633.6,6897.3,10869.7,34,,outubro/2026
São Paulo,Jardim Picolo,casa,venda,6300.0,4755.1,7253.0,23,,outubro/2026
São Paulo,Jardim Pinheiros,casa,venda,5367.6,4500.0,7142.9,45,5.63,outubro/2026
São Paulo,Jardim Pinheiros,casa,aluguel,25.2,23.3,27.0,18,5.63,outubro/2026
São Paulo,Jardim Piqueroby,casa,venda,5189.2,4272.2,6035.7,43,4.46,outubro/2026
São Paulo,Jardim Piqueroby,casa,aluguel,19.3,18.5,26.3,5,4.46,outubro/2026
São Paulo,Jardim Piraçuama,casa,venda,3262.7,2717.2,5411.4,14,,outubro/2026
São Paulo,Jardim Pirajussara,casa,venda,5899.0,5114.3,7091.7,24,,outubro/2026
São Paulo,Jardim Piratininga,casa,venda,4353.4,3910.4,4880.7,14,,outubro/2026
São Paulo,Jardim Pirituba,casa,venda,4050.0,2540.0,4999.8,50,7.61,outubro/2026
São Paulo,Jardim Pirituba,casa,aluguel,25.7,22.0,32.9,6,7.61,outubro/2026
São Paulo,Jardim Planalto,casa,venda,3111.8,2878.7,4989.3,18,,outubro/2026
São Paulo,Jardim Ponte Rasa,casa,venda,3756.3,2893.5,5122.3,50,6.84,outubro/2026
São Paulo,Jardim Ponte Rasa,casa,aluguel,21.4,20.0,22.5,5,6.84,outubro/2026
São Paulo,Jardim Popular,casa,venda,4906.8,3808.3,6069.6,43,6.85,outubro/2026
São Paulo,Jardim Popular,casa,aluguel,28.0,24.9,30.7,8,6.85,outubro/2026
São Paulo,Jardim Portal I e II,casa,venda,13445.4,11261.3,13571.4,5,,outubro/2026
São Paulo,Jardim Porteira Grande,casa,venda,3592.1,2845.0,5078.4,24,,outubro/2026
São Paulo,Jardim Presidente,casa,venda,2549.0,1936.8,3983.7,13,,outubro/2026
São Paulo,Jardim Previdência,casa,venda,4722.2,3928.6,5500.0,17,6.28,outubro/2026
São Paulo,Jardim Previdência,casa,aluguel,24.7,21.1,29.5,6,6.28,outubro/2026
São Paulo,Jardim Primavera,casa,venda,5183.6,4423.3,6094.0,60,5.79,outubro/2026
São Paulo,Jardim Primavera,casa,aluguel,25.0,12.6,28.0,5,5.79,outubro/2026
São Paulo,Jardim Primavera (Zona Sul),casa,venda,3375.0,2870.0,4300.0,14,,outubro/2026
São Paulo,Jardim Princesa,casa,venda,3100.0,2987.0,3125.0,5,,outubro/2026
São Paulo,Jardim Progresso,casa,venda,3625.0,2181.8,4000.0,9,,outubro/2026
São Paulo,Jardim Promissão,casa,venda,4900.0,3970.0,5403.2,10,,outubro/2026
São Paulo,Jardim Prudência,casa,venda,6270.5,5050.0,8223.1,38,8.76,outubro/2026
São Paulo,Jardim Prudência,casa,aluguel,45.8,45.7,48.8,5,8.76,outubro/2026
São Paulo,Jardim Quisisana (Vila Nova Curuçá),casa,venda,2619.4,1877.4,2887.1,8,,outubro/2026
São Paulo,Jardim Raposo Tavares,casa,venda,4066.7,2933.5,5317.5,30,,outubro/2026
São Paulo,Jardim Real,casa,venda,2333.3,1960.0,3440.0,5,,outubro/2026
São Paulo,Jardim Recanto Verde,casa,venda,2164.0,1925.0,2762.5,8,,outubro/2026
São Paulo,Jardim Record,casa,venda,4961.9,3712.5,6149.0,32,,outubro/2026
São Paulo,Jardim Regina,casa,venda,5373.6,4529.4,7147.4,34,5.4,outubro/2026
São Paulo,Jardim Regina,casa,aluguel,24.2,20.6,36.7,10,5.4,outubro/2026
São Paulo,Jardim Regis,casa,venda,4900.0,3860.7,6340.0,38,,outubro/2026
São Paulo,Jardim Reimberg,casa,venda,2633.3,2025.4,3099.8,14,,outubro/2026
São Paulo,Jardim Represa,casa,venda,4813.5,3915.7,5347.6,26,,outubro/2026
São Paulo,Jardim República,casa,venda,3486.8,1948.6,3799.2,6,,outubro/2026
São Paulo,Jardim Rincão,casa,venda,2925.7,2289.0,3476.1,14,,outubro/2026
São Paulo,Jardim Rio Pequeno,casa,venda,6176.6,4597.0,6851.6,8,,outubro/2026
São Paulo,Jardim Riviera,casa,venda,5427.7,3781.2,7474.3,6,,outubro/2026
São Paulo,Jardim Rizzo,casa,venda,6299.6,5404.0,7247.7,46,5.87,outubro/2026
São Paulo,Jardim Rizzo,casa,aluguel,30.8,26.6,37.8,8,5.87,outubro/2026
São Paulo,Jardim Robru,casa,venda,2342.0,1912.4,3538.6,11,,outubro/2026
São Paulo,Jardim Rodolfo Pirani,casa,venda,2917.8,2349.0,3650.0,42,,outubro/2026
São Paulo,Jardim Rosa Maria,casa,venda,5066.2,3912.3,6000.0,72,7.34,outubro/2026
São Paulo,Jardim Rosa Maria,casa,aluguel,31.0,22.7,34.9,10,7.34,outubro/2026
São Paulo,Jardim Rosana,casa,venda,3230.2,2999.0,3539.9,8,,outubro/2026
São Paulo,Jardim Rossin,casa,venda,3558.7,2942.7,6598.2,14,,outubro/2026
São Paulo,Jardim Rubilene,casa,venda,3846.6,2807.7,4929.2,6,,outubro/2026
São Paulo,Jardim Rubio,casa,venda,3804.7,3647.8,3850.4,6,,outubro/2026
São Paulo,Jardim Sabará,casa,venda,7019.2,6168.6,8315.8,24,6.03,outubro/2026
São Paulo,Jardim Sabará,casa,aluguel,35.3,34.6,40.1,6,6.03,outubro/2026
São Paulo,Jardim Sabiá II,casa,venda,2000.0,1666.7,2285.7,5,,outubro/2026
São Paulo,Jardim Samambaia,casa,venda,4597.4,2280.0,5928.3,8,,outubro/2026
São Paulo,Jardim Samara,casa,venda,4372.5,2771.7,5187.5,16,,outubro/2026
São Paulo,Jardim Sandra,casa,venda,4689.7,3860.5,6058.8,32,,outubro/2026
São Paulo,Jardim Santa Adelia,casa,venda,4200.0,3000.0,4910.7,41,5.71,outubro/2026
São Paulo,Jardim Santa Adelia,casa,aluguel,20.0,14.1,21.7,7,5.71,outubro/2026
São Paulo,Jardim Santa Bárbara,casa,venda,3714.3,3600.0,4307.7,5,,outubro/2026
São Paulo,Jardim Santa Cruz,casa,venda,4471.5,3449.6,5800.0,29,,outubro/2026
São Paulo,Jardim Santa Cruz (Campo Grande),casa,venda,6250.0,5282.1,7745.2,43,,outubro/2026
São Paulo,Jardim Santa Cruz (Sacomã),casa,venda,4166.7,3397.5,5406.6,40,,outubro/2026
São Paulo,Jardim Santa Cruz (Zona Norte),casa,venda,3530.8,2733.5,4987.5,22,,outubro/2026
São Paulo,Jardim Santa Edwiges (Grajaú),casa,venda,4666.7,3180.0,5079.4,7,,outubro/2026
São Paulo,Jardim Santa Efigênia,casa,venda,6377.9,5147.5,7909.4,12,,outubro/2026
São Paulo,Jardim Santa Emília,casa,venda,3950.3,3240.9,4862.9,26,6.59,outubro/2026
São Paulo,Jardim Santa Emília,casa,aluguel,21.7,20.7,25.7,10,6.59,outubro/2026
São Paulo,Jardim Santa Etelvina,casa,venda,3541.3,2922.4,3948.3,6,,outubro/2026
São Paulo,Jardim Santa Fé (Zona Oeste),casa,venda,3701.6,3325.0,4547.5,32,,outubro/2026
São Paulo,Jardim Santa Fé (Zona Sul),casa,venda,2100.0,1752.5,2898.1,18,,outubro/2026
São Paulo,Jardim Santa Francisca Cabrini,casa,venda,4280.0,2438.2,6283.7,7,,outubro/2026
São Paulo,Jardim Santa Helena,casa,venda,5313.6,4419.3,5999.1,16,,outubro/2026
São Paulo,Jardim Santa Inês,casa,venda,5696.7,4992.9,6036.6,17,,outubro/2026
São Paulo,Jardim Santa Lucrécia,casa,venda,3636.4,2650.0,4710.1,33,,outubro/2026
São Paulo,Jardim Santa Margarida,casa,venda,3831.8,2534.0,4759.8,12,,outubro/2026
São Paulo,Jardim Santa Maria,casa,venda,4975.0,4080.4,6636.8,62,8.15,outubro/2026
São Paulo,Jardim Santa Maria,casa,aluguel,33.8,30.3,40.6,7,8.15,outubro/2026
São Paulo,Jardim Santa Mônica,casa,venda,4266.7,3259.4,5115.1,27,8.35,outubro/2026
São Paulo,Jardim Santa Mônica,casa,aluguel,29.7,24.7,32.5,6,8.35,outubro/2026
São Paulo,Jardim Santa Terezinha,casa,venda,3542.0,2600.0,4783.0,22,,outubro/2026
São Paulo,Jardim Santo Alberto,casa,venda,2450.1,2243.2,3172.0,6,,outubro/2026
São Paulo,Jardim Santo Amaro,casa,venda,7509.9,5971.9,9268.8,15,,outubro/2026
São Paulo,Jardim Santo André,casa,venda,3125.0,2051.4,4237.8,11,,outubro/2026
São Paulo,Jardim Santo Antoninho,casa,venda,5476.7,4904.1,5959.9,22,,outubro/2026
São Paulo,Jardim Santo Antônio,casa,venda,4805.4,3597.0,5336.8,16,,outubro/2026
São Paulo,Jardim Santo Elias,casa,venda,5000.0,3906.2,5982.8,69,8.81,outubro/2026
São Paulo,Jardim Santo Elias,casa,aluguel,36.7,22.6,45.8,13,8.81,outubro/2026
São Paulo,Jardim Santos Dumont,casa,venda,4378.3,3674.3,4943.2,20,,outubro/2026
São Paulo,Jardim São Bento,casa,venda,6655.3,5452.2,8524.0,20,,outubro/2026
São Paulo,Jardim São Bento Novo,casa,venda,2800.0,2144.2,3669.6,27,,outubro/2026
São Paulo,Jardim São Bernardo,casa,venda,5000.0,3931.8,5804.8,34,,outubro/2026
São Paulo,Jardim São Carlos,casa,venda,3331.3,2551.0,4082.4,54,,outubro/2026
São Paulo,Jardim São Cristóvão,casa,venda,3142.9,2516.8,3709.7,29,,outubro/2026
São Paulo,Jardim São Domingos,casa,venda,5862.1,3951.2,7521.5,19,,outubro/2026
São Paulo,Jardim São Francisco (Zona Leste),casa,venda,2471.1,2093.8,3945.8,15,,outubro/2026
São Paulo,Jardim São Gabriel,casa,venda,3800.0,2148.8,5597.8,14,,outubro/2026
São Paulo,Jardim São João,casa,venda,3627.2,2866.3,4350.0,8,,outubro/2026
São Paulo,Jardim São João (Guaianazes),casa,venda,3200.0,3200.0,3432.0,5,,outubro/2026
São Paulo,Jardim São João (Jaraguá),casa,venda,3985.3,3350.0,4437.1,18,,outubro/2026
São Paulo,Jardim São João (Zona Norte),casa,venda,4000.0,3384.6,5075.9,7,,outubro/2026
São Paulo,Jardim São Jorge,casa,venda,3733.3,2650.1,5442.4,63,6.24,outubro/2026
São Paulo,Jardim São Jorge,casa,aluguel,19.4,16.3,27.5,11,6.24,outubro/2026
São Paulo,Jardim São José,casa,venda,4071.9,3308.0,5395.0,41,9.81,outubro/2026
São Paulo,Jardim São José,casa,aluguel,33.3,28.6,35.0,5,9.81,outubro/2026
São Paulo,Jardim São José (São Mateus),casa,venda,3409.1,2555.6,4625.0,13,,outubro/2026
São Paulo,Jardim São José (Zona Norte),casa,venda,4826.9,3831.3,5324.7,37,9.77,outubro/2026
São Paulo,Jardim São José (Zona Norte),casa,aluguel,39.3,24.0,46.3,5,9.77,outubro/2026
São Paulo,Jardim São Judas Tadeu,casa,venda,3083.3,2720.0,3750.0,21,,outubro/2026
São Paulo,Jardim São Luís,casa,venda,4580.9,3402.8,5667.7,22,,outubro/2026
São Paulo,Jardim São Luís (Zona Leste),casa,venda,2758.3,1910.0,4029.2,6,,outubro/2026
São Paulo,Jardim São Manoel,casa,venda,3214.3,3087.7,3600.0,9,,outubro/2026
São Paulo,Jardim São Miguel,casa,venda,4464.3,3533.3,5592.2,31,,outubro/2026
São Paulo,Jardim São Nicolau,casa,venda,5154.2,3596.0,6011.9,36,,outubro/2026
São Paulo,Jardim São Paulo (Zona Leste),casa,venda,2679.5,1725.0,3160.0,18,,outubro/2026
São Paulo,Jardim São Paulo (Zona Norte),casa,venda,6552.1,5041.2,8351.9,130,6.59,outubro/2026
São Paulo,Jardim São Paulo (Zona Norte),casa,aluguel,36.0,29.6,44.8,11,6.59,outubro/2026
São Paulo,Jardim São Pedro,casa,venda,2476.9,2060.0,3230.6,12,,outubro/2026
São Paulo,Jardim São Rafael,casa,venda,3545.5,2577.3,3920.0,9,,outubro/2026
São Paulo,Jardim São Ricardo,casa,venda,5100.3,4183.5,6779.5,46,,outubro/2026
São Paulo,Jardim São Roberto,casa,venda,3858.3,2447.5,4236.0,7,,outubro/2026
São Paulo,Jardim São Roque,casa,venda,4371.7,2942.5,6175.0,10,,outubro/2026
São Paulo,Jardim São Savério,casa,venda,4102.9,2568.8,4583.3,5,,outubro/2026
São Paulo,Jardim São Sebastião,casa,venda,5056.2,3723.7,5392.4,7,,outubro/2026
São Paulo,Jardim São Vicente,casa,venda,3200.0,2600.0,4400.0,25,,outubro/2026
São Paulo,Jardim Sapopemba,casa,venda,3333.3,2482.1,4420.9,83,,outubro/2026
São Paulo,Jardim Sarah,casa,venda,4451.6,3673.7,5120.0,49,7.76,outubro/2026
São Paulo,Jardim Sarah,casa,aluguel,28.8,26.2,32.7,7,7.76,outubro/2026
São Paulo,Jardim Satélite,casa,venda,4400.0,3428.6,6309.1,31,,outubro/2026
São Paulo,Jardim Seckler,casa,venda,4063.3,3299.2,4626.1,16,,outubro/2026
São Paulo,Jardim Selma,casa,venda,2678.3,2360.0,4694.1,10,,outubro/2026
São Paulo,Jardim Senice,casa,venda,2195.1,2040.8,2436.0,7,,outubro/2026
São Paulo,Jardim Sertãozinho,casa,venda,4333.3,3350.0,4750.0,11,,outubro/2026
São Paulo,Jardim Shangrilá (Zona Norte),casa,venda,2619.0,2357.8,3200.0,11,,outubro/2026
São Paulo,Jardim Shangrilá (Zona Sul),casa,venda,1937.5,1700.0,3198.7,14,,outubro/2026
São Paulo,Jardim Silva Teles,casa,venda,3900.0,2425.0,4587.1,15,,outubro/2026
São Paulo,Jardim Silveira,casa,venda,1881.8,1457.1,2822.9,7,,outubro/2026
São Paulo,Jardim Sônia (Zona Sul),casa,venda,4120.6,3712.5,5718.8,12,,outubro/2026
São Paulo,Jardim Sônia Inga,casa,venda,2512.6,2304.8,3451.8,7,,outubro/2026
São Paulo,Jardim Soraia,casa,venda,3708.1,2782.8,4254.0,28,,outubro/2026
São Paulo,Jardim Souza,casa,venda,3200.0,2897.7,3876.0,7,,outubro/2026
São Paulo,Jardim Sul,casa,venda,5070.4,4929.6,5666.7,5,,outubro/2026
São Paulo,Jardim Suzana,casa,venda,5333.3,4210.5,6125.0,13,,outubro/2026
São Paulo,Jardim Sydney,casa,venda,2923.1,2119.3,3715.4,7,,outubro/2026
São Paulo,Jardim Taboão,casa,venda,5032.6,4364.4,5908.3,76,6.06,outubro/2026
São Paulo,Jardim Taboão,casa,aluguel,25.4,23.8,29.7,11,6.06,outubro/2026
São Paulo,Jardim Taipas,casa,venda,3658.2,2687.6,3961.5,11,,outubro/2026
São Paulo,Jardim Tango,casa,venda,3840.0,2983.5,4421.6,23,,outubro/2026
São Paulo,Jardim Tenani,casa,venda,5577.8,5468.9,7233.3,6,,outubro/2026
São Paulo,Jardim Teresa,casa,venda,4990.0,4157.6,6442.1,31,,outubro/2026
São Paulo,Jardim Têxtil,casa,venda,6595.0,5351.9,8384.4,71,6.39,outubro/2026
São Paulo,Jardim Têxtil,casa,aluguel,35.1,26.4,42.9,28,6.39,outubro/2026
São Paulo,Jardim Thealia,casa,venda,2806.2,2727.3,3947.4,5,,outubro/2026
São Paulo,Jardim Thomaz,casa,venda,4724.4,3765.3,5646.9,6,,outubro/2026
São Paulo,Jardim Tietê,casa,venda,3649.2,2963.1,4497.4,42,4.93,outubro/2026
São Paulo,Jardim Tietê,casa,aluguel,15.0,14.2,19.1,7,4.93,outubro/2026
São Paulo,Jardim Toca,casa,venda,3200.0,2523.2,4004.3,11,,outubro/2026
São Paulo,Jardim Tremembé,casa,venda,4209.0,2780.0,5425.2,48,,outubro/2026
São Paulo,Jardim Três Marias,casa,venda,4452.1,3271.4,5898.5,31,6.33,outubro/2026
São Paulo,Jardim Três Marias,casa,aluguel,23.5,18.2,28.6,6,6.33,outubro/2026
São Paulo,Jardim Triana,casa,venda,5087.7,4684.3,6378.7,28,,outubro/2026
São Paulo,Jardim Trussardi,casa,venda,6523.9,5883.7,7437.5,36,4.98,outubro/2026
São Paulo,Jardim Trussardi,casa,aluguel,27.1,26.0,30.9,13,4.98,outubro/2026
São Paulo,Jardim Tuã,casa,venda,2565.9,2327.9,2952.5,14,,outubro/2026
São Paulo,Jardim Tupã,casa,venda,4109.6,3835.6,4711.1,5,,outubro/2026
São Paulo,Jardim Ubirajara,casa,venda,6231.9,4439.3,6865.4,18,8.03,outubro/2026
São Paulo,Jardim Ubirajara,casa,aluguel,41.7,38.6,46.2,11,8.03,outubro/2026
São Paulo,Jardim Umarizal,casa,venda,5143.3,3986.8,5983.3,50,6.3,outubro/2026
São Paulo,Jardim Umarizal,casa,aluguel,27.0,17.3,32.4,6,6.3,outubro/2026
São Paulo,Jardim Umuarama,casa,venda,6185.6,4703.0,7840.0,29,5.35,outubro/2026
São Paulo,Jardim Umuarama,casa,aluguel,27.6,26.7,33.3,5,5.35,outubro/2026
São Paulo,Jardim Vale das Virtudes,casa,venda,3071.4,2231.2,3429.4,11,,outubro/2026
São Paulo,Jardim Valparaiso,casa,venda,3857.1,3190.0,4642.9,5,,outubro/2026
São Paulo,Jardim Varginha,casa,venda,2613.3,1455.0,3286.2,10,,outubro/2026
São Paulo,Jardim Vaz de Lima,casa,venda,3369.6,2625.0,3625.0,9,,outubro/2026
São Paulo,Jardim Vera Cruz,casa,venda,8635.4,3592.7,11592.1,15,,outubro/2026
São Paulo,Jardim Vera Cruz (Zona Leste),casa,venda,2666.7,2120.0,2968.0,25,,outubro/2026
São Paulo,Jardim Vergueiro (Sacomã),casa,venda,4381.0,3627.7,5500.0,43,9.59,outubro/2026
São Paulo,Jardim Vergueiro (Sacomã),casa,aluguel,35.0,23.6,41.8,5,9.59,outubro/2026
São Paulo,Jardim Verônia,casa,venda,2333.3,2130.2,3222.6,7,,outubro/2026
São Paulo,Jardim Viana,casa,venda,10077.5,7833.3,12153.3,9,,outubro/2026
São Paulo,Jardim Vila Carrão,casa,venda,3100.8,2409.5,3533.3,31,7.31,outubro/2026
São Paulo,Jardim Vila Carrão,casa,aluguel,18.9,17.0,22.3,7,7.31,outubro/2026
São Paulo,Jardim Vila Rica,casa,venda,4295.5,3437.5,6097.5,10,,outubro/2026
São Paulo,Jardim Virgínia Bianca,casa,venda,4791.3,3875.0,5619.2,80,6.89,outubro/2026
São Paulo,Jardim Virgínia Bianca,casa,aluguel,27.5,25.1,37.1,17,6.89,outubro/2026
São Paulo,Jardim Vista Alegre,casa,venda,2833.3,2195.0,3518.9,19,,outubro/2026
São Paulo,Jardim Vista Linda,casa,venda,4733.3,3620.0,5850.0,38,7.35,outubro/2026
São Paulo,Jardim Vista Linda,casa,aluguel,29.0,23.5,31.2,10,7.35,outubro/2026
São Paulo,Jardim Vitória Régia,casa,venda,4449.1,3074.5,7819.1,16,,outubro/2026
São Paulo,Jardim Vivan,casa,venda,4198.5,3115.4,4857.1,45,6.43,outubro/2026
São Paulo,Jardim Vivan,casa,aluguel,22.5,20.9,37.6,11,6.43,outubro/2026
São Paulo,Jardim Yara,casa,venda,2698.2,2242.1,3685.7,9,,outubro/2026
São Paulo,Jardim Zilda,casa,venda,1600.0,1298.2,1812.5,5,,outubro/2026
São Paulo,Jardins,casa,venda,15735.2,14000.0,16000.0,5,,outubro/2026
São Paulo,Jordanópolis,casa,venda,4647.6,3564.7,5628.6,28,,outubro/2026
São Paulo,José Bonifácio,casa,venda,2720.0,2291.7,2826.8,7,6.84,outubro/2026
São Paulo,José Bonifácio,casa,aluguel,15.5,14.1,16.0,5,6.84,outubro/2026
São Paulo,Lajeado,casa,venda,3067.4,2502.4,4572.9,26,,outubro/2026
São Paulo,Lapa,casa,venda,7441.3,5223.5,8734.3,36,,outubro/2026
São Paulo,Lapa de Baixo,casa,venda,5500.0,4486.3,6760.8,15,,outubro/2026
São Paulo,Lar,casa,venda,6074.1,5644.4,6686.0,9,,outubro/2026
São Paulo,Lauzane Paulista,casa,venda,4500.0,3166.7,6000.0,61,8.0,outubro/2026
São Paulo,Lauzane Paulista,casa,aluguel,30.0,23.3,33.6,17,8.0,outubro/2026
São Paulo,Liberdade,casa,venda,7716.7,4800.8,8955.6,7,,outubro/2026
São Paulo,Limão,casa,venda,4862.2,3519.9,6365.9,28,,outubro/2026
São Paulo,Limoeiro,casa,venda,3787.5,3027.7,5068.7,40,,outubro/2026
São Paulo,Loteamento City Jaragua,casa,venda,5921.1,5519.5,6655.6,5,,outubro/2026
São Paulo,Mandaqui,casa,venda,5633.4,4379.5,6981.4,106,6.28,outubro/2026
São Paulo,Mandaqui,casa,aluguel,29.5,27.8,35.7,8,6.28,outubro/2026
São Paulo,Maranhão,casa,venda,5902.8,3978.5,7691.7,14,,outubro/2026
São Paulo,Mirandópolis,casa,venda,7348.5,6373.3,9272.0,142,6.55,outubro/2026
São Paulo,Mirandópolis,casa,aluguel,40.1,29.1,47.7,32,6.55,outubro/2026
São Paulo,Moema,casa,venda,11418.7,8027.8,14123.5,79,7.17,outubro/2026
São Paulo,Moema,casa,aluguel,68.2,46.6,76.2,40,7.17,outubro/2026
São Paulo,Mooca,casa,venda,5806.5,4473.3,7446.7,331,6.99,outubro/2026
São Paulo,Mooca,casa,aluguel,33.8,26.2,44.3,74,6.99,outubro/2026
São Paulo,Morro do Índio,casa,venda,2590.4,2037.0,3005.5,5,,outubro/2026
São Paulo,Morro dos Ingleses,casa,venda,9543.6,6998.1,12301.5,7,,outubro/2026
São Paulo,Morro Grande,casa,venda,4816.0,3739.0,6479.3,20,,outubro/2026
São Paulo,Morumbi,casa,venda,6887.5,5660.2,9352.6,82,6.9,outubro/2026
São Paulo,Morumbi,casa,aluguel,39.6,31.5,48.2,24,6.9,outubro/2026
São Paulo,Morumbi Sul,casa,venda,6324.8,5398.1,7010.3,8,,outubro/2026
São Paulo,Nossa Senhora do Ó,casa,venda,4463.4,3575.4,6520.6,10,,outubro/2026
São Paulo,Nova Klabin,casa,venda,6923.1,5865.9,7841.7,9,,outubro/2026
São Paulo,Nova Piraju,casa,venda,7316.2,5978.3,8785.7,17,,outubro/2026
São Paulo,Pacaembu,casa,venda,10229.1,8282.5,12500.0,151,6.25,outubro/2026
São Paulo,Pacaembu,casa,aluguel,53.3,42.7,65.8,27,6.25,outubro/2026
São Paulo,Palmas do Tremembé,casa,venda,4806.5,4646.9,6205.8,15,,outubro/2026
São Paulo,Parada Inglesa,casa,venda,6250.0,5000.0,7500.0,93,,outubro/2026
São Paulo,Parada XV de Novembro,casa,venda,5000.0,3954.5,5722.1,23,5.4,outubro/2026
São Paulo,Parada XV de Novembro,casa,aluguel,22.5,21.5,33.3,5,5.4,outubro/2026
São Paulo,Paraíso,casa,venda,9539.5,6651.9,15833.3,23,6.72,outubro/2026
São Paulo,Paraíso,casa,aluguel,53.4,39.2,74.7,18,6.72,outubro/2026
São Paulo,Paraíso do Morumbi,casa,aluguel,45.0,44.4,49.7,5,,outubro/2026
São Paulo,Parelheiros,casa,venda,2144.0,1625.0,3765.8,14,,outubro/2026
São Paulo,Pari,casa,venda,9000.0,6590.9,11160.7,13,,outubro/2026
São Paulo,Parque Alto do Rio Bonito,casa,venda,3416.1,3044.2,4242.5,23,,outubro/2026
São Paulo,Parque Alves de Lima,casa,venda,4622.2,3721.4,5899.4,8,,outubro/2026
São Paulo,Parque América,casa,venda,4217.7,3421.1,5197.4,39,,outubro/2026
São Paulo,Parque Anhangüera,casa,venda,4133.3,3105.8,5236.9,22,,outubro/2026
São Paulo,Parque Arariba,casa,venda,4743.4,3950.8,5844.6,24,,outubro/2026
São Paulo,Parque Artur Alvim,casa,venda,4750.0,3666.7,5200.0,13,6.75,outubro/2026
São Paulo,Parque Artur Alvim,casa,aluguel,26.7,25.0,32.5,5,6.75,outubro/2026
São Paulo,Parque Belém,casa,venda,3000.0,2208.3,3933.3,17,,outubro/2026
São Paulo,Parque Boa Esperança,casa,venda,2940.0,2298.3,3787.5,10,,outubro/2026
São Paulo,Parque Boturussu,casa,venda,4500.0,3383.6,5724.3,78,6.83,outubro/2026
São Paulo,Parque Boturussu,casa,aluguel,25.6,20.2,28.9,14,6.83,outubro/2026
São Paulo,Parque Brasil,casa,venda,4499.6,3648.4,5825.0,18,,outubro/2026
São Paulo,Parque Bristol,casa,venda,3169.1,2087.2,3804.9,20,,outubro/2026
São Paulo,Parque Casa de Pedra,casa,venda,4375.0,3713.0,5747.3,62,6.28,outubro/2026
São Paulo,Parque Casa de Pedra,casa,aluguel,22.9,17.9,26.3,6,6.28,outubro/2026
São Paulo,Parque Císper,casa,venda,3810.0,2666.6,4682.1,36,,outubro/2026
São Paulo,Parque Cocaia,casa,venda,2350.0,1665.9,3050.0,16,,outubro/2026
São Paulo,Parque Colonial,casa,venda,5937.5,4664.6,10075.4,23,7.19,outubro/2026
São Paulo,Parque Colonial,casa,aluguel,35.6,20.1,50.0,10,7.19,outubro/2026
São Paulo,Parque Continental,casa,venda,5000.0,4320.5,6478.0,47,8.5,outubro/2026
São Paulo,Parque Continental,casa,aluguel,35.4,22.3,43.6,6,8.5,outubro/2026
São Paulo,Parque Cruzeiro do Sul,casa,venda,4483.1,3339.6,5941.0,55,5.89,outubro/2026
São Paulo,Parque Cruzeiro do Sul,casa,aluguel,22.0,20.0,23.3,5,5.89,outubro/2026
São Paulo,Parque da Lapa,casa,venda,7453.4,5555.6,10952.4,45,,outubro/2026
São Paulo,Parque da Mooca,casa,venda,6400.0,5500.0,8620.7,37,8.49,outubro/2026
São Paulo,Parque da Mooca,casa,aluguel,45.3,31.9,55.6,22,8.49,outubro/2026
São Paulo,Parque da Vila Prudente,casa,venda,6267.2,4321.7,8155.0,46,,outubro/2026
São Paulo,Parque das Árvores,casa,venda,5059.8,3621.2,5607.4,28,,outubro/2026
São Paulo,Parque das Paineiras,casa,venda,4532.3,3867.9,5329.1,26,,outubro/2026
São Paulo,Parque do Carmo,casa,venda,5288.0,4190.2,5746.0,28,4.4,outubro/2026
São Paulo,Parque do Carmo,casa,aluguel,19.4,17.8,23.6,6,4.4,outubro/2026
São Paulo,Parque do Terceiro Lago,casa,venda,2816.7,2510.3,3708.3,6,,outubro/2026
São Paulo,Parque Dom João Neri,casa,venda,2546.7,2320.8,3565.0,6,,outubro/2026
São Paulo,Parque dos Bancários,casa,venda,3928.3,3225.0,4977.5,26,,outubro/2026
São Paulo,Parque dos Príncipes,casa,venda,5625.0,4523.8,7000.0,201,7.83,outubro/2026
São Paulo,Parque dos Príncipes,casa,aluguel,36.7,26.0,53.4,13,7.83,outubro/2026
São Paulo,Parque Edu Chaves,casa,venda,4260.6,3513.5,5303.0,45,8.45,outubro/2026
São Paulo,Parque Edu Chaves,casa,aluguel,30.0,28.7,31.1,5,8.45,outubro/2026
São Paulo,Parque Esmeralda,casa,venda,4400.0,3346.2,5235.3,33,7.31,outubro/2026
São Paulo,Parque Esmeralda,casa,aluguel,26.8,21.4,32.8,6,7.31,outubro/2026
São Paulo,Parque Fernanda,casa,venda,3955.5,2606.3,5274.0,34,,outubro/2026
São Paulo,Parque Fongaro,casa,venda,4000.0,3400.0,4750.0,25,,outubro/2026
São Paulo,Parque Grajaú,casa,venda,2634.4,1600.0,3330.0,20,,outubro/2026
São Paulo,Parque Guaianazes,casa,venda,4285.4,3375.0,5969.3,36,,outubro/2026
São Paulo,Parque Guarani,casa,venda,2832.0,2159.3,4661.5,42,,outubro/2026
São Paulo,Parque Imperial,casa,venda,6142.0,5000.0,7427.3,14,,outubro/2026
São Paulo,Parque Independência,casa,venda,3976.4,3277.8,4747.1,20,,outubro/2026
São Paulo,Parque Industrial,casa,venda,3409.1,2120.0,3868.6,5,,outubro/2026
São Paulo,Parque Ipê,casa,venda,4264.2,3580.7,5503.0,60,,outubro/2026
São Paulo,Parque Itaberaba,casa,venda,3993.8,2841.8,4995.8,24,,outubro/2026
São Paulo,Parque Ligia,casa,venda,2424.2,2218.4,3000.0,9,,outubro/2026
São Paulo,Parque Luis Mucciolo,casa,venda,4265.7,4129.9,7600.0,5,,outubro/2026
São Paulo,Parque Malagoli,casa,venda,3933.3,3720.0,4666.7,5,,outubro/2026
São Paulo,Parque Mandaqui,casa,venda,5640.9,4630.1,6656.4,50,6.15,outubro/2026
São Paulo,Parque Mandaqui,casa,aluguel,28.9,24.7,34.0,7,6.15,outubro/2026
São Paulo,Parque Maria Domitila,casa,venda,5472.4,4267.9,6609.1,35,8.33,outubro/2026
São Paulo,Parque Maria Domitila,casa,aluguel,38.0,20.0,39.4,9,8.33,outubro/2026
São Paulo,Parque Maria Helena,casa,venda,4610.7,3834.1,5493.9,20,6.58,outubro/2026
São Paulo,Parque Maria Helena,casa,aluguel,25.3,19.8,30.3,9,6.58,outubro/2026
São Paulo,Parque Maria Luiza,casa,venda,4000.0,3533.3,5200.0,25,,outubro/2026
São Paulo,Parque Monteiro Soares,casa,venda,5330.1,4050.0,7812.5,41,,outubro/2026
São Paulo,Parque Munhoz,casa,venda,4852.9,4244.6,6238.7,23,4.99,outubro/2026
São Paulo,Parque Munhoz,casa,aluguel,20.2,16.5,27.3,8,4.99,outubro/2026
São Paulo,Parque Nações Unidas,casa,venda,3525.5,3233.3,4529.9,26,,outubro/2026
São Paulo,Parque Novo Lar,casa,venda,3055.6,2307.7,4308.5,12,,outubro/2026
São Paulo,Parque Novo Mundo,casa,venda,5274.7,3935.6,6369.6,27,,outubro/2026
São Paulo,Parque Novo Santo Amaro,casa,venda,3908.4,2500.0,4998.8,6,,outubro/2026
São Paulo,Parque Palmas do Tremembé,casa,venda,5888.9,5247.8,7418.2,23,,outubro/2026
São Paulo,Parque Panamericano,casa,venda,3256.4,2582.0,4691.7,40,,outubro/2026
São Paulo,Parque Paulistano,casa,venda,5298.1,3980.4,6385.7,36,5.89,outubro/2026
São Paulo,Parque Paulistano,casa,aluguel,26.0,21.4,28.8,8,5.89,outubro/2026
São Paulo,Parque Penha,casa,venda,3502.9,2447.2,4106.0,27,,outubro/2026
São Paulo,Parque Peruche,casa,venda,5255.8,4000.0,7093.8,29,,outubro/2026
São Paulo,Parque Planalto,casa,venda,3964.3,2925.6,4280.3,18,,outubro/2026
São Paulo,Parque Primavera,casa,venda,3750.0,3000.0,3921.6,9,,outubro/2026
São Paulo,Parque Ramos Freitas,casa,venda,4069.7,3290.4,4969.5,30,,outubro/2026
São Paulo,Parque Rebouças,casa,venda,6130.7,5779.6,6960.7,6,,outubro/2026
São Paulo,Parque Recreio,casa,venda,1300.0,1166.7,1329.8,5,,outubro/2026
São Paulo,Parque Regina,casa,venda,3846.2,2842.6,5266.7,31,8.33,outubro/2026
São Paulo,Parque Regina,casa,aluguel,26.7,20.0,27.5,13,8.33,outubro/2026
São Paulo,Parque Residencial Cocaia,casa,venda,3280.0,2822.2,3940.0,18,,outubro/2026
São Paulo,Parque Residencial Oratório,casa,venda,4421.8,3758.3,6416.5,39,,outubro/2026
São Paulo,Parque Rodrigues Alves,casa,venda,6285.7,4435.7,7981.6,15,,outubro/2026
São Paulo,Parque Santa Amélia,casa,venda,4900.2,3406.2,5443.9,28,,outubro/2026
São Paulo,Parque Santa Madalena,casa,venda,3463.1,2645.3,4845.2,34,,outubro/2026
São Paulo,Parque Santa Rita,casa,venda,3064.6,2086.6,3825.0,18,,outubro/2026
São Paulo,Parque Santana,casa,venda,3284.2,3049.4,3459.0,6,,outubro/2026
São Paulo,Parque Santo Antônio,casa,venda,3320.0,2750.0,4000.0,21,,outubro/2026
São Paulo,Parque Santo Eduardo,casa,venda,3150.9,2242.0,3317.1,6,,outubro/2026
São Paulo,Parque São Domingos,casa,venda,6333.3,4975.0,7317.1,45,6.69,outubro/2026
São Paulo,Parque São Domingos,casa,aluguel,35.3,27.5,38.0,11,6.69,outubro/2026
São Paulo,Parque São Jorge,casa,venda,4444.4,4137.9,6046.5,13,,outubro/2026
São Paulo,Parque São José,casa,venda,2589.5,1844.7,5212.5,6,,outubro/2026
São Paulo,Parque São Luís,casa,venda,4635.2,3817.3,5932.5,36,6.21,outubro/2026
São Paulo,Parque São Luís,casa,aluguel,24.0,19.7,28.2,8,6.21,outubro/2026
São Paulo,Parque São Paulo,casa,venda,2375.0,2250.0,3062.5,5,,outubro/2026
São Paulo,Parque São Rafael,casa,venda,3357.1,2660.0,4583.3,53,6.26,outubro/2026
São Paulo,Parque São Rafael,casa,aluguel,17.5,11.5,21.0,12,6.26,outubro/2026
São Paulo,Parque Savoy City,casa,venda,4100.0,3255.7,4858.3,37,5.85,outubro/2026
São Paulo,Parque Savoy City,casa,aluguel,20.0,16.1,37.5,17,5.85,outubro/2026
São Paulo,Parque Sevilha,casa,venda,5495.0,3819.2,6770.6,27,,outubro/2026
São Paulo,Parque Sônia,casa,venda,4777.8,3989.4,5408.8,11,,outubro/2026
São Paulo,Parque Taipas,casa,venda,2732.1,2328.9,3154.1,12,,outubro/2026
São Paulo,Parque Tietê,casa,venda,3427.5,3120.5,3779.1,9,,outubro/2026
São Paulo,Parque Tomas Saraiva,casa,venda,4033.0,3205.1,5903.3,33,,outubro/2026
São Paulo,Parque Vitória,casa,venda,6394.7,4859.2,7671.8,47,5.67,outubro/2026
São Paulo,Parque Vitória,casa,aluguel,30.2,24.7,37.7,8,5.67,outubro/2026
São Paulo,Patriarca (Zona Leste),casa,venda,4980.0,4133.3,5375.0,5,,outubro/2026
São Paulo,Pedreira,casa,venda,4818.1,4486.4,5406.1,12,,outubro/2026
São Paulo,Penha de França,casa,venda,5228.8,4181.7,6603.8,200,8.15,outubro/2026
São Paulo,Penha de França,casa,aluguel,35.5,28.3,43.2,14,8.15,outubro/2026
São Paulo,Perdizes,casa,venda,8960.6,6790.1,10730.8,89,5.36,outubro/2026
São Paulo,Perdizes,casa,aluguel,40.0,34.7,54.0,24,5.36,outubro/2026
São Paulo,Perus,casa,venda,3685.9,2769.6,4620.7,24,,outubro/2026
São Paulo,Pinheiros,casa,venda,12146.9,10000.0,15909.1,49,5.93,outubro/2026
São Paulo,Pinheiros,casa,aluguel,60.0,42.8,74.6,30,5.93,outubro/2026
São Paulo,Piqueri,casa,venda,4303.8,3478.3,5814.0,25,,outubro/2026
São Paulo,Pirajussara,casa,venda,4155.4,2681.1,5000.0,8,,outubro/2026
São Paulo,Pirituba,casa,venda,5113.6,4241.1,6250.0,21,,outubro/2026
São Paulo,Planalto Paulista,casa,venda,6936.1,5410.0,8659.6,200,6.4,outubro/2026
São Paulo,Planalto Paulista,casa,aluguel,37.0,29.4,49.3,31,6.4,outubro/2026
São Paulo,Ponte Rasa,casa,venda,4913.7,3505.5,5555.6,23,,outubro/2026
São Paulo,Praça da Árvore,casa,venda,6168.3,5364.2,7347.4,20,,outubro/2026
São Paulo,Quarta Parada,casa,venda,5541.9,5047.5,6074.1,12,5.78,outubro/2026
São Paulo,Quarta Parada,casa,aluguel,26.7,25.0,31.2,5,5.78,outubro/2026
São Paulo,Quinta da Paineira,casa,venda,5814.0,4444.4,6754.8,37,,outubro/2026
São Paulo,Real Parque,casa,venda,7966.1,5720.7,10690.8,13,,outubro/2026
São Paulo,Recanto Campo Belo,casa,venda,2000.0,1510.0,2566.7,7,,outubro/2026
São Paulo,Retiro Morumbi,casa,venda,9676.5,6608.0,14697.1,8,,outubro/2026
São Paulo,Rio Pequeno,casa,venda,4135.3,3461.5,5000.0,33,,outubro/2026
São Paulo,Rolinópolis,casa,venda,5526.3,3640.8,5850.7,7,,outubro/2026
São Paulo,Sacomã,casa,venda,4240.0,3577.9,5225.0,79,6.74,outubro/2026
São Paulo,Sacomã,casa,aluguel,23.8,18.8,32.0,8,6.74,outubro/2026
São Paulo,Santa Cecília,casa,venda,6000.0,3247.5,10001.0,15,,outubro/2026
São Paulo,Santa Teresinha,casa,venda,6193.2,5375.0,7285.7,38,,outubro/2026
São Paulo,Santana,casa,venda,5979.3,4741.2,8262.3,108,6.56,outubro/2026
São Paulo,Santana,casa,aluguel,32.7,27.9,42.0,18,6.56,outubro/2026
São Paulo,Santo Amaro,casa,venda,7881.3,6159.9,10049.5,86,7.8,outubro/2026
São Paulo,Santo Amaro,casa,aluguel,51.2,41.4,59.2,24,7.8,outubro/2026
São Paulo,São João Clímaco,casa,venda,4160.7,3120.6,5083.5,26,,outubro/2026
São Paulo,São Judas,casa,venda,5745.3,5020.2,6276.8,6,,outubro/2026
São Paulo,São Lucas,casa,venda,4583.5,3541.1,6379.2,154,7.2,outubro/2026
São Paulo,São Lucas,casa,aluguel,27.5,21.9,34.6,14,7.2,outubro/2026
São Paulo,São Mateus,casa,venda,2615.4,1900.0,3909.1,9,,outubro/2026
São Paulo,São Miguel,casa,venda,5875.5,5408.6,6311.7,6,,outubro/2026
São Paulo,São Miguel Paulista,casa,venda,4689.8,3354.8,6255.7,76,,outubro/2026
São Paulo,Sapopemba,casa,venda,4152.0,2945.3,4418.2,12,6.5,outubro/2026
São Paulo,Sapopemba,casa,aluguel,22.5,18.6,25.3,11,6.5,outubro/2026
São Paulo,Saúde,casa,venda,5893.0,4810.0,7997.8,122,5.21,outubro/2026
São Paulo,Saúde,casa,aluguel,25.6,21.1,34.1,18,5.21,outubro/2026
São Paulo,Sete Praias,casa,venda,3666.7,2014.7,4100.0,13,,outubro/2026
São Paulo,Sítio da Figueira,casa,venda,4364.7,4012.5,4981.6,11,,outubro/2026
São Paulo,Sítio do Mandaqui,casa,venda,4269.7,2680.6,6443.1,6,,outubro/2026
São Paulo,Socorro,casa,venda,4910.0,4040.5,5687.0,8,,outubro/2026
São Paulo,Sumaré,casa,venda,9811.3,7960.0,12121.2,89,6.2,outubro/2026
São Paulo,Sumaré,casa,aluguel,50.7,34.9,62.4,9,6.2,outubro/2026
São Paulo,Sumarezinho,casa,venda,10391.3,8333.3,12269.9,17,,outubro/2026
São Paulo,Super Quadra Morumbi,casa,venda,7333.3,5000.0,8823.5,13,,outubro/2026
São Paulo,Taipas,casa,venda,4100.0,3575.0,5166.7,13,,outubro/2026
São Paulo,Tatuapé,casa,venda,6344.9,5000.0,8640.1,238,6.98,outubro/2026
São Paulo,Tatuapé,casa,aluguel,36.9,29.3,48.4,86,6.98,outubro/2026
São Paulo,Tremembé,casa,venda,5300.8,4245.4,6795.0,128,6.79,outubro/2026
São Paulo,Tremembé,casa,aluguel,30.0,29.2,33.8,5,6.79,outubro/2026
São Paulo,Tucuruvi,casa,venda,6100.0,4436.8,7498.8,115,,outubro/2026
São Paulo,Umarizal,casa,venda,6250.0,4522.2,6399.5,7,,outubro/2026
São Paulo,Vila Água Funda,casa,venda,3469.6,3020.4,3625.0,9,,outubro/2026
São Paulo,Vila Albertina,casa,venda,5260.0,4051.8,6539.3,100,,outubro/2026
São Paulo,Vila Alexandria,casa,venda,5190.5,4391.7,6820.7,6,,outubro/2026
São Paulo,Vila Alpina,casa,venda,5050.0,4037.5,6490.1,66,,outubro/2026
São Paulo,Vila Amália,casa,venda,4793.3,3209.6,5898.4,12,,outubro/2026
São Paulo,Vila Amélia,casa,venda,4829.3,3825.5,6966.5,6,,outubro/2026
São Paulo,Vila Anastácio,casa,venda,5681.8,3596.8,7571.4,5,,outubro/2026
São Paulo,Vila Andrade,casa,venda,6227.1,5359.7,7026.5,11,,outubro/2026
São Paulo,Vila Anglo Brasileira,casa,venda,8392.9,6288.2,11011.9,15,,outubro/2026
São Paulo,Vila Anhangüera,casa,venda,6141.3,5240.2,6808.0,9,,outubro/2026
São Paulo,Vila Antonieta,casa,venda,4735.0,3749.3,5612.7,42,,outubro/2026
São Paulo,Vila Antonina,casa,venda,5158.6,3690.5,8195.2,10,,outubro/2026
São Paulo,Vila Antônio,casa,venda,4090.9,3333.3,5095.5,17,,outubro/2026
São Paulo,Vila Araguaia,casa,venda,4625.0,2637.9,5373.1,9,,outubro/2026
São Paulo,Vila Arapuã,casa,venda,3646.3,2638.9,3666.7,5,,outubro/2026
São Paulo,Vila Aricanduva,casa,venda,5300.0,4053.6,6173.8,43,,outubro/2026
São Paulo,Vila Aurea,casa,venda,6276.2,5683.0,6654.9,10,,outubro/2026
São Paulo,Vila Aurora (Zona Norte),casa,venda,4705.9,3611.1,6475.4,45,,outubro/2026
São Paulo,Vila Babilônia,casa,venda,5851.9,4261.6,6396.5,11,,outubro/2026
São Paulo,Vila Barbosa,casa,venda,4473.1,3058.2,5734.2,58,,outubro/2026
São Paulo,Vila Beatriz,casa,venda,5749.6,5270.8,6642.9,14,,outubro/2026
São Paulo,Vila Bela,casa,venda,4855.6,3000.9,6206.1,14,5.51,outubro/2026
São Paulo,Vila Bela,casa,aluguel,22.3,21.7,23.3,5,5.51,outubro/2026
São Paulo,Vila Bertioga,casa,venda,5418.2,4710.1,7759.9,43,5.8,outubro/2026
São Paulo,Vila Bertioga,casa,aluguel,26.2,24.2,34.2,5,5.8,outubro/2026
São Paulo,Vila Brasilândia,casa,venda,4578.8,3717.4,4989.0,9,,outubro/2026
São Paulo,Vila Brasilina,casa,venda,4068.3,3236.1,5309.4,106,,outubro/2026
São Paulo,Vila Brasílio Machado,casa,venda,6091.4,4950.0,7912.0,69,,outubro/2026
São Paulo,Vila Buenos Aires,casa,venda,3621.4,3041.7,4733.0,40,8.45,outubro/2026
São Paulo,Vila Buenos Aires,casa,aluguel,25.5,22.7,26.0,5,8.45,outubro/2026
São Paulo,Vila Butantã,casa,venda,4295.7,3758.1,5185.8,14,,outubro/2026
São Paulo,Vila Cachoeira,casa,venda,2258.0,1685.7,3295.1,6,,outubro/2026
São Paulo,Vila Califórnia,casa,venda,5448.3,3294.6,6127.7,21,,outubro/2026
São Paulo,Vila Campanela,casa,venda,2575.0,2282.8,2813.0,6,,outubro/2026
São Paulo,Vila Campestre,casa,venda,4350.2,2789.1,5470.5,14,,outubro/2026
São Paulo,Vila Canero,casa,venda,7000.0,5474.9,7353.5,7,,outubro/2026
São Paulo,Vila Caraguatá,casa,venda,3666.7,3435.4,4125.0,8,,outubro/2026
São Paulo,Vila Cardoso Franco,casa,venda,2660.0,2431.6,3175.4,7,,outubro/2026
São Paulo,Vila Carioca,casa,venda,4200.0,3795.6,4416.6,9,,outubro/2026
São Paulo,Vila Carmosina,casa,venda,3861.6,2758.5,4812.5,24,8.61,outubro/2026
São Paulo,Vila Carmosina,casa,aluguel,27.7,25.0,35.0,5,8.61,outubro/2026
São Paulo,Vila Carolina,casa,venda,5500.0,4464.3,5740.7,5,,outubro/2026
São Paulo,Vila Carrão,casa,venda,6012.7,4609.5,7600.0,355,7.5,outubro/2026
São Paulo,Vila Carrão,casa,aluguel,37.6,29.3,50.9,24,7.5,outubro/2026
São Paulo,Vila Clementino,casa,venda,8260.9,6666.7,10927.0,145,6.96,outubro/2026
São Paulo,Vila Clementino,casa,aluguel,47.9,40.1,60.0,52,6.96,outubro/2026
São Paulo,Vila Congonhas,casa,venda,8076.9,7307.7,10600.0,9,4.75,outubro/2026
São Paulo,Vila Congonhas,casa,aluguel,32.0,20.8,33.3,5,4.75,outubro/2026
São Paulo,Vila Constança,casa,venda,5000.0,4392.4,5967.8,62,,outubro/2026
São Paulo,Vila Cordeiro,casa,venda,8000.0,6540.3,10504.9,47,5.87,outubro/2026
São Paulo,Vila Cordeiro,casa,aluguel,39.1,37.5,52.9,9,5.87,outubro/2026
São Paulo,Vila Cosmopolita,casa,venda,2675.7,2147.3,4250.8,6,,outubro/2026
São Paulo,Vila Costa Melo,casa,venda,4684.7,3518.2,5458.3,64,,outubro/2026
São Paulo,Vila Cruzeiro,casa,venda,6596.6,4686.2,7274.2,14,,outubro/2026
São Paulo,Vila Curuçá,casa,venda,4857.3,3929.8,6148.9,18,,outubro/2026
São Paulo,Vila da Saúde,casa,venda,5892.9,4618.3,7386.4,39,,outubro/2026
São Paulo,Vila Dalila,casa,venda,5100.0,4506.8,6597.9,14,,outubro/2026
São Paulo,Vila Dalva,casa,venda,3120.0,2773.8,4640.0,21,,outubro/2026
São Paulo,Vila das Belezas,casa,venda,5100.0,4230.8,5375.0,5,,outubro/2026
São Paulo,Vila das Mercês,casa,venda,4136.4,3526.2,5210.6,43,,outubro/2026
São Paulo,Vila Deodoro,casa,venda,7262.6,6101.6,7603.0,11,,outubro/2026
São Paulo,Vila Diva,casa,venda,4603.2,3690.5,5546.7,6,,outubro/2026
São Paulo,Vila Diva (Zona Leste),casa,venda,4901.5,4033.0,6213.3,8,,outubro/2026
São Paulo,Vila Divina Pastora,casa,venda,6000.0,4666.7,6381.0,5,,outubro/2026
São Paulo,Vila do Bosque,casa,venda,6030.3,5714.3,7214.6,10,,outubro/2026
São Paulo,Vila do Castelo,casa,venda,4504.2,3758.2,5277.7,6,,outubro/2026
São Paulo,Vila do Encontro,casa,venda,4807.5,4132.0,5205.0,16,,outubro/2026
São Paulo,Vila Dom Pedro I,casa,venda,6416.7,5240.3,7863.9,39,5.78,outubro/2026
São Paulo,Vila Dom Pedro I,casa,aluguel,30.9,28.3,31.8,5,5.78,outubro/2026
São Paulo,Vila Dom Pedro II,casa,venda,6125.0,4829.2,7522.0,39,,outubro/2026
São Paulo,Vila Domitila,casa,venda,4928.6,4428.6,5933.3,9,,outubro/2026
São Paulo,Vila dos Remédios,casa,venda,4125.0,3806.6,5000.0,9,,outubro/2026
São Paulo,Vila Ede,casa,venda,5634.5,4888.1,6289.5,13,,outubro/2026
São Paulo,Vila Ema,casa,venda,4666.7,3725.0,5872.7,103,6.99,outubro/2026
São Paulo,Vila Ema,casa,aluguel,27.2,20.6,29.6,7,6.99,outubro/2026
São Paulo,Vila Esperança,casa,venda,5602.8,4461.5,6666.7,41,,outubro/2026
São Paulo,Vila Ester (Zona Norte),casa,venda,5583.8,5177.8,8076.9,12,,outubro/2026
São Paulo,Vila Euthalia,casa,venda,5000.0,4966.7,5954.5,5,,outubro/2026
São Paulo,Vila Feliz,casa,venda,5183.8,3222.7,6582.3,10,,outubro/2026
São Paulo,Vila Fernandes,casa,venda,4940.7,3348.7,5922.5,7,,outubro/2026
São Paulo,Vila Firmiano Pinto,casa,venda,6178.6,5038.8,7424.2,41,4.8,outubro/2026
São Paulo,Vila Firmiano Pinto,casa,aluguel,24.7,24.0,27.3,5,4.8,outubro/2026
São Paulo,Vila Formosa,casa,venda,5095.5,3808.6,6574.5,351,5.89,outubro/2026
São Paulo,Vila Formosa,casa,aluguel,25.0,21.1,31.5,60,5.89,outubro/2026
São Paulo,Vila Franci,casa,venda,3615.4,3431.4,3750.0,9,,outubro/2026
São Paulo,Vila Germinal,casa,venda,5235.8,4599.5,6628.9,18,,outubro/2026
São Paulo,Vila Gomes,casa,venda,5552.4,4848.2,6932.3,16,,outubro/2026
São Paulo,Vila Gomes Cardim,casa,venda,7215.7,5981.5,8866.9,62,6.65,outubro/2026
São Paulo,Vila Gomes Cardim,casa,aluguel,40.0,28.4,53.2,29,6.65,outubro/2026
São Paulo,Vila Graciosa,casa,venda,4722.2,3669.2,5029.4,5,,outubro/2026
São Paulo,Vila Granada,casa,venda,5058.1,3771.2,6057.7,51,,outubro/2026
São Paulo,Vila Guaca,casa,venda,4832.6,4058.4,6437.4,38,,outubro/2026
São Paulo,Vila Guacuri,casa,venda,2591.6,2087.5,3860.0,8,,outubro/2026
São Paulo,Vila Guarani (Zona Sul),casa,venda,5148.5,4250.0,6521.7,73,4.92,outubro/2026
São Paulo,Vila Guarani (Zona Sul),casa,aluguel,21.1,18.7,29.4,7,4.92,outubro/2026
São Paulo,Vila Guilherme,casa,venda,5459.8,4347.4,7005.5,66,,outubro/2026
São Paulo,Vila Guilhermina,casa,venda,5651.3,5180.5,7098.0,24,,outubro/2026
São Paulo,Vila Gumercindo,casa,venda,5800.2,4750.4,8265.7,126,6.39,outubro/2026
São Paulo,Vila Gumercindo,casa,aluguel,30.9,25.1,36.4,14,6.39,outubro/2026
São Paulo,Vila Gustavo,casa,venda,5633.3,3750.0,6619.7,57,,outubro/2026
São Paulo,Vila Ida,casa,venda,9876.5,8000.0,11502.3,21,,outubro/2026
São Paulo,Vila Inah,casa,venda,7991.4,4465.0,8312.3,7,,outubro/2026
São Paulo,Vila Independência,casa,venda,4370.4,3733.6,5000.0,25,,outubro/2026
São Paulo,Vila Indiana,casa,venda,4830.9,4121.4,5914.8,10,,outubro/2026
São Paulo,Vila Industrial,casa,venda,3660.7,2600.0,4838.7,29,,outubro/2026
São Paulo,Vila Invernada,casa,venda,5261.8,4164.0,7101.1,56,,outubro/2026
São Paulo,Vila Ipojuca,casa,venda,7352.9,5699.6,8838.4,24,,outubro/2026
São Paulo,Vila Irmãos Arnoni,casa,venda,5079.4,4154.9,6840.9,39,,outubro/2026
São Paulo,Vila Isa,casa,venda,4827.0,3978.8,5479.2,6,,outubro/2026
São Paulo,Vila Isolina Mazzei,casa,venda,6315.8,4587.2,7000.0,33,,outubro/2026
São Paulo,Vila Ivg,casa,venda,4234.9,3287.0,7234.4,8,,outubro/2026
São Paulo,Vila Ivone,casa,venda,4378.7,3304.1,5500.0,16,,outubro/2026
São Paulo,Vila Jacuí,casa,venda,3722.2,3055.6,5862.1,17,,outubro/2026
São Paulo,Vila Jaguara,casa,venda,4028.0,3178.8,4663.7,15,,outubro/2026
São Paulo,Vila Lageado,casa,venda,5089.5,4534.1,6000.0,18,,outubro/2026
São Paulo,Vila Laís,casa,venda,5057.6,4147.3,6274.9,18,5.43,outubro/2026
São Paulo,Vila Laís,casa,aluguel,22.9,21.2,30.7,5,5.43,outubro/2026
São Paulo,Vila Leonor,casa,venda,4032.4,3746.1,4250.0,6,,outubro/2026
São Paulo,Vila Leopoldina,casa,venda,6624.2,5472.2,9245.8,14,,outubro/2026
São Paulo,Vila Libanesa,casa,venda,3580.9,2862.5,4880.1,20,,outubro/2026
São Paulo,Vila Liviero,casa,venda,3741.4,3286.9,4267.6,18,,outubro/2026
São Paulo,Vila Londrina,casa,venda,4177.1,3469.0,4340.6,12,,outubro/2026
São Paulo,Vila Lúcia,casa,venda,6461.5,4739.2,8556.6,11,,outubro/2026
São Paulo,Vila Madalena,casa,venda,10747.8,8134.9,13422.1,220,5.98,outubro/2026
São Paulo,Vila Madalena,casa,aluguel,53.6,38.9,92.3,29,5.98,outubro/2026
São Paulo,Vila Mafra,casa,venda,5669.6,4100.0,7102.6,19,,outubro/2026
São Paulo,Vila Maracanã,casa,venda,3598.5,3066.0,4427.0,10,,outubro/2026
São Paulo,Vila Marari,casa,venda,4741.4,3761.1,6167.1,71,,outubro/2026
São Paulo,Vila Margarida,casa,venda,4494.4,2614.4,5999.4,7,,outubro/2026
São Paulo,Vila Maria,casa,venda,4964.3,4500.0,5978.3,13,,outubro/2026
São Paulo,Vila Maria Alta,casa,venda,5296.6,4019.9,7071.1,43,,outubro/2026
São Paulo,Vila Mariana,casa,venda,8406.2,6422.0,10772.9,360,5.97,outubro/2026
São Paulo,Vila Mariana,casa,aluguel,41.8,35.2,53.3,122,5.97,outubro/2026
São Paulo,Vila Marieta,casa,venda,4444.4,3625.0,5977.0,29,,outubro/2026
São Paulo,Vila Mariza Mazzei,casa,venda,5860.0,5198.5,6236.8,6,,outubro/2026
São Paulo,Vila Marte,casa,venda,4260.0,3756.9,4630.1,7,,outubro/2026
São Paulo,Vila Mascote,casa,venda,5300.0,4521.3,7533.3,13,8.24,outubro/2026
São Paulo,Vila Mascote,casa,aluguel,36.4,33.5,41.9,6,8.24,outubro/2026
São Paulo,Vila Matilde,casa,venda,4956.7,4079.6,6071.2,92,,outubro/2026
São Paulo,Vila Mazzei,casa,venda,5221.8,3989.3,6474.0,99,7.88,outubro/2026
São Paulo,Vila Mazzei,casa,aluguel,34.3,27.4,44.0,8,7.88,outubro/2026
São Paulo,Vila Medeiros,casa,venda,4611.1,4000.0,6421.1,73,,outubro/2026
São Paulo,Vila Mesquita,casa,venda,3282.4,3235.3,3714.3,5,,outubro/2026
São Paulo,Vila Moinho Velho,casa,venda,4907.4,3908.4,6212.4,88,5.62,outubro/2026
São Paulo,Vila Moinho Velho,casa,aluguel,23.0,19.6,28.9,10,5.62,outubro/2026
São Paulo,Vila Monte Alegre,casa,venda,5305.0,4295.7,7149.6,12,,outubro/2026
São Paulo,Vila Monte Santo,casa,venda,3316.7,2400.0,4767.9,7,,outubro/2026
São Paulo,Vila Monumento,casa,venda,5020.8,4138.9,7048.4,115,6.91,outubro/2026
São Paulo,Vila Monumento,casa,aluguel,28.9,24.1,43.5,15,6.91,outubro/2026
São Paulo,Vila Moraes,casa,venda,4155.5,3125.0,4969.2,52,,outubro/2026
São Paulo,Vila Moreira,casa,venda,5400.0,3901.1,6531.2,6,,outubro/2026
São Paulo,Vila Morse,casa,venda,5000.0,4000.0,6800.0,13,,outubro/2026
São Paulo,Vila Morumbi,casa,venda,11411.7,9050.5,11508.3,7,,outubro/2026
São Paulo,Vila Nair,casa,venda,5323.1,4037.0,6782.4,43,,outubro/2026
São Paulo,Vila Natália,casa,venda,3774.4,3176.0,4608.7,8,,outubro/2026
São Paulo,Vila Nhocune,casa,venda,4500.0,3743.8,5805.1,77,,outubro/2026
São Paulo,Vila Nilo,casa,venda,5592.1,4084.1,6320.2,20,,outubro/2026
São Paulo,Vila Nivi,casa,venda,7053.6,4523.8,8500.0,37,,outubro/2026
São Paulo,Vila Noca,casa,venda,4726.4,4059.5,5199.0,7,,outubro/2026
São Paulo,Vila Norma,casa,venda,4462.4,3681.2,5810.0,6,,outubro/2026
São Paulo,Vila Nova,casa,venda,3982.3,3556.7,4900.8,7,,outubro/2026
São Paulo,Vila Nova Alba,casa,venda,3528.5,2671.7,3881.6,10,,outubro/2026
São Paulo,Vila Nova Carolina,casa,venda,4850.7,3850.0,6246.8,23,,outubro/2026
São Paulo,Vila Nova Conceição,casa,venda,16379.3,13000.0,18000.0,21,5.49,outubro/2026
São Paulo,Vila Nova Conceição,casa,aluguel,75.0,53.6,83.1,7,5.49,outubro/2026
São Paulo,Vila Nova Curuçá,casa,venda,4019.0,3226.9,4419.9,6,,outubro/2026
São Paulo,Vila Nova Galvão,casa,venda,2734.4,2237.5,3859.9,16,,outubro/2026
São Paulo,Vila Nova Jaraguá,casa,venda,2960.0,2580.0,3200.0,5,,outubro/2026
São Paulo,Vila Nova Manchester,casa,venda,4740.4,4030.1,5259.1,20,,outubro/2026
São Paulo,Vila Nova Mazzei,casa,venda,4845.9,3958.3,6023.8,68,,outubro/2026
São Paulo,Vila Nova Savoia,casa,venda,3687.4,3262.5,4546.1,6,,outubro/2026
São Paulo,Vila Olímpia,casa,venda,10969.1,7819.9,15743.1,28,8.73,outubro/2026
São Paulo,Vila Olímpia,casa,aluguel,79.8,63.0,85.0,7,8.73,outubro/2026
São Paulo,Vila Olinda,casa,venda,5102.7,4214.3,6000.0,13,,outubro/2026
São Paulo,Vila Oratório,casa,venda,5301.2,5125.0,6857.1,13,,outubro/2026
São Paulo,Vila Paiva,casa,venda,7587.5,6018.1,8019.4,15,,outubro/2026
São Paulo,Vila Paranaguá,casa,venda,4809.0,3951.2,6084.7,23,,outubro/2026
São Paulo,Vila Parque Jabaquara,casa,venda,4785.7,3895.3,5891.9,63,5.99,outubro/2026
São Paulo,Vila Parque Jabaquara,casa,aluguel,23.9,20.0,31.0,11,5.99,outubro/2026
São Paulo,Vila Paulicéia,casa,venda,6306.9,5346.4,7027.7,24,,outubro/2026
São Paulo,Vila Paulistana,casa,venda,4455.8,3840.5,4823.5,12,,outubro/2026
São Paulo,Vila Pedra Branca,casa,venda,5953.5,5432.3,6793.7,7,,outubro/2026
São Paulo,Vila Penteado,casa,venda,3850.0,3258.8,4074.1,5,,outubro/2026
São Paulo,Vila Pereira Barreto,casa,venda,4994.6,4157.7,5898.7,66,,outubro/2026
São Paulo,Vila Pierina,casa,venda,6122.4,4761.9,8039.2,9,,outubro/2026
São Paulo,Vila Pirajussara,casa,venda,5933.4,4700.0,6748.2,18,5.22,outubro/2026
São Paulo,Vila Pirajussara,casa,aluguel,25.8,17.7,31.9,7,5.22,outubro/2026
São Paulo,Vila Polopoli,casa,venda,5640.9,5182.9,6802.3,28,7.34,outubro/2026
São Paulo,Vila Polopoli,casa,aluguel,34.5,34.5,35.0,5,7.34,outubro/2026
São Paulo,Vila Pompeia,casa,venda,8780.4,6630.4,11158.3,48,4.1,outubro/2026
São Paulo,Vila Pompeia,casa,aluguel,30.0,30.0,41.2,7,4.1,outubro/2026
São Paulo,Vila Ponte Rasa,casa,venda,4458.3,3625.0,5795.5,12,,outubro/2026
São Paulo,Vila Portugal,casa,venda,4615.6,3353.3,5266.5,14,,outubro/2026
São Paulo,Vila Praia,casa,venda,4285.7,3750.0,5416.7,9,,outubro/2026
São Paulo,Vila Primavera,casa,venda,4689.0,4059.5,5421.6,16,,outubro/2026
São Paulo,Vila Princesa Isabel,casa,aluguel,18.1,15.0,19.0,5,,outubro/2026
São Paulo,Vila Progredior,casa,venda,5245.8,5019.8,6623.4,10,11.44,outubro/2026
São Paulo,Vila Progredior,casa,aluguel,50.0,35.0,70.2,10,11.44,outubro/2026
São Paulo,Vila Progresso,casa,venda,4102.6,2890.2,4334.6,11,,outubro/2026
São Paulo,Vila Prudente,casa,venda,5698.7,4456.7,7053.1,156,6.51,outubro/2026
São Paulo,Vila Prudente,casa,aluguel,30.9,21.3,40.7,22,6.51,outubro/2026
São Paulo,Vila Ré,casa,venda,5602.3,4498.0,6762.5,72,,outubro/2026
São Paulo,Vila Regente Feijó,casa,venda,6153.8,5130.3,7669.7,63,6.9,outubro/2026
São Paulo,Vila Regente Feijó,casa,aluguel,35.4,23.1,39.2,23,6.9,outubro/2026
São Paulo,Vila Rica,casa,venda,3702.5,2773.5,4750.0,18,,outubro/2026
São Paulo,Vila Rio Branco,casa,venda,4760.4,3633.3,5433.9,10,,outubro/2026
São Paulo,Vila Romana,casa,venda,8670.4,7064.7,9430.4,28,,outubro/2026
São Paulo,Vila Romero,casa,venda,6060.5,4933.7,6990.8,16,,outubro/2026
São Paulo,Vila Roque,casa,venda,5666.7,4775.1,6081.2,7,,outubro/2026
São Paulo,Vila Rosa,casa,venda,4611.1,3590.4,5463.9,7,,outubro/2026
São Paulo,Vila Rui Barbosa,casa,venda,5928.6,3950.0,6250.0,9,,outubro/2026
São Paulo,Vila Sabrina,casa,venda,4750.0,4621.5,4822.9,7,,outubro/2026
São Paulo,Vila Salete,casa,venda,5907.8,4380.3,6347.6,24,,outubro/2026
São Paulo,Vila Santa Catarina,casa,venda,4830.9,4238.5,5666.7,25,,outubro/2026
São Paulo,Vila Santa Clara,casa,venda,5317.3,4274.6,7013.4,36,,outubro/2026
São Paulo,Vila Santa Isabel,casa,venda,6516.7,4923.6,7528.3,54,,outubro/2026
São Paulo,Vila Santa Maria,casa,venda,3728.8,2738.1,4000.0,5,,outubro/2026
São Paulo,Vila Santa Teresa (Zona Leste),casa,venda,4571.4,4137.9,5730.3,9,,outubro/2026
São Paulo,Vila Santa Terezinha,casa,venda,5550.7,3552.3,7425.3,20,,outubro/2026
São Paulo,Vila Santana,casa,venda,4697.0,3512.5,5062.5,15,,outubro/2026
São Paulo,Vila Santo Estéfano,casa,venda,4900.0,3784.2,5824.7,28,,outubro/2026
São Paulo,Vila Santo Estevão,casa,venda,5034.7,4843.8,7291.7,9,,outubro/2026
São Paulo,Vila Santos,casa,venda,4211.2,3962.2,4646.0,6,,outubro/2026
São Paulo,Vila São Francisco,casa,venda,6000.0,5146.1,7352.9,129,6.42,outubro/2026
São Paulo,Vila São Francisco,casa,aluguel,32.1,30.5,35.4,11,6.42,outubro/2026
São Paulo,Vila São Geraldo,casa,venda,6000.0,5235.3,6657.1,33,,outubro/2026
São Paulo,Vila São José (Ipiranga),casa,venda,4571.4,3869.7,6000.0,29,,outubro/2026
São Paulo,Vila São Luís (Zona Oeste),casa,venda,5213.1,4600.0,5850.0,5,,outubro/2026
São Paulo,Vila São Silvestre,casa,venda,6428.6,5041.5,7193.5,25,,outubro/2026
São Paulo,Vila Sílvia,casa,venda,3614.1,2585.2,4717.9,12,,outubro/2026
São Paulo,Vila Siqueira (Zona Norte),casa,venda,5038.5,4545.1,6240.5,31,,outubro/2026
São Paulo,Vila Sônia,casa,venda,5455.9,4566.6,6244.8,52,9.11,outubro/2026
São Paulo,Vila Sônia,casa,aluguel,41.4,33.0,49.5,12,9.11,outubro/2026
São Paulo,Vila Suzana,casa,venda,5410.8,3818.1,6441.7,15,,outubro/2026
São Paulo,Vila Talarico,casa,venda,4891.3,4370.4,5700.0,17,,outubro/2026
São Paulo,Vila Taquari,casa,venda,3833.3,3574.7,4765.6,7,,outubro/2026
São Paulo,Vila Tiradentes,casa,venda,5500.0,4369.4,6073.5,19,,outubro/2026
São Paulo,Vila Tolstoi,casa,venda,4252.0,3721.4,5346.1,19,,outubro/2026
São Paulo,Vila Tramontano,casa,venda,6884.6,6087.0,7000.0,5,,outubro/2026
São Paulo,Vila União (Zona Leste),casa,venda,6632.8,3467.5,7021.0,7,,outubro/2026
São Paulo,Vila Universitária,casa,venda,4539.5,2976.2,5876.8,21,,outubro/2026
São Paulo,Vila Vasconcelos,casa,venda,4000.0,3991.1,4600.0,5,,outubro/2026
São Paulo,Vila Vera,casa,venda,3824.0,3247.7,5799.5,27,,outubro/2026
São Paulo,Vila Zelina,casa,venda,6128.0,4828.9,7943.9,13,,outubro/2026
São Paulo,Aclimação,apartamento,venda,9583.3,7514.7,13354.2,447,7.35,outubro/2026
São Paulo,Aclimação,apartamento,aluguel,58.7,42.4,76.9,71,7.35,outubro/2026
São Paulo,Aeroporto,apartamento,venda,7272.7,6459.5,8338.2,7,,outubro/2026
São Paulo,Água Branca,apartamento,venda,12750.0,9464.3,16088.7,139,6.53,outubro/2026
São Paulo,Água Branca,apartamento,aluguel,69.4,51.3,82.8,37,6.53,outubro/2026
São Paulo,Água Fria,apartamento,venda,8293.8,6666.7,9766.2,124,7.89,outubro/2026
São Paulo,Água Fria,apartamento,aluguel,54.5,38.5,70.2,19,7.89,outubro/2026
São Paulo,Água Funda,apartamento,venda,5410.4,4879.0,6225.2,6,,outubro/2026
São Paulo,Água Rasa,apartamento,venda,9150.2,7367.8,11344.3,54,5.6,outubro/2026
São Paulo,Água Rasa,apartamento,aluguel,42.7,35.6,56.9,26,5.6,outubro/2026
São Paulo,Alto da Boa Vista,apartamento,venda,11897.4,9022.7,13779.2,82,5.98,outubro/2026
São Paulo,Alto da Boa Vista,apartamento,aluguel,59.3,37.0,94.4,43,5.98,outubro/2026
São Paulo,Alto da Lapa,apartamento,venda,13078.3,10305.1,15833.3,110,6.12,outubro/2026
São Paulo,Alto da Lapa,apartamento,aluguel,66.7,53.9,83.5,33,6.12,outubro/2026
São Paulo,Alto da Mooca,apartamento,venda,9807.7,7428.6,13253.0,113,6.96,outubro/2026
São Paulo,Alto da Mooca,apartamento,aluguel,56.9,35.8,71.1,24,6.96,outubro/2026
São Paulo,Alto de Pinheiros,apartamento,venda,17715.2,11857.1,24882.6,117,5.73,outubro/2026
São Paulo,Alto de Pinheiros,apartamento,aluguel,84.6,57.5,130.7,27,5.73,outubro/2026
São Paulo,Alto de Santana,apartamento,venda,9354.8,7090.9,13211.4,37,,outubro/2026
São Paulo,Alto do Pari,apartamento,venda,8396.2,7187.2,10118.9,31,,outubro/2026
São Paulo,Altos de Vila Prudente,apartamento,venda,7086.3,5800.0,7916.7,9,,outubro/2026
São Paulo,Americanópolis,apartamento,venda,6548.5,5814.2,7274.3,18,,outubro/2026
São Paulo,Aricanduva,apartamento,venda,6555.6,5540.0,8122.2,41,8.33,outubro/2026
São Paulo,Aricanduva,apartamento,aluguel,45.5,38.6,46.8,8,8.33,outubro/2026
São Paulo,Artur Alvim,apartamento,venda,5945.9,5044.4,6845.4,23,7.91,outubro/2026
São Paulo,Artur Alvim,apartamento,aluguel,39.2,26.7,46.1,25,7.91,outubro/2026
São Paulo,Barra Funda,apartamento,venda,11869.9,9108.0,13590.6,171,7.0,outubro/2026
São Paulo,Barra Funda,apartamento,aluguel,69.2,60.5,83.5,48,7.0,outubro/2026
São Paulo,Barro Branco (Zona Norte),apartamento,venda,6147.1,5104.9,8154.6,38,9.19,outubro/2026
São Paulo,Barro Branco (Zona Norte),apartamento,aluguel,47.1,34.2,58.2,9,9.19,outubro/2026
São Paulo,Bela Aliança,apartamento,venda,12244.9,10126.6,14579.2,69,5.5,outubro/2026
São Paulo,Bela Aliança,apartamento,aluguel,56.1,48.5,64.0,19,5.5,outubro/2026
São Paulo,Bela Vista,apartamento,venda,9677.4,7436.0,13327.8,726,7.44,outubro/2026
São Paulo,Bela Vista,apartamento,aluguel,60.0,43.4,81.4,184,7.44,outubro/2026
São Paulo,Belém,apartamento,venda,10634.3,9124.5,13203.2,76,6.34,outubro/2026
São Paulo,Belém,apartamento,aluguel,56.2,49.8,66.8,40,6.34,outubro/2026
São Paulo,Belenzinho,apartamento,venda,10000.0,8000.0,11851.9,121,7.02,outubro/2026
São Paulo,Belenzinho,apartamento,aluguel,58.5,37.7,75.0,45,7.02,outubro/2026
São Paulo,Boaçava,apartamento,venda,12833.7,10179.6,16666.5,14,7.01,outubro/2026
São Paulo,Boaçava,apartamento,aluguel,75.0,66.6,87.0,8,7.01,outubro/2026
São Paulo,Bom Retiro,apartamento,venda,8086.5,5464.7,10193.5,52,8.96,outubro/2026
São Paulo,Bom Retiro,apartamento,aluguel,60.4,48.4,68.7,11,8.96,outubro/2026
São Paulo,Bortolândia,apartamento,venda,7666.7,7312.8,7878.8,5,,outubro/2026
São Paulo,Bosque da Saúde,apartamento,venda,9269.7,7700.8,11693.1,156,5.85,outubro/2026
São Paulo,Bosque da Saúde,apartamento,aluguel,45.2,38.0,62.3,27,5.85,outubro/2026
São Paulo,Brás,apartamento,venda,8633.3,6659.1,10587.6,164,7.83,outubro/2026
São Paulo,Brás,apartamento,aluguel,56.3,49.1,64.0,50,7.83,outubro/2026
São Paulo,Brasilândia,apartamento,venda,5900.0,4488.4,7317.1,25,8.62,outubro/2026
São Paulo,Brasilândia,apartamento,aluguel,42.4,39.2,60.5,6,8.62,outubro/2026
São Paulo,Bresser,apartamento,venda,8560.7,6509.5,9149.7,7,,outubro/2026
São Paulo,Brooklin,apartamento,venda,16183.5,12694.7,19304.7,396,7.13,outubro/2026
São Paulo,Brooklin,apartamento,aluguel,96.2,77.8,116.1,123,7.13,outubro/2026
São Paulo,Brooklin Novo,apartamento,venda,15128.3,11705.9,18453.0,130,6.24,outubro/2026
São Paulo,Brooklin Novo,apartamento,aluguel,78.7,58.3,108.4,36,6.24,outubro/2026
São Paulo,Brooklin Paulista,apartamento,venda,16060.6,11622.8,19451.4,279,6.58,outubro/2026
São Paulo,Brooklin Paulista,apartamento,aluguel,88.1,69.2,106.5,84,6.58,outubro/2026
São Paulo,Burgo Paulista,apartamento,venda,7651.9,6771.5,8223.1,16,6.34,outubro/2026
São Paulo,Burgo Paulista,apartamento,aluguel,40.4,40.0,41.9,6,6.34,outubro/2026
São Paulo,Butantã,apartamento,venda,9576.1,7288.6,13125.0,350,9.01,outubro/2026
São Paulo,Butantã,apartamento,aluguel,71.9,45.9,102.4,106,9.01,outubro/2026
São Paulo,Cachoeirinha,apartamento,venda,5700.0,5264.7,6428.6,25,,outubro/2026
São Paulo,Cambuci,apartamento,venda,7740.9,6323.1,9654.0,268,8.29,outubro/2026
São Paulo,Cambuci,apartamento,aluguel,53.5,47.4,64.1,40,8.29,outubro/2026
São Paulo,Campininha,apartamento,venda,9106.7,7857.1,9827.6,29,7.75,outubro/2026
São Paulo,Campininha,apartamento,aluguel,58.8,54.2,67.3,6,7.75,outubro/2026
São Paulo,Campo Belo,apartamento,venda,13284.1,10000.0,17636.6,530,6.64,outubro/2026
São Paulo,Campo Belo,apartamento,aluguel,73.5,52.5,97.0,131,6.64,outubro/2026
São Paulo,Campo Grande,apartamento,venda,8752.1,7538.3,10323.4,16,6.86,outubro/2026
São Paulo,Campo Grande,apartamento,aluguel,50.0,41.9,59.9,24,6.86,outubro/2026
São Paulo,Campo Limpo,apartamento,venda,6393.9,5526.5,7914.1,62,6.72,outubro/2026
São Paulo,Campo Limpo,apartamento,aluguel,35.8,32.7,41.1,12,6.72,outubro/2026
São Paulo,Campos Eliseos,apartamento,venda,7236.8,5972.0,9233.0,71,8.66,outubro/2026
São Paulo,Campos Eliseos,apartamento,aluguel,52.2,33.3,70.0,21,8.66,outubro/2026
São Paulo,Cangaíba,apartamento,venda,6162.2,5748.8,6911.8,45,6.17,outubro/2026
São Paulo,Cangaíba,apartamento,aluguel,31.7,25.8,35.6,20,6.17,outubro/2026
São Paulo,Canindé,apartamento,venda,7428.6,6555.0,8289.5,25,,outubro/2026
São Paulo,Cantinho do Céu,apartamento,venda,18604.7,10512.5,22625.0,7,,outubro/2026
São Paulo,Capão Redondo,apartamento,venda,5760.0,5107.1,6463.7,18,7.52,outubro/2026
São Paulo,Capão Redondo,apartamento,aluguel,36.1,35.0,41.8,8,7.52,outubro/2026
São Paulo,Carandiru,apartamento,venda,9720.2,8295.7,10588.9,38,6.02,outubro/2026
São Paulo,Carandiru,apartamento,aluguel,48.8,44.4,57.0,11,6.02,outubro/2026
São Paulo,Casa Verde,apartamento,venda,9560.8,7814.9,11672.3,54,5.62,outubro/2026
São Paulo,Casa Verde,apartamento,aluguel,44.8,38.5,76.8,14,5.62,outubro/2026
São Paulo,Casa Verde Alta,apartamento,venda,5746.9,5381.7,6769.4,24,8.29,outubro/2026
São Paulo,Casa Verde Alta,apartamento,aluguel,39.7,29.1,51.4,5,8.29,outubro/2026
São Paulo,Casa Verde Baixa,apartamento,venda,8144.5,7415.6,9028.6,8,,outubro/2026
São Paulo,Casa Verde Média,apartamento,venda,7604.2,7243.4,8122.7,15,,outubro/2026
São Paulo,Catumbi,apartamento,venda,9692.3,7945.2,11230.8,37,4.42,outubro/2026
São Paulo,Catumbi,apartamento,aluguel,35.7,31.5,42.4,8,4.42,outubro/2026
São Paulo,Caxingui,apartamento,venda,10775.9,8448.4,12119.9,23,,outubro/2026
São Paulo,Centro,apartamento,venda,9685.5,6304.9,12919.6,130,8.26,outubro/2026
São Paulo,Centro,apartamento,aluguel,66.7,52.4,81.4,31,8.26,outubro/2026
São Paulo,Cerqueira César,apartamento,venda,18159.0,12416.0,26045.5,282,5.5,outubro/2026
São Paulo,Cerqueira César,apartamento,aluguel,83.2,55.8,125.2,112,5.5,outubro/2026
São Paulo,Chácara Belenzinho,apartamento,venda,7058.8,6210.3,8701.9,39,7.74,outubro/2026
São Paulo,Chácara Belenzinho,apartamento,aluguel,45.5,41.6,51.5,16,7.74,outubro/2026
São Paulo,Chácara Califórnia,apartamento,venda,8833.3,7500.0,10365.9,85,7.36,outubro/2026
São Paulo,Chácara Califórnia,apartamento,aluguel,54.2,40.8,79.7,30,7.36,outubro/2026
São Paulo,Chácara Cruzeiro do Sul,apartamento,venda,6828.6,6135.9,7617.3,23,5.52,outubro/2026
São Paulo,Chácara Cruzeiro do Sul,apartamento,aluguel,31.4,24.3,34.0,9,5.52,outubro/2026
São Paulo,Chácara do Encosto,apartamento,venda,7241.9,6827.1,9762.2,23,6.1,outubro/2026
São Paulo,Chácara do Encosto,apartamento,aluguel,36.8,28.2,40.3,5,6.1,outubro/2026
São Paulo,Chácara Flora,apartamento,venda,9662.5,8122.5,11758.1,16,9.29,outubro/2026
São Paulo,Chácara Flora,apartamento,aluguel,74.8,57.1,82.3,16,9.29,outubro/2026
São Paulo,Chácara Gaivotas,apartamento,venda,15909.1,12429.9,17387.0,9,,outubro/2026
São Paulo,Chácara Inglesa,apartamento,venda,10581.6,8647.3,13369.0,186,6.91,outubro/2026
São Paulo,Chácara Inglesa,apartamento,aluguel,60.9,43.6,71.2,33,6.91,outubro/2026
São Paulo,Chácara Itaim,apartamento,venda,23866.6,20461.2,29108.4,24,,outubro/2026
São Paulo,Chácara Klabin,apartamento,venda,14408.5,12030.7,17306.9,210,6.33,outubro/2026
São Paulo,Chácara Klabin,apartamento,aluguel,76.0,59.9,97.7,56,6.33,outubro/2026
São Paulo,Chácara Mafalda,apartamento,venda,7500.0,6632.7,8139.5,25,6.18,outubro/2026
São Paulo,Chácara Mafalda,apartamento,aluguel,38.6,34.3,54.2,11,6.18,outubro/2026
São Paulo,Chácara Maria Trindade,apartamento,venda,5000.0,3279.6,5673.5,26,7.63,outubro/2026
São Paulo,Chácara Maria Trindade,apartamento,aluguel,31.8,30.4,32.7,7,7.63,outubro/2026
São Paulo,Chácara Nossa Senhora do Bom Conselho,apartamento,venda,6250.0,5803.8,8349.4,23,9.04,outubro/2026
São Paulo,Chácara Nossa Senhora do Bom Conselho,apartamento,aluguel,47.1,43.7,48.6,7,9.04,outubro/2026
São Paulo,Chácara Santa Etelvina,apartamento,venda,3125.0,2946.4,3636.4,17,,outubro/2026
São Paulo,Chácara Santa Maria,apartamento,venda,4315.5,3658.7,4888.6,20,,outubro/2026
São Paulo,Chácara Santana,apartamento,venda,8699.2,6727.3,10750.0,29,,outubro/2026
São Paulo,Chácara Santo Amaro,apartamento,venda,10863.6,10248.6,13669.4,11,,outubro/2026
São Paulo,Chácara Santo Antônio (Zona Leste),apartamento,venda,8695.8,7391.5,10750.0,60,6.93,outubro/2026
São Paulo,Chácara Santo Antônio (Zona Leste),apartamento,aluguel,50.2,41.4,66.1,22,6.93,outubro/2026
São Paulo,Chácara Santo Antônio (Zona Sul),apartamento,venda,14137.9,11013.8,17564.4,127,6.92,outubro/2026
São Paulo,Chácara Santo Antônio (Zona Sul),apartamento,aluguel,81.5,61.8,100.0,48,6.92,outubro/2026
São Paulo,Chácara São João,apartamento,venda,7452.8,5855.3,8223.3,11,,outubro/2026
São Paulo,Chácara Seis de Outubro,apartamento,venda,8703.7,6657.9,10223.9,45,6.7,outubro/2026
São Paulo,Chácara Seis de Outubro,apartamento,aluguel,48.6,43.1,51.4,11,6.7,outubro/2026
São Paulo,Chácara Tatuapé,apartamento,venda,10844.1,7451.4,11088.4,22,6.56,outubro/2026
São Paulo,Chácara Tatuapé,apartamento,aluguel,59.3,55.2,65.2,20,6.56,outubro/2026
São Paulo,Chora Menino,apartamento,venda,9338.5,7905.1,9939.8,29,5.14,outubro/2026
São Paulo,Chora Menino,apartamento,aluguel,40.0,31.1,48.8,15,5.14,outubro/2026
São Paulo,Cidade Ademar,apartamento,venda,7419.4,6022.7,9166.7,21,7.73,outubro/2026
São Paulo,Cidade Ademar,apartamento,aluguel,47.8,37.5,80.9,6,7.73,outubro/2026
São Paulo,Cidade Antônio Estevão de Carvalho,apartamento,venda,6274.2,5156.7,7225.5,40,8.03,outubro/2026
São Paulo,Cidade Antônio Estevão de Carvalho,apartamento,aluguel,42.0,31.5,53.7,7,8.03,outubro/2026
São Paulo,Cidade Centenário,apartamento,venda,6353.0,5826.9,6675.9,11,,outubro/2026
São Paulo,Cidade Continental,apartamento,venda,7419.4,7029.4,8836.2,15,,outubro/2026
São Paulo,Cidade Dabril,apartamento,venda,4902.0,4596.8,5866.7,9,,outubro/2026
São Paulo,Cidade dos Bandeirantes,apartamento,venda,6463.0,5442.3,8296.1,19,,outubro/2026
São Paulo,Cidade Dutra,apartamento,venda,5326.4,4852.9,5851.5,12,,outubro/2026
São Paulo,Cidade Jardim,apartamento,venda,20922.3,16295.4,24924.9,22,6.95,outubro/2026
São Paulo,Cidade Jardim,apartamento,aluguel,121.2,115.8,126.0,7,6.95,outubro/2026
São Paulo,Cidade Líder,apartamento,venda,5814.0,4925.4,7125.0,45,7.66,outubro/2026
São Paulo,Cidade Líder,apartamento,aluguel,37.1,32.8,43.4,11,7.66,outubro/2026
São Paulo,Cidade Mãe do Céu,apartamento,venda,13097.3,9342.5,15675.3,42,5.8,outubro/2026
São Paulo,Cidade Mãe do Céu,apartamento,aluguel,63.3,45.0,86.0,24,5.8,outubro/2026
São Paulo,Cidade Monções,apartamento,venda,15000.0,12124.4,18281.7,102,7.15,outubro/2026
São Paulo,Cidade Monções,apartamento,aluguel,89.4,69.5,110.1,47,7.15,outubro/2026
São Paulo,Cidade Nitro Operária,apartamento,venda,6498.5,5865.4,6802.9,6,,outubro/2026
São Paulo,Cidade Nova Heliópolis,apartamento,venda,7008.9,4375.0,12263.7,22,,outubro/2026
São Paulo,Cidade Nova São Miguel,apartamento,venda,6066.9,5480.0,6552.4,20,,outubro/2026
São Paulo,Cidade Patriarca,apartamento,venda,7767.7,6248.9,9400.5,102,6.18,outubro/2026
São Paulo,Cidade Patriarca,apartamento,aluguel,40.0,32.1,51.4,29,6.18,outubro/2026
São Paulo,Cidade Popular,apartamento,venda,4320.1,3804.3,4736.6,21,,outubro/2026
São Paulo,Cidade São Francisco,apartamento,venda,10000.0,8478.3,10937.5,69,5.88,outubro/2026
São Paulo,Cidade São Francisco,apartamento,aluguel,49.0,38.3,65.3,29,5.88,outubro/2026
São Paulo,Cidade São Mateus,apartamento,venda,6907.8,6511.6,7595.0,8,5.78,outubro/2026
São Paulo,Cidade São Mateus,apartamento,aluguel,33.3,27.7,35.3,8,5.78,outubro/2026
São Paulo,Cidade Satélite Santa Bárbara,apartamento,venda,5548.3,4452.0,6195.0,28,6.38,outubro/2026
São Paulo,Cidade Satélite Santa Bárbara,apartamento,aluguel,29.5,24.4,33.9,23,6.38,outubro/2026
São Paulo,Cidade Tiradentes,apartamento,venda,3421.1,3020.0,3755.1,29,,outubro/2026
São Paulo,Cidade Vargas,apartamento,venda,8313.7,6718.6,10000.0,15,7.22,outubro/2026
São Paulo,Cidade Vargas,apartamento,aluguel,50.0,40.8,53.0,5,7.22,outubro/2026
São Paulo,City América,apartamento,venda,11509.2,10382.2,13925.8,42,5.0,outubro/2026
São Paulo,City América,apartamento,aluguel,48.0,40.3,71.0,17,5.0,outubro/2026
São Paulo,City Empresárial,apartamento,venda,5465.1,5434.8,5781.2,5,,outubro/2026
São Paulo,Colônia,apartamento,venda,5245.0,4352.0,5952.9,68,6.8,outubro/2026
São Paulo,Colônia,apartamento,aluguel,29.7,27.3,38.8,14,6.8,outubro/2026
São Paulo,Colônia (Zona Sul),apartamento,venda,10128.6,5750.0,12337.1,9,,outubro/2026
São Paulo,Conceição,apartamento,venda,10119.6,8694.1,11720.4,56,5.27,outubro/2026
São Paulo,Conceição,apartamento,aluguel,44.4,38.0,54.5,21,5.27,outubro/2026
São Paulo,Conjunto City Jaraguá,apartamento,venda,3664.0,2950.0,5391.0,8,,outubro/2026
São Paulo,Conjunto Habitacional Barreira Grande,apartamento,venda,6155.6,4369.6,6894.7,7,,outubro/2026
São Paulo,Conjunto Habitacional Barro Branco II,apartamento,venda,2916.7,2090.5,3406.2,6,,outubro/2026
São Paulo,Conjunto Habitacional Brigadeiro Eduardo Gomes,apartamento,venda,3681.5,3227.7,4186.5,8,,outubro/2026
São Paulo,Conjunto Habitacional Brigadeiro Faria Lima,apartamento,venda,4342.1,3957.9,4671.8,23,,outubro/2026
São Paulo,Conjunto Habitacional Castro Alves,apartamento,venda,3111.1,2825.3,3566.8,23,,outubro/2026
São Paulo,Conjunto Habitacional Fazenda do Carmo,apartamento,venda,2928.3,2613.5,3409.3,30,,outubro/2026
São Paulo,Conjunto Habitacional Inácio Monteiro,apartamento,venda,3117.5,2280.4,3458.7,18,,outubro/2026
São Paulo,Conjunto Habitacional Instituto Adventista,apartamento,venda,4427.1,4061.2,4807.3,28,,outubro/2026
São Paulo,Conjunto Habitacional Jardim São Bento,apartamento,venda,4004.0,3560.3,4782.6,6,,outubro/2026
São Paulo,Conjunto Habitacional Jova Rural,apartamento,venda,3645.8,2909.0,3923.1,15,,outubro/2026
São Paulo,Conjunto Habitacional Juscelino Kubitschek,apartamento,venda,3032.2,2633.1,3333.3,22,,outubro/2026
São Paulo,Conjunto Habitacional Padre José de Anchieta,apartamento,venda,4489.6,4165.3,4617.6,14,,outubro/2026
São Paulo,Conjunto Habitacional Padre Manoel da Nóbrega,apartamento,venda,4760.4,4398.6,5255.2,38,7.36,outubro/2026
São Paulo,Conjunto Habitacional Padre Manoel da Nóbrega,apartamento,aluguel,29.2,26.5,30.4,5,7.36,outubro/2026
São Paulo,Conjunto Habitacional Padre Manoel de Paiva,apartamento,venda,4285.7,3913.7,4836.7,31,,outubro/2026
São Paulo,Conjunto Habitacional Parque Valo Velho II,apartamento,venda,4326.9,3773.6,4750.0,17,,outubro/2026
São Paulo,Conjunto Habitacional Santa Etelvina I,apartamento,venda,3617.0,3105.3,4375.0,9,,outubro/2026
São Paulo,Conjunto Habitacional Santa Etelvina II,apartamento,venda,3184.8,2926.1,3521.6,30,,outubro/2026
São Paulo,Conjunto Habitacional Santa Etelvina III,apartamento,venda,3478.3,2727.3,5257.1,33,,outubro/2026
São Paulo,Conjunto Habitacional Sitio Conceição,apartamento,venda,2949.2,2052.9,3177.1,8,,outubro/2026
São Paulo,Conjunto Habitacional Teotonio Vilela,apartamento,venda,4166.7,3750.0,4583.3,41,,outubro/2026
São Paulo,Conjunto Promorar Raposo Tavares,apartamento,venda,4805.9,3947.1,5232.3,22,,outubro/2026
São Paulo,Conjunto Promorar Sapopemba,apartamento,venda,4333.3,3800.0,6785.7,9,,outubro/2026
São Paulo,Conjunto Promorar Vila Maria III,apartamento,venda,12265.6,11703.1,12787.3,5,,outubro/2026
São Paulo,Conjunto Residencial Elisio Teixeira Leite,apartamento,venda,3529.4,3225.4,3769.2,27,,outubro/2026
São Paulo,Conjunto Residencial Ingai,apartamento,venda,6000.0,5116.3,6179.1,9,,outubro/2026
São Paulo,Conjunto Residencial Jardim Canaã,apartamento,venda,6451.6,5223.9,10370.4,21,,outubro/2026
São Paulo,Conjunto Residencial José Bonifácio,apartamento,venda,4186.0,3596.4,5000.0,49,7.37,outubro/2026
São Paulo,Conjunto Residencial José Bonifácio,apartamento,aluguel,25.7,22.5,39.8,26,7.37,outubro/2026
São Paulo,Conjunto Residencial Morumbi,apartamento,venda,6238.1,4685.0,7045.2,48,5.54,outubro/2026
São Paulo,Conjunto Residencial Morumbi,apartamento,aluguel,28.8,23.5,40.9,24,5.54,outubro/2026
São Paulo,Conjunto Residencial Novo Pacaembu,apartamento,venda,9520.1,6452.7,12893.4,12,,outubro/2026
São Paulo,Conjunto Residencial Paraíso,apartamento,venda,7411.8,6846.2,8680.3,5,,outubro/2026
São Paulo,Conjunto Residencial Sitio Oratório,apartamento,venda,4890.9,4293.1,5094.3,9,,outubro/2026
São Paulo,Conjunto Residencial Vista Verde,apartamento,venda,6230.8,5838.2,6412.2,8,,outubro/2026
São Paulo,Consolação,apartamento,venda,13160.4,9259.3,17156.2,349,7.29,outubro/2026
São Paulo,Consolação,apartamento,aluguel,80.0,59.0,96.6,170,7.29,outubro/2026
São Paulo,Cupecê,apartamento,venda,7000.0,5821.9,8095.2,9,9.24,outubro/2026
São Paulo,Cupecê,apartamento,aluguel,53.9,48.7,56.4,12,9.24,outubro/2026
São Paulo,Cursino,apartamento,venda,10800.0,7053.7,13492.2,91,6.79,outubro/2026
São Paulo,Cursino,apartamento,aluguel,61.1,39.2,85.6,26,6.79,outubro/2026
São Paulo,Eldorado,apartamento,venda,6071.4,2403.8,6727.3,7,,outubro/2026
São Paulo,Engenheiro Goulart,apartamento,venda,4813.8,4453.0,5903.5,22,,outubro/2026
São Paulo,Ermelino Matarazzo,apartamento,venda,6000.0,5222.2,6800.0,53,6.5,outubro/2026
São Paulo,Ermelino Matarazzo,apartamento,aluguel,32.5,27.2,35.0,18,6.5,outubro/2026
São Paulo,Fazenda Aricanduva,apartamento,venda,5520.8,4654.9,6225.8,27,7.3,outubro/2026
São Paulo,Fazenda Aricanduva,apartamento,aluguel,33.6,30.2,40.5,27,7.3,outubro/2026
São Paulo,Fazenda Caguaçu,apartamento,venda,4878.0,1988.2,5945.1,18,,outubro/2026
São Paulo,Fazenda da Juta,apartamento,venda,4296.9,3614.0,5352.7,28,,outubro/2026
São Paulo,Fazenda Morumbi,apartamento,venda,5142.9,2747.6,6082.1,35,8.4,outubro/2026
São Paulo,Fazenda Morumbi,apartamento,aluguel,36.0,20.6,42.9,13,8.4,outubro/2026
São Paulo,Ferreira,apartamento,venda,9901.0,8020.2,10919.7,34,7.83,outubro/2026
São Paulo,Ferreira,apartamento,aluguel,64.6,59.6,68.8,11,7.83,outubro/2026
São Paulo,Freguesia do Ó,apartamento,venda,8000.0,7006.0,9477.9,71,6.68,outubro/2026
São Paulo,Freguesia do Ó,apartamento,aluguel,44.5,37.5,51.5,57,6.68,outubro/2026
São Paulo,Furnas,apartamento,venda,4741.4,4384.6,5600.0,13,,outubro/2026
São Paulo,Gleba do Pêssego,apartamento,venda,4772.7,3829.8,5227.3,17,9.78,outubro/2026
São Paulo,Gleba do Pêssego,apartamento,aluguel,38.9,32.0,40.6,7,9.78,outubro/2026
São Paulo,Grajaú,apartamento,venda,3653.8,3508.8,4893.6,5,,outubro/2026
São Paulo,Granja Julieta,apartamento,venda,12943.8,11258.9,14641.7,50,6.62,outubro/2026
São Paulo,Granja Julieta,apartamento,aluguel,71.4,54.1,80.9,29,6.62,outubro/2026
São Paulo,Guaianases,apartamento,venda,5164.1,3702.9,6279.1,45,6.51,outubro/2026
São Paulo,Guaianases,apartamento,aluguel,28.0,24.8,33.4,10,6.51,outubro/2026
São Paulo,Guaiaúna,apartamento,venda,8070.4,7341.7,8752.3,24,,outubro/2026
São Paulo,Guapira,apartamento,venda,4865.2,4026.7,6117.6,46,,outubro/2026
São Paulo,Guarapiranga,apartamento,venda,7276.3,6000.0,8043.5,25,6.99,outubro/2026
São Paulo,Guarapiranga,apartamento,aluguel,42.4,29.1,48.6,7,6.99,outubro/2026
São Paulo,Higienópolis,apartamento,venda,12743.4,10237.2,16732.7,457,5.65,outubro/2026
São Paulo,Higienópolis,apartamento,aluguel,60.0,41.6,78.3,80,5.65,outubro/2026
São Paulo,Horto,apartamento,venda,6503.8,6169.0,7874.4,8,,outubro/2026
São Paulo,Horto do Ipê,apartamento,venda,6131.9,5869.8,7074.8,16,,outubro/2026
São Paulo,Horto Florestal,apartamento,venda,9023.8,7936.9,9865.3,18,,outubro/2026
São Paulo,Ibirapuera,apartamento,venda,22859.8,18859.0,29771.5,82,4.33,outubro/2026
São Paulo,Ibirapuera,apartamento,aluguel,82.5,68.0,107.2,22,4.33,outubro/2026
São Paulo,Imirim,apartamento,venda,7352.9,6136.4,9687.5,49,6.81,outubro/2026
São Paulo,Imirim,apartamento,aluguel,41.7,35.4,45.2,13,6.81,outubro/2026
São Paulo,Indianópolis,apartamento,venda,15625.0,12368.8,20470.2,319,6.2,outubro/2026
São Paulo,Indianópolis,apartamento,aluguel,80.7,62.4,116.1,104,6.2,outubro/2026
São Paulo,Instituto de Previdência,apartamento,venda,9311.8,8131.6,11586.2,22,8.11,outubro/2026
São Paulo,Instituto de Previdência,apartamento,aluguel,62.9,40.8,72.2,7,8.11,outubro/2026
São Paulo,Interlagos,apartamento,venda,8571.4,6801.7,9645.9,36,6.37,outubro/2026
São Paulo,Interlagos,apartamento,aluguel,45.5,36.3,49.5,16,6.37,outubro/2026
São Paulo,Ipiranga,apartamento,venda,10063.7,7261.4,12706.2,622,6.73,outubro/2026
São Paulo,Ipiranga,apartamento,aluguel,56.4,42.2,71.4,139,6.73,outubro/2026
São Paulo,Itaberaba,apartamento,venda,8860.8,7870.4,10069.8,17,8.03,outubro/2026
São Paulo,Itaberaba,apartamento,aluguel,59.3,49.2,69.5,6,8.03,outubro/2026
São Paulo,Itaim Bibi,apartamento,venda,20476.2,14920.1,28651.7,517,5.86,outubro/2026
São Paulo,Itaim Bibi,apartamento,aluguel,100.0,72.2,134.3,225,5.86,outubro/2026
São Paulo,Itaim Paulista,apartamento,venda,4829.5,3909.2,5502.1,26,7.55,outubro/2026
São Paulo,Itaim Paulista,apartamento,aluguel,30.4,28.3,33.8,13,7.55,outubro/2026
São Paulo,Itaquera,apartamento,venda,5958.3,4762.1,7144.2,104,6.95,outubro/2026
São Paulo,Itaquera,apartamento,aluguel,34.5,27.5,42.4,54,6.95,outubro/2026
São Paulo,Jabaquara,apartamento,venda,7420.9,6072.6,9364.9,148,7.55,outubro/2026
São Paulo,Jabaquara,apartamento,aluguel,46.7,37.6,54.9,36,7.55,outubro/2026
São Paulo,Jaçanã,apartamento,venda,6815.8,5588.2,7857.1,61,8.43,outubro/2026
São Paulo,Jaçanã,apartamento,aluguel,47.9,35.6,52.7,8,8.43,outubro/2026
São Paulo,Jaguaré,apartamento,venda,8307.7,6805.6,9701.5,153,6.07,outubro/2026
São Paulo,Jaguaré,apartamento,aluguel,42.0,31.8,51.8,66,6.07,outubro/2026
São Paulo,Jaraguá,apartamento,venda,5662.6,4565.1,6518.3,52,7.16,outubro/2026
São Paulo,Jaraguá,apartamento,aluguel,33.8,27.6,43.8,20,7.16,outubro/2026
São Paulo,Jardim Adelfiore,apartamento,venda,7964.8,7238.6,8431.8,16,,outubro/2026
São Paulo,Jardim Adhemar de Barros,apartamento,venda,8634.0,7065.1,9808.4,18,6.95,outubro/2026
São Paulo,Jardim Adhemar de Barros,apartamento,aluguel,50.0,43.1,53.3,9,6.95,outubro/2026
São Paulo,Jardim Adutora,apartamento,venda,7692.2,6317.1,8584.6,16,,outubro/2026
São Paulo,Jardim Aeroporto,apartamento,venda,11489.4,9561.4,12766.0,41,7.77,outubro/2026
São Paulo,Jardim Aeroporto,apartamento,aluguel,74.4,62.0,80.0,25,7.77,outubro/2026
São Paulo,Jardim Almanara,apartamento,venda,6666.7,6476.7,7095.6,11,,outubro/2026
São Paulo,Jardim Alvorada (Zona Oeste),apartamento,venda,6219.5,6095.0,6585.4,5,,outubro/2026
São Paulo,Jardim Alzira,apartamento,venda,6837.5,6575.0,7187.5,6,,outubro/2026
São Paulo,Jardim Amália,apartamento,venda,6181.8,5741.2,6708.2,23,,outubro/2026
São Paulo,Jardim Amaralina,apartamento,venda,6117.2,5182.3,6661.2,32,,outubro/2026
São Paulo,Jardim América,apartamento,venda,19836.3,14591.4,26282.8,164,5.93,outubro/2026
São Paulo,Jardim América,apartamento,aluguel,98.1,62.4,142.9,37,5.93,outubro/2026
São Paulo,Jardim América da Penha,apartamento,venda,7181.8,5988.1,8306.7,44,6.45,outubro/2026
São Paulo,Jardim América da Penha,apartamento,aluguel,38.6,34.7,42.3,11,6.45,outubro/2026
São Paulo,Jardim Ampliação,apartamento,venda,6602.6,5183.8,8855.5,96,7.27,outubro/2026
São Paulo,Jardim Ampliação,apartamento,aluguel,40.0,31.1,56.2,40,7.27,outubro/2026
São Paulo,Jardim Ana Maria,apartamento,venda,6636.5,6123.3,7048.6,8,,outubro/2026
São Paulo,Jardim Ana Rosa,apartamento,venda,6956.9,6685.6,7527.5,10,,outubro/2026
São Paulo,Jardim Anália Franco,apartamento,venda,12258.1,9259.3,15472.9,427,7.09,outubro/2026
São Paulo,Jardim Anália Franco,apartamento,aluguel,72.4,53.0,92.3,137,7.09,outubro/2026
São Paulo,Jardim Andaraí,apartamento,venda,5315.4,4700.0,5739.3,26,7.9,outubro/2026
São Paulo,Jardim Andaraí,apartamento,aluguel,35.0,31.1,38.5,13,7.9,outubro/2026
São Paulo,Jardim Ângela,apartamento,venda,5531.9,4964.9,6155.6,33,,outubro/2026
São Paulo,Jardim Anhangüera,apartamento,venda,9962.4,8449.5,11195.5,15,,outubro/2026
São Paulo,Jardim Antártica,apartamento,venda,4958.3,4587.6,5218.3,27,,outubro/2026
São Paulo,Jardim Aparecida,apartamento,venda,5112.5,4788.4,5267.9,6,,outubro/2026
São Paulo,Jardim Aricanduva,apartamento,venda,6581.2,6147.1,7307.1,36,7.29,outubro/2026
São Paulo,Jardim Aricanduva,apartamento,aluguel,40.0,36.0,43.0,16,7.29,outubro/2026
São Paulo,Jardim Arize,apartamento,venda,7031.2,5727.3,7930.2,25,7.82,outubro/2026
São Paulo,Jardim Arize,apartamento,aluguel,45.8,41.0,46.2,5,7.82,outubro/2026
São Paulo,Jardim Arpoador,apartamento,venda,8756.8,6721.0,9793.7,51,6.1,outubro/2026
São Paulo,Jardim Arpoador,apartamento,aluguel,44.5,41.7,49.3,12,6.1,outubro/2026
São Paulo,Jardim Artur Alvim,apartamento,venda,4701.8,4151.8,5537.9,20,,outubro/2026
São Paulo,Jardim Ataliba Leonel,apartamento,venda,5342.7,4869.1,5892.0,12,5.1,outubro/2026
São Paulo,Jardim Ataliba Leonel,apartamento,aluguel,22.7,20.9,28.4,11,5.1,outubro/2026
São Paulo,Jardim Aurélia,apartamento,venda,15478.9,14169.3,17923.0,48,8.03,outubro/2026
São Paulo,Jardim Aurélia,apartamento,aluguel,103.6,89.3,108.7,5,8.03,outubro/2026
São Paulo,Jardim Avelino,apartamento,venda,8068.7,5907.1,10820.5,100,7.87,outubro/2026
São Paulo,Jardim Avelino,apartamento,aluguel,52.9,35.0,60.2,19,7.87,outubro/2026
São Paulo,Jardim Avenida,apartamento,venda,8720.9,6617.6,9295.5,9,,outubro/2026
São Paulo,Jardim Bartira,apartamento,venda,3645.8,2952.4,4016.3,6,,outubro/2026
São Paulo,Jardim Beatriz,apartamento,aluguel,38.0,36.5,39.0,5,,outubro/2026
São Paulo,Jardim Bela Vista (Zona Norte),apartamento,venda,6969.7,6019.9,10998.8,30,,outubro/2026
São Paulo,Jardim Belaura,apartamento,venda,8730.2,8034.2,10113.1,11,,outubro/2026
São Paulo,Jardim Belcito,apartamento,venda,4079.2,3066.5,4264.3,6,,outubro/2026
São Paulo,Jardim Belém,apartamento,venda,5692.5,5202.1,6216.2,26,,outubro/2026
São Paulo,Jardim Bélgica,apartamento,venda,7265.0,4770.5,7916.7,17,,outubro/2026
São Paulo,Jardim Boa Vista (Zona Oeste),apartamento,venda,5605.7,4613.6,6537.7,62,8.16,outubro/2026
São Paulo,Jardim Boa Vista (Zona Oeste),apartamento,aluguel,38.1,33.6,43.5,28,8.16,outubro/2026
São Paulo,Jardim Bonfiglioli,apartamento,venda,8075.0,6801.4,9470.2,38,7.43,outubro/2026
São Paulo,Jardim Bonfiglioli,apartamento,aluguel,50.0,43.5,60.0,17,7.43,outubro/2026
São Paulo,Jardim Botânico,apartamento,venda,6531.2,6190.5,7054.5,5,,outubro/2026
São Paulo,Jardim Botucatu,apartamento,venda,4843.8,4656.2,5156.2,17,,outubro/2026
São Paulo,Jardim Brasil,apartamento,venda,7429.5,6329.4,8241.3,24,6.72,outubro/2026
São Paulo,Jardim Brasil,apartamento,aluguel,41.6,38.4,44.6,13,6.72,outubro/2026
São Paulo,Jardim Brasil (Zona Norte),apartamento,venda,7077.4,6586.7,7791.5,18,6.19,outubro/2026
São Paulo,Jardim Brasil (Zona Norte),apartamento,aluguel,36.5,34.3,40.8,8,6.19,outubro/2026
São Paulo,Jardim Brasil (Zona Sul),apartamento,venda,8687.1,6812.3,10337.5,36,6.81,outubro/2026
São Paulo,Jardim Brasil (Zona Sul),apartamento,aluguel,49.3,43.6,56.8,6,6.81,outubro/2026
São Paulo,Jardim Brasília,apartamento,venda,5114.8,4050.0,6071.4,22,8.61,outubro/2026
São Paulo,Jardim Brasília,apartamento,aluguel,36.7,34.3,41.3,20,8.61,outubro/2026
São Paulo,Jardim Brasília (Zona Leste),apartamento,venda,5461.4,4962.3,6250.0,24,,outubro/2026
São Paulo,Jardim Brasília (Zona Norte),apartamento,venda,3647.8,3106.2,3848.4,8,,outubro/2026
São Paulo,Jardim Caboré,apartamento,venda,8870.4,7600.0,10123.8,45,7.28,outubro/2026
São Paulo,Jardim Caboré,apartamento,aluguel,53.8,40.0,54.0,5,7.28,outubro/2026
São Paulo,Jardim Campo Grande,apartamento,venda,11042.9,8958.3,11963.2,17,7.27,outubro/2026
São Paulo,Jardim Campo Grande,apartamento,aluguel,66.9,52.8,69.7,8,7.27,outubro/2026
São Paulo,Jardim Capelinha,apartamento,venda,3790.3,3609.9,3992.8,7,,outubro/2026
São Paulo,Jardim Caravelas,apartamento,venda,12483.0,11200.2,13756.5,54,8.41,outubro/2026
São Paulo,Jardim Caravelas,apartamento,aluguel,87.5,72.1,103.4,18,8.41,outubro/2026
São Paulo,Jardim Carlu,apartamento,venda,6348.3,6135.2,6726.8,10,,outubro/2026
São Paulo,Jardim Casa Pintada,apartamento,venda,4886.4,4491.4,5532.2,15,,outubro/2026
São Paulo,Jardim Casablanca,apartamento,venda,7272.7,6770.2,8274.2,31,8.4,outubro/2026
São Paulo,Jardim Casablanca,apartamento,aluguel,50.9,44.1,58.1,15,8.4,outubro/2026
São Paulo,Jardim Castelo,apartamento,venda,5464.8,4332.0,5948.3,18,,outubro/2026
São Paulo,Jardim Catanduva,apartamento,venda,5861.6,4605.8,7423.4,22,9.56,outubro/2026
São Paulo,Jardim Catanduva,apartamento,aluguel,46.7,34.9,80.9,16,9.56,outubro/2026
São Paulo,Jardim Celeste,apartamento,venda,6122.7,4861.1,7132.1,90,8.31,outubro/2026
São Paulo,Jardim Celeste,apartamento,aluguel,42.4,37.5,46.8,17,8.31,outubro/2026
São Paulo,Jardim Centenário,apartamento,venda,6821.4,6333.3,8833.3,13,5.72,outubro/2026
São Paulo,Jardim Centenário,apartamento,aluguel,32.5,31.0,34.0,5,5.72,outubro/2026
São Paulo,Jardim Cidade Pirituba,apartamento,venda,9000.0,8481.0,9403.4,7,6.48,outubro/2026
São Paulo,Jardim Cidade Pirituba,apartamento,aluguel,48.6,42.9,51.7,10,6.48,outubro/2026
São Paulo,Jardim Cidália,apartamento,venda,7387.1,5645.2,7741.9,9,7.36,outubro/2026
São Paulo,Jardim Cidália,apartamento,aluguel,45.3,43.7,51.6,5,7.36,outubro/2026
São Paulo,Jardim Cinco de Julho,apartamento,venda,6839.3,6262.7,7443.1,32,6.39,outubro/2026
São Paulo,Jardim Cinco de Julho,apartamento,aluguel,36.4,30.0,40.0,32,6.39,outubro/2026
São Paulo,Jardim Cláudia,apartamento,venda,5039.2,4779.9,5669.5,11,,outubro/2026
São Paulo,Jardim Coimbra,apartamento,venda,6012.8,5618.1,6329.2,8,,outubro/2026
São Paulo,Jardim Colombo,apartamento,venda,7694.6,6625.0,9550.7,22,4.49,outubro/2026
São Paulo,Jardim Colombo,apartamento,aluguel,28.8,28.7,33.3,5,4.49,outubro/2026
São Paulo,Jardim Colonial,apartamento,venda,5703.7,4895.8,6937.5,26,,outubro/2026
São Paulo,Jardim Consórcio,apartamento,venda,9649.1,5937.5,10282.3,13,5.97,outubro/2026
São Paulo,Jardim Consórcio,apartamento,aluguel,48.0,47.3,48.6,5,5.97,outubro/2026
São Paulo,Jardim Cotinha,apartamento,venda,7291.7,6676.9,7322.2,7,,outubro/2026
São Paulo,Jardim Cupecê,apartamento,venda,5263.2,5252.5,5408.2,5,,outubro/2026
São Paulo,Jardim da Campina,apartamento,venda,5143.6,4365.4,6522.1,14,,outubro/2026
São Paulo,Jardim da Glória,apartamento,venda,10785.2,7938.4,13313.6,84,8.53,outubro/2026
São Paulo,Jardim da Glória,apartamento,aluguel,76.7,47.4,83.3,17,8.53,outubro/2026
São Paulo,Jardim da Laranjeira (Zona Leste),apartamento,venda,4005.6,3545.9,4600.1,12,,outubro/2026
São Paulo,Jardim da Pedreira,apartamento,venda,7748.3,6826.6,8176.1,8,,outubro/2026
São Paulo,Jardim da Saúde,apartamento,venda,7060.6,5166.7,8888.9,133,5.59,outubro/2026
São Paulo,Jardim da Saúde,apartamento,aluguel,32.9,29.0,43.4,15,5.59,outubro/2026
São Paulo,Jardim Dabril,apartamento,venda,4914.6,4544.3,5368.7,28,8.99,outubro/2026
São Paulo,Jardim Dabril,apartamento,aluguel,36.8,34.8,38.6,8,8.99,outubro/2026
São Paulo,Jardim Danfer,apartamento,venda,5690.9,4642.9,6087.0,13,7.27,outubro/2026
São Paulo,Jardim Danfer,apartamento,aluguel,34.5,32.6,36.0,5,7.27,outubro/2026
São Paulo,Jardim das Acácias,apartamento,venda,16705.4,13717.7,18800.4,110,7.8,outubro/2026
São Paulo,Jardim das Acácias,apartamento,aluguel,108.6,92.7,132.0,35,7.8,outubro/2026
São Paulo,Jardim das Bandeiras,apartamento,venda,15113.6,12686.6,21000.0,25,,outubro/2026
São Paulo,Jardim das Flores,apartamento,venda,7716.9,6730.4,8386.1,30,5.26,outubro/2026
São Paulo,Jardim das Flores,apartamento,aluguel,33.8,29.2,38.9,6,5.26,outubro/2026
São Paulo,Jardim das Graças,apartamento,venda,7282.1,6571.4,8026.3,21,,outubro/2026
São Paulo,Jardim das Laranjeiras,apartamento,venda,7333.3,5789.5,10069.1,25,,outubro/2026
São Paulo,Jardim das Oliveiras,apartamento,venda,5789.5,4810.5,6769.8,27,,outubro/2026
São Paulo,Jardim das Palmas,apartamento,venda,5517.2,5092.4,6046.8,19,,outubro/2026
São Paulo,Jardim das Perdizes,apartamento,venda,17610.4,16278.0,19353.5,48,5.57,outubro/2026
São Paulo,Jardim das Perdizes,apartamento,aluguel,81.7,75.0,101.5,21,5.57,outubro/2026
São Paulo,Jardim das Vertentes,apartamento,venda,8928.6,8103.4,9818.2,37,6.56,outubro/2026
São Paulo,Jardim das Vertentes,apartamento,aluguel,48.8,46.2,58.4,29,6.56,outubro/2026
São Paulo,Jardim do Colégio,apartamento,venda,7131.6,5093.8,8337.8,6,,outubro/2026
São Paulo,Jardim do Divino,apartamento,venda,4174.2,3142.9,4621.8,12,,outubro/2026
São Paulo,Jardim do Lago,apartamento,venda,5434.9,5017.9,6187.5,34,7.71,outubro/2026
São Paulo,Jardim do Lago,apartamento,aluguel,34.9,32.1,38.8,12,7.71,outubro/2026
São Paulo,Jardim do Tiro,apartamento,venda,6354.2,5590.9,6971.2,25,7.38,outubro/2026
São Paulo,Jardim do Tiro,apartamento,aluguel,39.1,35.0,41.9,12,7.38,outubro/2026
São Paulo,Jardim Dom Bosco,apartamento,venda,12200.0,10592.0,13733.0,39,7.56,outubro/2026
São Paulo,Jardim Dom Bosco,apartamento,aluguel,76.9,68.8,87.4,10,7.56,outubro/2026
São Paulo,Jardim Dom José,apartamento,venda,5290.6,4846.5,5471.9,24,,outubro/2026
São Paulo,Jardim Dona Sinhá,apartamento,venda,4778.3,4704.5,4920.2,11,,outubro/2026
São Paulo,Jardim dos Prados,apartamento,venda,5614.1,4679.3,6477.3,6,,outubro/2026
São Paulo,Jardim Dracena,apartamento,venda,5110.4,4032.1,5707.8,16,7.96,outubro/2026
São Paulo,Jardim Dracena,apartamento,aluguel,33.9,32.8,37.3,5,7.96,outubro/2026
São Paulo,Jardim Egle,apartamento,venda,6219.5,5357.1,7537.8,25,,outubro/2026
São Paulo,Jardim Eledy,apartamento,venda,4650.0,4250.0,4895.2,10,,outubro/2026
São Paulo,Jardim Eliane,apartamento,venda,6750.0,5388.9,7059.8,7,,outubro/2026
São Paulo,Jardim Elizabeth,apartamento,venda,5432.7,5312.5,5552.9,6,,outubro/2026
São Paulo,Jardim Ernestina,apartamento,venda,9259.3,9086.2,10000.0,5,,outubro/2026
São Paulo,Jardim Esmeralda,apartamento,venda,7142.9,5333.3,9404.8,49,8.6,outubro/2026
São Paulo,Jardim Esmeralda,apartamento,aluguel,51.2,42.5,61.0,13,8.6,outubro/2026
São Paulo,Jardim Ester,apartamento,venda,6963.9,5843.3,8320.7,30,6.48,outubro/2026
São Paulo,Jardim Ester,apartamento,aluguel,37.6,32.9,41.2,14,6.48,outubro/2026
São Paulo,Jardim Ester Yolanda,apartamento,venda,7149.3,6185.8,8882.7,17,7.94,outubro/2026
São Paulo,Jardim Ester Yolanda,apartamento,aluguel,47.3,37.4,84.5,22,7.94,outubro/2026
São Paulo,Jardim Etelvina,apartamento,venda,4921.1,4868.4,5210.5,5,,outubro/2026
São Paulo,Jardim Europa,apartamento,venda,22840.5,15964.8,29074.8,60,4.9,outubro/2026
São Paulo,Jardim Europa,apartamento,aluguel,93.3,73.4,128.1,28,4.9,outubro/2026
São Paulo,Jardim Everest,apartamento,venda,27971.3,26819.3,30066.4,7,,outubro/2026
São Paulo,Jardim Fanganiello,apartamento,venda,2823.2,2070.1,3796.0,14,,outubro/2026
São Paulo,Jardim Felicidade (Zona Norte),apartamento,aluguel,35.6,25.7,40.1,5,,outubro/2026
São Paulo,Jardim Felicidade (Zona Oeste),apartamento,venda,6902.2,6155.2,7653.2,6,,outubro/2026
São Paulo,Jardim Fonte do Morumbi,apartamento,venda,11803.4,7643.5,14786.6,64,6.54,outubro/2026
São Paulo,Jardim Fonte do Morumbi,apartamento,aluguel,64.3,46.2,76.0,37,6.54,outubro/2026
São Paulo,Jardim Franca,apartamento,venda,7650.0,6825.0,8625.7,8,,outubro/2026
São Paulo,Jardim Francisco Mendes,apartamento,venda,6018.5,4693.5,10124.5,26,,outubro/2026
São Paulo,Jardim Germânia,apartamento,venda,6625.0,6034.5,7804.9,57,7.61,outubro/2026
São Paulo,Jardim Germânia,apartamento,aluguel,42.0,33.0,49.9,16,7.61,outubro/2026
São Paulo,Jardim Gilda Maria,apartamento,venda,5332.4,3543.4,6827.4,26,8.57,outubro/2026
São Paulo,Jardim Gilda Maria,apartamento,aluguel,38.1,37.2,38.9,6,8.57,outubro/2026
São Paulo,Jardim Guaianazes,apartamento,venda,4391.3,3342.3,4803.0,7,,outubro/2026
São Paulo,Jardim Guairaca,apartamento,venda,6060.6,5465.0,6921.5,15,,outubro/2026
São Paulo,Jardim Guanca,apartamento,venda,8217.4,7640.0,11538.5,5,,outubro/2026
São Paulo,Jardim Guarujá,apartamento,venda,4173.1,3699.5,5475.5,10,,outubro/2026
São Paulo,Jardim Guedala,apartamento,venda,15266.9,11486.5,18823.5,77,4.32,outubro/2026
São Paulo,Jardim Guedala,apartamento,aluguel,55.0,50.0,61.2,13,4.32,outubro/2026
São Paulo,Jardim Helena,apartamento,venda,6833.3,5958.6,7920.0,22,,outubro/2026
São Paulo,Jardim Helga,apartamento,venda,6361.7,5814.0,6808.5,21,,outubro/2026
São Paulo,Jardim Helian,apartamento,venda,5312.5,3901.5,6463.4,35,7.63,outubro/2026
São Paulo,Jardim Helian,apartamento,aluguel,33.8,28.6,34.1,5,7.63,outubro/2026
São Paulo,Jardim Hercilia,apartamento,venda,6220.0,5684.9,6851.4,11,,outubro/2026
São Paulo,Jardim Ibitirama,apartamento,venda,6716.4,5953.8,8035.7,32,,outubro/2026
São Paulo,Jardim Iguatemi,apartamento,venda,4489.8,4081.6,4828.6,9,,outubro/2026
São Paulo,Jardim Imbé,apartamento,venda,4738.1,4183.4,4965.9,16,,outubro/2026
São Paulo,Jardim Imperador,apartamento,venda,5952.4,5551.8,6926.6,19,6.43,outubro/2026
São Paulo,Jardim Imperador,apartamento,aluguel,31.9,28.8,37.3,15,6.43,outubro/2026
São Paulo,Jardim Imperador (Zona Leste),apartamento,venda,5598.0,5202.4,6510.2,27,,outubro/2026
São Paulo,Jardim Imperador (Zona Sul),apartamento,venda,8108.1,6214.0,8377.4,7,,outubro/2026
São Paulo,Jardim Independência,apartamento,venda,9445.8,8208.9,10963.5,52,5.82,outubro/2026
São Paulo,Jardim Independência,apartamento,aluguel,45.8,37.6,49.4,7,5.82,outubro/2026
São Paulo,Jardim Ipanema (Zona Oeste),apartamento,venda,5000.0,4416.2,5628.7,24,,outubro/2026
São Paulo,Jardim Iracema,apartamento,venda,5306.3,4776.8,6231.4,20,,outubro/2026
São Paulo,Jardim Íris,apartamento,venda,7796.9,6804.5,8695.5,46,6.63,outubro/2026
São Paulo,Jardim Íris,apartamento,aluguel,43.1,37.1,50.3,39,6.63,outubro/2026
São Paulo,Jardim Itacolomi,apartamento,venda,7123.2,6347.2,8302.2,20,7.9,outubro/2026
São Paulo,Jardim Itacolomi,apartamento,aluguel,46.9,39.0,71.8,7,7.9,outubro/2026
São Paulo,Jardim Itapema,apartamento,venda,5263.2,5131.6,6025.6,5,,outubro/2026
São Paulo,Jardim Itapemirim,apartamento,venda,5416.7,5225.0,5888.9,13,,outubro/2026
São Paulo,Jardim Itapeva,apartamento,venda,8229.4,6611.6,9081.8,34,6.39,outubro/2026
São Paulo,Jardim Itapeva,apartamento,aluguel,43.8,40.3,44.2,5,6.39,outubro/2026
São Paulo,Jardim Ivana,apartamento,venda,6062.5,4750.0,6818.2,25,5.7,outubro/2026
São Paulo,Jardim Ivana,apartamento,aluguel,28.8,22.1,40.9,5,5.7,outubro/2026
São Paulo,Jardim Jabaquara,apartamento,venda,5158.7,4827.6,5595.2,5,,outubro/2026
São Paulo,Jardim Japão,apartamento,venda,7605.3,6524.0,8778.0,27,5.79,outubro/2026
São Paulo,Jardim Japão,apartamento,aluguel,36.7,34.0,42.9,14,5.79,outubro/2026
São Paulo,Jardim Jaqueline,apartamento,venda,5592.1,4807.7,5970.1,25,,outubro/2026
São Paulo,Jardim Jaraguá,apartamento,venda,5555.6,4306.2,5980.8,11,,outubro/2026
São Paulo,Jardim Jaraguá (São Domingos),apartamento,venda,7142.9,6812.5,7571.4,13,,outubro/2026
São Paulo,Jardim Jaú (Zona Leste),apartamento,venda,5900.0,5188.6,6570.0,24,,outubro/2026
São Paulo,Jardim João Xxiii,apartamento,venda,5786.8,4194.4,6179.8,11,,outubro/2026
São Paulo,Jardim Julieta,apartamento,venda,4396.6,4083.3,4807.7,9,,outubro/2026
São Paulo,Jardim Jussara,apartamento,venda,6227.2,5057.7,7513.5,24,8.13,outubro/2026
São Paulo,Jardim Jussara,apartamento,aluguel,42.2,39.1,48.6,21,8.13,outubro/2026
São Paulo,Jardim Lajeado,apartamento,venda,5039.0,4008.5,6993.8,12,,outubro/2026
São Paulo,Jardim Lallo,apartamento,venda,6562.5,6047.6,6826.4,15,,outubro/2026
São Paulo,Jardim Lar,apartamento,venda,7457.6,6738.4,8273.4,23,,outubro/2026
São Paulo,Jardim Laura,apartamento,venda,3365.9,2666.7,3673.1,13,,outubro/2026
São Paulo,Jardim Leme,apartamento,venda,5060.9,4650.1,5596.6,12,,outubro/2026
São Paulo,Jardim Leônidas Moreira,apartamento,venda,4450.0,4087.8,4796.3,26,8.84,outubro/2026
São Paulo,Jardim Leônidas Moreira,apartamento,aluguel,32.8,26.1,35.4,12,8.84,outubro/2026
São Paulo,Jardim Leonor,apartamento,venda,7021.3,6425.5,13008.8,21,14.34,outubro/2026
São Paulo,Jardim Leonor,apartamento,aluguel,83.9,62.2,100.0,17,14.34,outubro/2026
São Paulo,Jardim Leonor Mendes de Barros,apartamento,venda,8111.1,5769.2,11428.6,21,6.2,outubro/2026
São Paulo,Jardim Leonor Mendes de Barros,apartamento,aluguel,41.9,39.5,44.8,6,6.2,outubro/2026
São Paulo,Jardim Líbano,apartamento,venda,6860.7,6271.3,7809.3,8,,outubro/2026
São Paulo,Jardim Líder,apartamento,venda,6253.2,5966.7,6430.6,16,,outubro/2026
São Paulo,Jardim Liderança,apartamento,venda,6250.0,5937.5,6428.6,5,,outubro/2026
São Paulo,Jardim Lisboa,apartamento,venda,6111.1,5574.5,6361.1,5,,outubro/2026
São Paulo,Jardim Londrina,apartamento,venda,7755.1,5781.2,8546.5,39,5.26,outubro/2026
São Paulo,Jardim Londrina,apartamento,aluguel,34.0,25.8,46.6,20,5.26,outubro/2026
São Paulo,Jardim Lourdes,apartamento,venda,4375.0,4122.0,4625.0,13,,outubro/2026
São Paulo,Jardim Luanda,apartamento,venda,7323.9,6172.8,7671.2,13,,outubro/2026
São Paulo,Jardim Lucinda,apartamento,venda,4425.9,3833.3,5172.4,5,,outubro/2026
São Paulo,Jardim Luísa,apartamento,venda,4926.5,4582.7,5100.1,19,,outubro/2026
São Paulo,Jardim Luso,apartamento,venda,5102.0,4740.0,6907.0,5,,outubro/2026
São Paulo,Jardim Luzitânia,apartamento,venda,31751.8,29000.0,34800.0,9,,outubro/2026
São Paulo,Jardim Macedônia,apartamento,venda,4355.9,4169.9,5148.3,27,,outubro/2026
São Paulo,Jardim Mangalot,apartamento,aluguel,37.5,33.4,39.9,11,,outubro/2026
São Paulo,Jardim Marabá,apartamento,venda,7018.5,5560.6,8044.6,15,9.64,outubro/2026
São Paulo,Jardim Marabá,apartamento,aluguel,56.4,44.4,71.5,5,9.64,outubro/2026
São Paulo,Jardim Marajoara,apartamento,venda,9707.3,8335.3,11342.7,83,6.69,outubro/2026
São Paulo,Jardim Marajoara,apartamento,aluguel,54.1,42.8,63.5,67,6.69,outubro/2026
São Paulo,Jardim Maria Duarte,apartamento,venda,6274.5,5591.2,6801.9,27,,outubro/2026
São Paulo,Jardim Maria Estela,apartamento,venda,5777.8,5163.4,7997.2,20,,outubro/2026
São Paulo,Jardim Maria Rita,apartamento,venda,5779.7,5769.2,6363.6,5,,outubro/2026
São Paulo,Jardim Marília,apartamento,venda,6271.2,5590.4,6826.5,6,6.85,outubro/2026
São Paulo,Jardim Marília,apartamento,aluguel,35.8,29.6,38.1,6,6.85,outubro/2026
São Paulo,Jardim Marilu,apartamento,venda,4536.8,3869.9,5408.3,38,,outubro/2026
São Paulo,Jardim Maringa,apartamento,venda,5841.5,5365.6,7437.9,22,8.46,outubro/2026
São Paulo,Jardim Maringa,apartamento,aluguel,41.2,34.2,45.0,9,8.46,outubro/2026
São Paulo,Jardim Marisa,apartamento,venda,9534.9,6512.2,9574.5,5,6.52,outubro/2026
São Paulo,Jardim Marisa,apartamento,aluguel,51.8,44.4,54.5,10,6.52,outubro/2026
São Paulo,Jardim Maristela,apartamento,venda,5809.3,4903.9,6409.8,16,6.71,outubro/2026
São Paulo,Jardim Maristela,apartamento,aluguel,32.5,27.8,35.3,5,6.71,outubro/2026
São Paulo,Jardim Martini,apartamento,venda,4500.0,4400.0,4583.3,5,,outubro/2026
São Paulo,Jardim Martins Silva,apartamento,venda,4692.3,4367.7,5209.6,30,,outubro/2026
São Paulo,Jardim Matarazzo,apartamento,venda,6045.5,5200.0,6758.1,33,6.31,outubro/2026
São Paulo,Jardim Matarazzo,apartamento,aluguel,31.8,29.8,32.5,5,6.31,outubro/2026
São Paulo,Jardim Melo,apartamento,venda,6656.2,6155.9,7081.2,14,,outubro/2026
São Paulo,Jardim Mirante,apartamento,venda,8368.7,5782.3,8848.5,22,9.22,outubro/2026
São Paulo,Jardim Mirante,apartamento,aluguel,64.3,62.4,67.7,6,9.22,outubro/2026
São Paulo,Jardim Miriam,apartamento,venda,5373.1,4062.5,6297.2,25,7.66,outubro/2026
São Paulo,Jardim Miriam,apartamento,aluguel,34.3,29.7,38.7,18,7.66,outubro/2026
São Paulo,Jardim Mitsutani,apartamento,venda,5607.6,4625.0,6345.2,36,,outubro/2026
São Paulo,Jardim Modelo,apartamento,venda,6877.0,6216.7,7476.6,24,,outubro/2026
São Paulo,Jardim Mônica,apartamento,venda,4576.3,4074.1,4833.3,17,,outubro/2026
São Paulo,Jardim Monte Alegre,apartamento,venda,6414.4,5480.9,6952.6,18,13.15,outubro/2026
São Paulo,Jardim Monte Alegre,apartamento,aluguel,70.3,63.3,80.2,7,13.15,outubro/2026
São Paulo,Jardim Monte Azul,apartamento,venda,7279.3,6202.3,8130.2,8,,outubro/2026
São Paulo,Jardim Monte Kemel,apartamento,venda,9185.4,6668.6,10792.3,46,5.88,outubro/2026
São Paulo,Jardim Monte Kemel,apartamento,aluguel,45.0,38.9,53.8,15,5.88,outubro/2026
São Paulo,Jardim Nadir,apartamento,venda,5277.8,5015.6,6884.5,27,7.91,outubro/2026
São Paulo,Jardim Nadir,apartamento,aluguel,34.8,31.6,42.3,10,7.91,outubro/2026
São Paulo,Jardim Nazareth,apartamento,venda,5761.0,4543.1,6574.8,8,6.12,outubro/2026
São Paulo,Jardim Nazareth,apartamento,aluguel,29.4,27.1,32.4,5,6.12,outubro/2026
São Paulo,Jardim Neide,apartamento,venda,5846.2,5790.3,6451.6,5,,outubro/2026
São Paulo,Jardim Neila,apartamento,venda,6909.1,6584.7,7476.4,8,,outubro/2026
São Paulo,Jardim Nélia,apartamento,venda,4523.8,3179.1,4909.1,19,,outubro/2026
São Paulo,Jardim Nordeste,apartamento,venda,5650.3,5026.3,6691.2,24,9.11,outubro/2026
São Paulo,Jardim Nordeste,apartamento,aluguel,42.9,38.2,44.4,15,9.11,outubro/2026
São Paulo,Jardim Norma,apartamento,venda,6145.8,5546.3,7481.5,29,,outubro/2026
São Paulo,Jardim Nossa Senhora Aparecida,apartamento,venda,6707.3,6145.8,7571.4,13,,outubro/2026
São Paulo,Jardim Nossa Senhora do Carmo,apartamento,venda,6470.6,5996.2,6931.4,15,,outubro/2026
São Paulo,Jardim Nosso Lar,apartamento,venda,6250.0,4800.0,6869.6,13,,outubro/2026
São Paulo,Jardim Nova Vitória I,apartamento,venda,16202.5,12738.4,20350.2,6,,outubro/2026
São Paulo,Jardim Nove de Julho,apartamento,venda,5561.4,4286.6,6321.1,24,6.39,outubro/2026
São Paulo,Jardim Nove de Julho,apartamento,aluguel,29.6,29.0,31.5,7,6.39,outubro/2026
São Paulo,Jardim Novo Santo Amaro,apartamento,venda,5166.7,4532.5,5932.2,21,,outubro/2026
São Paulo,Jardim Novo Taboão,apartamento,venda,6817.0,6302.4,7215.5,16,,outubro/2026
São Paulo,Jardim Olinda,apartamento,venda,4000.0,3333.3,4285.7,9,,outubro/2026
São Paulo,Jardim Olympia,apartamento,venda,7440.9,6573.1,9484.2,16,6.93,outubro/2026
São Paulo,Jardim Olympia,apartamento,aluguel,43.0,39.4,48.2,14,6.93,outubro/2026
São Paulo,Jardim Oriental,apartamento,venda,6666.7,5939.6,8080.5,24,7.58,outubro/2026
São Paulo,Jardim Oriental,apartamento,aluguel,42.1,30.4,51.3,12,7.58,outubro/2026
São Paulo,Jardim Palmares,apartamento,venda,7358.8,6215.9,8516.3,40,6.2,outubro/2026
São Paulo,Jardim Palmares,apartamento,aluguel,38.0,30.9,48.2,28,6.2,outubro/2026
São Paulo,Jardim Panorama,apartamento,venda,15000.0,13807.7,18840.6,17,9.0,outubro/2026
São Paulo,Jardim Panorama,apartamento,aluguel,112.5,84.2,133.8,9,9.0,outubro/2026
São Paulo,Jardim Papai Noel,apartamento,venda,7384.4,6166.6,9248.3,6,,outubro/2026
São Paulo,Jardim Paraguaçu,apartamento,venda,5580.0,5383.0,7187.4,7,,outubro/2026
São Paulo,Jardim Paraíso,apartamento,venda,8300.7,7111.4,10642.3,38,6.12,outubro/2026
São Paulo,Jardim Paraíso,apartamento,aluguel,42.3,31.2,61.2,14,6.12,outubro/2026
São Paulo,Jardim Paris,apartamento,venda,5382.8,4689.9,6096.5,32,7.6,outubro/2026
São Paulo,Jardim Paris,apartamento,aluguel,34.1,29.3,40.7,8,7.6,outubro/2026
São Paulo,Jardim Parque Morumbi,apartamento,venda,6085.7,4040.4,7250.0,53,9.52,outubro/2026
São Paulo,Jardim Parque Morumbi,apartamento,aluguel,48.3,38.3,56.3,11,9.52,outubro/2026
São Paulo,Jardim Patente,apartamento,venda,4336.7,3913.2,5059.7,27,7.36,outubro/2026
São Paulo,Jardim Patente,apartamento,aluguel,26.6,26.2,28.8,5,7.36,outubro/2026
São Paulo,Jardim Patente Novo,apartamento,venda,4677.4,4507.0,5454.5,21,,outubro/2026
São Paulo,Jardim Paulista,apartamento,venda,15245.1,11854.3,21250.0,733,6.05,outubro/2026
São Paulo,Jardim Paulista,apartamento,aluguel,76.9,55.0,104.5,234,6.05,outubro/2026
São Paulo,Jardim Paulistano,apartamento,venda,19733.3,12069.0,27818.2,45,6.31,outubro/2026
São Paulo,Jardim Paulistano,apartamento,aluguel,103.8,94.1,121.8,13,6.31,outubro/2026
São Paulo,Jardim Paulo VI,apartamento,venda,19416.6,6551.7,20983.6,5,,outubro/2026
São Paulo,Jardim Pedra Branca,apartamento,venda,5100.0,3908.3,5705.3,34,,outubro/2026
São Paulo,Jardim Pedro José Nunes,apartamento,venda,4438.1,4097.9,5643.5,16,,outubro/2026
São Paulo,Jardim Penha,apartamento,venda,5566.0,5340.9,6111.1,13,,outubro/2026
São Paulo,Jardim Pereira Leite,apartamento,venda,9148.9,7179.4,10650.4,33,6.78,outubro/2026
São Paulo,Jardim Pereira Leite,apartamento,aluguel,51.7,50.0,56.2,5,6.78,outubro/2026
São Paulo,Jardim Peri,apartamento,venda,5222.2,4764.2,6858.7,16,8.2,outubro/2026
São Paulo,Jardim Peri,apartamento,aluguel,35.7,34.5,36.7,5,8.2,outubro/2026
São Paulo,Jardim Peri Peri,apartamento,venda,8263.7,6465.9,9510.0,24,7.71,outubro/2026
São Paulo,Jardim Peri Peri,apartamento,aluguel,53.1,51.0,66.4,10,7.71,outubro/2026
São Paulo,Jardim Pinheiros,apartamento,venda,6603.4,5697.1,7329.5,12,7.71,outubro/2026
São Paulo,Jardim Pinheiros,apartamento,aluguel,42.4,37.7,46.1,24,7.71,outubro/2026
São Paulo,Jardim Piqueroby,apartamento,venda,11170.2,10381.1,11577.4,10,,outubro/2026
São Paulo,Jardim Piraçuama,apartamento,venda,5900.0,5616.7,6783.3,6,6.59,outubro/2026
São Paulo,Jardim Piraçuama,apartamento,aluguel,32.4,27.1,42.4,5,6.59,outubro/2026
São Paulo,Jardim Piratininga,apartamento,venda,4753.6,4468.8,4800.4,6,,outubro/2026
São Paulo,Jardim Pirituba,apartamento,venda,6547.6,5891.1,7440.6,39,6.6,outubro/2026
São Paulo,Jardim Pirituba,apartamento,aluguel,36.0,28.2,43.0,30,6.6,outubro/2026
São Paulo,Jardim Planalto,apartamento,venda,5598.4,4666.9,6795.0,28,,outubro/2026
São Paulo,Jardim Popular,apartamento,venda,7894.7,6818.2,8902.4,9,6.52,outubro/2026
São Paulo,Jardim Popular,apartamento,aluguel,42.9,40.0,44.7,9,6.52,outubro/2026
São Paulo,Jardim Portal I e II,apartamento,venda,13706.9,12385.3,16217.2,19,,outubro/2026
São Paulo,Jardim Previdência,apartamento,venda,7019.2,6240.3,8872.0,27,6.27,outubro/2026
São Paulo,Jardim Previdência,apartamento,aluguel,36.7,36.0,43.9,5,6.27,outubro/2026
São Paulo,Jardim Primavera,apartamento,aluguel,46.7,40.0,48.4,8,,outubro/2026
São Paulo,Jardim Promissão,apartamento,venda,8157.9,7453.1,9272.7,21,,outubro/2026
São Paulo,Jardim Prudência,apartamento,venda,10178.6,7338.5,11794.6,51,8.42,outubro/2026
São Paulo,Jardim Prudência,apartamento,aluguel,71.4,43.5,88.3,25,8.42,outubro/2026
São Paulo,Jardim Raposo Tavares,apartamento,venda,3979.4,3254.5,5000.0,15,,outubro/2026
São Paulo,Jardim Recanto Verde,apartamento,venda,4487.2,1588.5,5382.1,17,,outubro/2026
São Paulo,Jardim Redil,apartamento,venda,4431.8,4200.0,4749.4,10,,outubro/2026
São Paulo,Jardim Regina,apartamento,venda,6113.2,5666.9,7147.4,14,,outubro/2026
São Paulo,Jardim Remo,apartamento,venda,6279.1,5781.8,6904.8,17,,outubro/2026
São Paulo,Jardim Rio Pequeno,apartamento,venda,5967.7,5846.2,10918.0,9,8.26,outubro/2026
São Paulo,Jardim Rio Pequeno,apartamento,aluguel,41.1,38.5,82.9,6,8.26,outubro/2026
São Paulo,Jardim Robru,apartamento,aluguel,25.8,20.7,29.4,12,,outubro/2026
São Paulo,Jardim Rosa Maria,apartamento,venda,5319.1,4464.5,8340.9,7,,outubro/2026
São Paulo,Jardim Sabará,apartamento,venda,7220.0,6383.0,9027.8,21,8.94,outubro/2026
São Paulo,Jardim Sabará,apartamento,aluguel,53.8,47.5,61.4,19,8.94,outubro/2026
São Paulo,Jardim Sandra,apartamento,venda,4384.7,3989.2,5152.6,6,,outubro/2026
São Paulo,Jardim Santa Adelia,apartamento,venda,7091.0,6316.8,7994.7,10,5.55,outubro/2026
São Paulo,Jardim Santa Adelia,apartamento,aluguel,32.8,30.5,36.0,9,5.55,outubro/2026
São Paulo,Jardim Santa Cruz,apartamento,venda,5053.0,4375.9,7393.5,8,,outubro/2026
São Paulo,Jardim Santa Cruz (Campo Grande),apartamento,venda,7526.1,6074.3,8285.8,8,,outubro/2026
São Paulo,Jardim Santa Cruz (Sacomã),apartamento,venda,5090.9,4538.5,5844.2,29,,outubro/2026
São Paulo,Jardim Santa Efigênia,apartamento,venda,5671.6,5608.1,6212.1,9,,outubro/2026
São Paulo,Jardim Santa Emília,apartamento,venda,6021.0,4533.7,7149.5,51,6.58,outubro/2026
São Paulo,Jardim Santa Emília,apartamento,aluguel,33.0,27.1,41.5,34,6.58,outubro/2026
São Paulo,Jardim Santa Etelvina,apartamento,venda,3777.8,3437.5,4786.1,15,,outubro/2026
São Paulo,Jardim Santa Inês,apartamento,venda,6290.3,5931.2,6826.3,11,,outubro/2026
São Paulo,Jardim Santa Josefina,apartamento,venda,5162.6,4653.9,5450.0,12,,outubro/2026
São Paulo,Jardim Santa Lucrécia,apartamento,venda,6169.2,5393.8,6639.2,8,,outubro/2026
São Paulo,Jardim Santa Maria,apartamento,venda,7168.0,5682.4,7959.0,6,,outubro/2026
São Paulo,Jardim Santa Mônica,apartamento,venda,4833.3,4602.7,5060.8,11,8.37,outubro/2026
São Paulo,Jardim Santa Mônica,apartamento,aluguel,33.7,28.7,38.3,6,8.37,outubro/2026
São Paulo,Jardim Santa Terezinha,apartamento,venda,5457.9,4572.1,6571.1,56,6.84,outubro/2026
São Paulo,Jardim Santa Terezinha,apartamento,aluguel,31.1,28.5,36.7,31,6.84,outubro/2026
São Paulo,Jardim Santo Amaro,apartamento,venda,10016.0,5451.2,11488.2,38,3.33,outubro/2026
São Paulo,Jardim Santo Amaro,apartamento,aluguel,27.8,23.0,69.4,11,3.33,outubro/2026
São Paulo,Jardim Santo Antoninho,apartamento,venda,10321.4,9607.5,10873.8,11,,outubro/2026
São Paulo,Jardim Santo Antônio,apartamento,venda,5424.6,4917.8,6441.1,30,6.04,outubro/2026
São Paulo,Jardim Santo Antônio,apartamento,aluguel,27.3,26.0,32.2,5,6.04,outubro/2026
São Paulo,Jardim Santo Elias,apartamento,venda,7500.0,5520.8,9620.5,21,,outubro/2026
São Paulo,Jardim São Cristóvão,apartamento,venda,6299.8,5289.9,7420.0,26,,outubro/2026
São Paulo,Jardim São Domingos,apartamento,venda,8341.1,7072.3,9745.2,6,,outubro/2026
São Paulo,Jardim São Francisco (Zona Leste),apartamento,venda,5531.9,4766.1,5790.0,19,,outubro/2026
São Paulo,Jardim São João (Jaraguá),apartamento,venda,5000.0,3703.7,5810.8,21,,outubro/2026
São Paulo,Jardim São José,apartamento,venda,8461.8,8020.8,8588.2,5,,outubro/2026
São Paulo,Jardim São Judas Tadeu,apartamento,aluguel,26.6,25.5,29.9,7,,outubro/2026
São Paulo,Jardim São Luís,apartamento,venda,8552.2,6400.0,10243.7,18,7.13,outubro/2026
São Paulo,Jardim São Luís,apartamento,aluguel,50.8,37.3,63.4,20,7.13,outubro/2026
São Paulo,Jardim São Miguel,apartamento,venda,5870.6,5352.6,6564.6,12,,outubro/2026
São Paulo,Jardim São Nicolau,apartamento,venda,4098.1,3631.0,4712.1,12,,outubro/2026
São Paulo,Jardim São Paulo (Zona Leste),apartamento,venda,3958.3,3173.1,4935.1,41,,outubro/2026
São Paulo,Jardim São Paulo (Zona Norte),apartamento,venda,10555.7,7921.7,12963.9,186,7.45,outubro/2026
São Paulo,Jardim São Paulo (Zona Norte),apartamento,aluguel,65.5,46.5,74.5,39,7.45,outubro/2026
São Paulo,Jardim São Pedro,apartamento,venda,4642.9,3403.7,5601.2,11,,outubro/2026
São Paulo,Jardim São Savério,apartamento,venda,5384.6,4615.4,6184.2,61,7.96,outubro/2026
São Paulo,Jardim São Savério,apartamento,aluguel,35.7,32.2,41.8,47,7.96,outubro/2026
São Paulo,Jardim São Vicente,apartamento,venda,5957.4,5590.5,6362.2,19,,outubro/2026
São Paulo,Jardim Sapopemba,apartamento,venda,6822.0,5245.0,9641.9,14,,outubro/2026
São Paulo,Jardim Sarah,apartamento,venda,7307.7,5993.9,7912.5,15,,outubro/2026
São Paulo,Jardim Satélite,apartamento,venda,5800.2,5288.5,6153.8,9,,outubro/2026
São Paulo,Jardim Silva Teles,apartamento,venda,7162.2,7000.0,7375.0,9,,outubro/2026
São Paulo,Jardim Soares,apartamento,venda,6275.9,4803.2,7517.9,12,,outubro/2026
São Paulo,Jardim Sônia (Zona Sul),apartamento,venda,6521.7,5892.9,7025.4,15,,outubro/2026
São Paulo,Jardim Soraia,apartamento,venda,4444.4,4213.0,5504.6,11,,outubro/2026
São Paulo,Jardim Sul,apartamento,venda,8619.0,6104.8,10482.0,56,7.99,outubro/2026
São Paulo,Jardim Sul,apartamento,aluguel,57.4,43.2,69.7,12,7.99,outubro/2026
São Paulo,Jardim Taboão,apartamento,venda,6166.7,5462.1,6914.6,51,9.44,outubro/2026
São Paulo,Jardim Taboão,apartamento,aluguel,48.5,41.5,51.2,7,9.44,outubro/2026
São Paulo,Jardim Taquaral,apartamento,venda,8923.1,7581.0,11816.6,51,6.41,outubro/2026
São Paulo,Jardim Taquaral,apartamento,aluguel,47.7,41.6,61.1,30,6.41,outubro/2026
São Paulo,Jardim Teresa,apartamento,venda,6875.0,6060.6,7619.0,17,8.17,outubro/2026
São Paulo,Jardim Teresa,apartamento,aluguel,46.8,36.5,49.7,7,8.17,outubro/2026
São Paulo,Jardim Têxtil,apartamento,venda,7694.9,7185.3,9725.2,16,7.5,outubro/2026
São Paulo,Jardim Têxtil,apartamento,aluguel,48.1,41.0,54.8,8,7.5,outubro/2026
São Paulo,Jardim Tietê,apartamento,aluguel,34.4,23.8,35.4,5,,outubro/2026
São Paulo,Jardim Tiro Ao Pombo,apartamento,venda,4500.0,4100.0,5275.0,6,,outubro/2026
São Paulo,Jardim Três Marias,apartamento,venda,5983.3,4750.0,6425.0,16,6.16,outubro/2026
São Paulo,Jardim Três Marias,apartamento,aluguel,30.7,28.4,38.6,10,6.16,outubro/2026
São Paulo,Jardim Triana,apartamento,venda,4891.3,4796.3,5375.0,5,,outubro/2026
São Paulo,Jardim Trussardi,apartamento,venda,11111.1,9069.9,13865.2,19,7.0,outubro/2026
São Paulo,Jardim Trussardi,apartamento,aluguel,64.8,56.2,82.1,10,7.0,outubro/2026
São Paulo,Jardim Ubirajara,apartamento,venda,5883.3,5206.2,6420.4,44,,outubro/2026
São Paulo,Jardim Umarizal,apartamento,venda,5906.8,5000.0,7045.5,65,10.2,outubro/2026
São Paulo,Jardim Umarizal,apartamento,aluguel,50.2,43.2,60.9,15,10.2,outubro/2026
São Paulo,Jardim Umuarama,apartamento,venda,6277.8,4285.7,9583.3,33,9.5,outubro/2026
São Paulo,Jardim Umuarama,apartamento,aluguel,49.7,37.5,57.6,22,9.5,outubro/2026
São Paulo,Jardim Universidade Pinheiros,apartamento,venda,24963.4,22220.4,26767.5,10,,outubro/2026
São Paulo,Jardim Vaz de Lima,apartamento,venda,5562.5,4410.6,5822.4,8,,outubro/2026
São Paulo,Jardim Vazani,apartamento,venda,9500.0,7846.2,10454.5,37,5.19,outubro/2026
São Paulo,Jardim Vazani,apartamento,aluguel,41.1,37.0,51.3,18,5.19,outubro/2026
São Paulo,Jardim Vera Cruz,apartamento,venda,18640.3,15462.7,20714.5,31,,outubro/2026
São Paulo,Jardim Vera Cruz (Zona Sul),apartamento,venda,16705.5,14761.8,18319.3,10,,outubro/2026
São Paulo,Jardim Vergueiro (Sacomã),apartamento,venda,5840.0,5200.0,7272.7,61,8.03,outubro/2026
São Paulo,Jardim Vergueiro (Sacomã),apartamento,aluguel,39.1,31.2,43.1,9,8.03,outubro/2026
São Paulo,Jardim Vila Carrão,apartamento,venda,6800.0,6194.4,7875.0,15,6.19,outubro/2026
São Paulo,Jardim Vila Carrão,apartamento,aluguel,35.1,31.1,39.5,13,6.19,outubro/2026
São Paulo,Jardim Vilas Boas,apartamento,venda,4414.1,4232.1,4922.1,10,,outubro/2026
São Paulo,Jardim Vista Linda,apartamento,aluguel,43.8,35.3,49.3,22,,outubro/2026
São Paulo,Jardim Vitória Régia,apartamento,venda,9560.9,8372.1,12352.9,29,5.56,outubro/2026
São Paulo,Jardim Vitória Régia,apartamento,aluguel,44.3,36.9,57.1,17,5.56,outubro/2026
São Paulo,Jardim Vivan,apartamento,venda,6321.4,5342.1,7319.5,10,,outubro/2026
São Paulo,Jardins,apartamento,venda,20913.0,14093.2,27879.1,210,6.55,outubro/2026
São Paulo,Jardins,apartamento,aluguel,114.1,88.8,146.7,74,6.55,outubro/2026
São Paulo,Jardins Recanto das Rosas,apartamento,venda,4511.0,3519.0,4817.1,6,,outubro/2026
São Paulo,Jordanópolis,apartamento,venda,5964.9,5517.2,6339.3,9,,outubro/2026
São Paulo,José Bonifácio,apartamento,venda,5263.2,4166.7,6216.2,29,6.25,outubro/2026
São Paulo,José Bonifácio,apartamento,aluguel,27.4,23.0,31.6,38,6.25,outubro/2026
São Paulo,Jurubatuba,apartamento,venda,9971.4,9117.6,10781.8,33,8.39,outubro/2026
São Paulo,Jurubatuba,apartamento,aluguel,69.7,66.2,75.0,10,8.39,outubro/2026
São Paulo,Klabin,apartamento,venda,13939.4,12494.0,14918.4,11,,outubro/2026
São Paulo,Lajeado,apartamento,venda,4583.3,3635.4,6051.2,19,,outubro/2026
São Paulo,Lapa,apartamento,venda,10857.1,8855.7,13148.1,89,6.69,outubro/2026
São Paulo,Lapa,apartamento,aluguel,60.5,46.4,79.9,22,6.69,outubro/2026
São Paulo,Lapa de Baixo,apartamento,venda,7311.6,5765.3,8690.5,30,8.9,outubro/2026
São Paulo,Lapa de Baixo,apartamento,aluguel,54.2,40.1,77.2,8,8.9,outubro/2026
São Paulo,Lar,apartamento,venda,8006.0,6440.3,8843.6,32,7.22,outubro/2026
São Paulo,Lar,apartamento,aluguel,48.2,42.1,51.1,16,7.22,outubro/2026
São Paulo,Lauzane Paulista,apartamento,venda,8359.4,6486.1,10434.8,109,6.03,outubro/2026
São Paulo,Lauzane Paulista,apartamento,aluguel,42.0,31.1,55.5,19,6.03,outubro/2026
São Paulo,Liberdade,apartamento,venda,8278.7,6675.7,11764.7,153,8.68,outubro/2026
São Paulo,Liberdade,apartamento,aluguel,59.9,45.0,83.8,48,8.68,outubro/2026
São Paulo,Limão,apartamento,venda,7727.3,6370.9,9236.1,43,6.04,outubro/2026
São Paulo,Limão,apartamento,aluguel,38.9,36.1,46.3,10,6.04,outubro/2026
São Paulo,Limoeiro,apartamento,venda,4691.0,3897.3,5301.8,12,,outubro/2026
São Paulo,Loteamento City Jaragua,apartamento,venda,6108.7,5319.1,6785.7,33,7.76,outubro/2026
São Paulo,Loteamento City Jaragua,apartamento,aluguel,39.5,32.3,42.1,6,7.76,outubro/2026
São Paulo,Loteamento Reserva Raposo,apartamento,venda,6630.4,6021.8,7112.2,15,,outubro/2026
São Paulo,Luz,apartamento,venda,7619.0,6333.3,8936.2,25,,outubro/2026
São Paulo,Mairarê Reserva Raposo,apartamento,venda,10638.3,9824.6,11988.3,13,,outubro/2026
São Paulo,Mandaqui,apartamento,venda,7270.9,6115.1,8996.2,124,5.78,outubro/2026
São Paulo,Mandaqui,apartamento,aluguel,35.0,32.6,47.6,27,5.78,outubro/2026
São Paulo,Maranhão,apartamento,venda,7740.4,6758.0,8881.5,30,7.44,outubro/2026
São Paulo,Maranhão,apartamento,aluguel,48.0,42.9,52.1,8,7.44,outubro/2026
São Paulo,Mirandópolis,apartamento,venda,10456.4,8092.0,13980.1,158,6.63,outubro/2026
São Paulo,Mirandópolis,apartamento,aluguel,57.8,48.0,75.2,33,6.63,outubro/2026
São Paulo,Moema,apartamento,venda,16538.5,12292.9,22764.3,723,5.6,outubro/2026
São Paulo,Moema,apartamento,aluguel,77.2,61.7,115.1,193,5.6,outubro/2026
São Paulo,Mooca,apartamento,venda,9330.8,6822.3,12113.1,494,6.43,outubro/2026
São Paulo,Mooca,apartamento,aluguel,50.0,40.8,62.6,105,6.43,outubro/2026
São Paulo,Morro dos Ingleses,apartamento,venda,9345.8,7723.2,13425.6,55,5.89,outubro/2026
São Paulo,Morro dos Ingleses,apartamento,aluguel,45.9,30.8,62.6,27,5.89,outubro/2026
São Paulo,Morumbi,apartamento,venda,8181.8,5793.7,10975.6,309,7.7,outubro/2026
São Paulo,Morumbi,apartamento,aluguel,52.5,37.9,76.5,125,7.7,outubro/2026
São Paulo,Nossa Senhora do Ó,apartamento,venda,7761.2,6381.0,8809.5,35,6.22,outubro/2026
São Paulo,Nossa Senhora do Ó,apartamento,aluguel,40.2,37.3,50.0,13,6.22,outubro/2026
São Paulo,Nova Klabin,apartamento,venda,13138.0,11418.0,14096.9,24,,outubro/2026
São Paulo,Nova Piraju,apartamento,venda,7473.4,7011.5,10118.4,30,15.29,outubro/2026
São Paulo,Nova Piraju,apartamento,aluguel,95.2,75.0,120.0,7,15.29,outubro/2026
São Paulo,Núcleo do Engordador,apartamento,venda,4660.0,4524.0,4940.0,7,,outubro/2026
São Paulo,Núcleo Lageado,apartamento,venda,4234.0,3609.7,4743.6,15,,outubro/2026
São Paulo,Pacaembu,apartamento,venda,10136.2,7598.4,13575.0,40,4.19,outubro/2026
São Paulo,Pacaembu,apartamento,aluguel,35.4,32.8,43.7,7,4.19,outubro/2026
São Paulo,Paineiras do Morumbi,apartamento,venda,6956.5,5266.7,7253.4,11,,outubro/2026
São Paulo,Panamby,apartamento,venda,9265.0,7075.6,11475.9,106,7.64,outubro/2026
São Paulo,Panamby,apartamento,aluguel,59.0,46.6,76.4,82,7.64,outubro/2026
São Paulo,Parada,apartamento,venda,6792.3,5395.5,8170.2,6,,outubro/2026
São Paulo,Parada de Taipas,apartamento,venda,4482.8,4405.2,5943.9,7,,outubro/2026
São Paulo,Parada Inglesa,apartamento,venda,9298.2,7932.2,10714.9,127,7.65,outubro/2026
São Paulo,Parada Inglesa,apartamento,aluguel,59.3,48.6,72.8,26,7.65,outubro/2026
São Paulo,Parada XV de Novembro,apartamento,venda,5700.3,4451.3,6662.8,34,,outubro/2026
São Paulo,Paraíso,apartamento,venda,13372.1,10000.0,18564.1,495,6.41,outubro/2026
São Paulo,Paraíso,apartamento,aluguel,71.4,50.8,97.7,129,6.41,outubro/2026
São Paulo,Paraíso do Morumbi,apartamento,venda,7979.5,6477.7,10545.3,82,7.29,outubro/2026
São Paulo,Paraíso do Morumbi,apartamento,aluguel,48.5,30.4,61.4,40,7.29,outubro/2026
São Paulo,Paraisópolis,apartamento,venda,4918.0,3669.6,6456.2,59,11.05,outubro/2026
São Paulo,Paraisópolis,apartamento,aluguel,45.3,39.0,51.1,12,11.05,outubro/2026
São Paulo,Pari,apartamento,venda,10831.3,7228.4,12164.4,19,,outubro/2026
São Paulo,Parque Alves de Lima,apartamento,venda,8920.4,7934.0,11227.5,20,,outubro/2026
São Paulo,Parque Arariba,apartamento,venda,8414.6,7988.1,8779.9,7,,outubro/2026
São Paulo,Parque Artur Alvim,apartamento,venda,5921.7,5070.5,7234.2,30,,outubro/2026
São Paulo,Parque Bairro Morumbi,apartamento,venda,5454.5,4586.0,5940.7,27,,outubro/2026
São Paulo,Parque Boa Esperança,apartamento,venda,4750.0,4354.2,5300.0,17,,outubro/2026
São Paulo,Parque Boturussu,apartamento,venda,5991.8,5352.6,6798.6,16,8.63,outubro/2026
São Paulo,Parque Boturussu,apartamento,aluguel,43.1,31.6,44.7,10,8.63,outubro/2026
São Paulo,Parque Bristol,apartamento,venda,5500.0,4745.1,6165.8,39,8.92,outubro/2026
São Paulo,Parque Bristol,apartamento,aluguel,40.9,38.1,43.3,11,8.92,outubro/2026
São Paulo,Parque Casa de Pedra,apartamento,venda,5666.7,4732.6,6079.5,7,9.17,outubro/2026
São Paulo,Parque Casa de Pedra,apartamento,aluguel,43.3,37.8,45.0,5,9.17,outubro/2026
São Paulo,Parque Císper,apartamento,venda,6026.3,5178.4,6611.0,8,8.42,outubro/2026
São Paulo,Parque Císper,apartamento,aluguel,42.3,34.8,47.8,6,8.42,outubro/2026
São Paulo,Parque Colonial,apartamento,venda,13024.2,10901.2,16819.4,24,5.83,outubro/2026
São Paulo,Parque Colonial,apartamento,aluguel,63.3,60.8,95.0,9,5.83,outubro/2026
São Paulo,Parque Continental,apartamento,venda,7865.0,6978.0,8677.2,14,,outubro/2026
São Paulo,Parque Cruzeiro do Sul,apartamento,venda,5397.4,5096.9,6317.9,12,,outubro/2026
São Paulo,Parque da Mooca,apartamento,venda,9398.7,7519.9,12970.3,122,6.97,outubro/2026
São Paulo,Parque da Mooca,apartamento,aluguel,54.6,50.0,65.6,28,6.97,outubro/2026
São Paulo,Parque da Vila Prudente,apartamento,venda,9800.0,7979.3,11119.2,75,6.0,outubro/2026
São Paulo,Parque da Vila Prudente,apartamento,aluguel,49.0,44.6,51.4,16,6.0,outubro/2026
São Paulo,Parque das Árvores,apartamento,venda,4833.3,4372.6,5202.4,19,,outubro/2026
São Paulo,Parque das Paineiras,apartamento,venda,6140.4,5220.0,7554.1,39,7.97,outubro/2026
São Paulo,Parque das Paineiras,apartamento,aluguel,40.8,40.7,42.9,5,7.97,outubro/2026
São Paulo,Parque do Carmo,apartamento,venda,6547.6,5725.0,7471.3,19,5.83,outubro/2026
São Paulo,Parque do Carmo,apartamento,aluguel,31.8,26.9,34.1,17,5.83,outubro/2026
São Paulo,Parque do Morumbi,apartamento,venda,11468.5,10267.6,12529.2,31,8.0,outubro/2026
São Paulo,Parque do Morumbi,apartamento,aluguel,76.5,68.5,87.4,11,8.0,outubro/2026
São Paulo,Parque Dom João Neri,apartamento,venda,5570.8,4792.9,5994.7,14,,outubro/2026
São Paulo,Parque dos Príncipes,apartamento,venda,11237.5,10529.8,12154.7,9,4.59,outubro/2026
São Paulo,Parque dos Príncipes,apartamento,aluguel,43.0,35.0,50.5,8,4.59,outubro/2026
São Paulo,Parque Edu Chaves,apartamento,venda,6808.5,5926.1,7974.1,11,,outubro/2026
São Paulo,Parque Esmeralda,apartamento,venda,6066.5,4487.8,6850.5,34,8.29,outubro/2026
São Paulo,Parque Esmeralda,apartamento,aluguel,41.9,39.8,54.0,10,8.29,outubro/2026
São Paulo,Parque Fernanda,apartamento,venda,6632.7,6265.3,7295.9,8,,outubro/2026
São Paulo,Parque Flamengo,apartamento,venda,4564.8,4313.1,4855.8,8,,outubro/2026
São Paulo,Parque Fongaro,apartamento,venda,5918.6,4847.7,7128.2,32,,outubro/2026
São Paulo,Parque Guarani,apartamento,venda,5731.7,5333.3,5998.3,5,,outubro/2026
São Paulo,Parque Imperial,apartamento,venda,9934.2,8385.5,11590.1,50,5.54,outubro/2026
São Paulo,Parque Imperial,apartamento,aluguel,45.9,42.0,54.4,24,5.54,outubro/2026
São Paulo,Parque Independência,apartamento,venda,8612.9,7180.0,9511.7,22,,outubro/2026
São Paulo,Parque Industrial Tomas Edson,apartamento,venda,11783.4,10071.4,13273.6,42,6.5,outubro/2026
São Paulo,Parque Industrial Tomas Edson,apartamento,aluguel,63.8,60.0,73.5,17,6.5,outubro/2026
São Paulo,Parque Ipê,apartamento,venda,6180.6,5201.0,7181.5,36,7.71,outubro/2026
São Paulo,Parque Ipê,apartamento,aluguel,39.7,35.2,51.2,18,7.71,outubro/2026
São Paulo,Parque Mandaqui,apartamento,venda,7163.5,6156.1,8306.7,87,6.42,outubro/2026
São Paulo,Parque Mandaqui,apartamento,aluguel,38.3,30.6,47.8,18,6.42,outubro/2026
São Paulo,Parque Maria Domitila,apartamento,venda,7377.0,6406.2,8352.9,13,,outubro/2026
São Paulo,Parque Maria Helena,apartamento,venda,7078.0,6458.3,7974.2,30,6.83,outubro/2026
São Paulo,Parque Maria Helena,apartamento,aluguel,40.3,35.2,50.0,21,6.83,outubro/2026
São Paulo,Parque Maria Luiza,apartamento,venda,6966.7,6243.1,8597.8,19,,outubro/2026
São Paulo,Parque Munhoz,apartamento,venda,5577.8,4887.3,6311.8,42,7.36,outubro/2026
São Paulo,Parque Munhoz,apartamento,aluguel,34.2,31.4,38.5,29,7.36,outubro/2026
São Paulo,Parque Nações Unidas,apartamento,venda,4563.7,3924.6,5308.3,24,7.26,outubro/2026
São Paulo,Parque Nações Unidas,apartamento,aluguel,27.6,23.3,32.3,19,7.26,outubro/2026
São Paulo,Parque Novo Mundo,apartamento,venda,6483.4,5791.8,7374.3,50,6.52,outubro/2026
São Paulo,Parque Novo Mundo,apartamento,aluguel,35.2,29.8,42.4,14,6.52,outubro/2026
São Paulo,Parque Panamericano,apartamento,venda,7166.1,5810.8,8465.2,14,6.33,outubro/2026
São Paulo,Parque Panamericano,apartamento,aluguel,37.8,34.2,39.3,7,6.33,outubro/2026
São Paulo,Parque Paulistano,apartamento,venda,7293.1,6082.1,7814.0,6,5.48,outubro/2026
São Paulo,Parque Paulistano,apartamento,aluguel,33.3,28.4,36.7,7,5.48,outubro/2026
São Paulo,Parque Peruche,apartamento,venda,9280.0,7303.2,9725.0,16,6.98,outubro/2026
São Paulo,Parque Peruche,apartamento,aluguel,54.0,51.5,58.0,9,6.98,outubro/2026
São Paulo,Parque Rebouças,apartamento,venda,7161.8,6381.0,8444.0,63,7.89,outubro/2026
São Paulo,Parque Rebouças,apartamento,aluguel,47.1,41.8,52.4,37,7.89,outubro/2026
São Paulo,Parque Regina,apartamento,venda,10433.6,8456.2,10831.1,8,4.62,outubro/2026
São Paulo,Parque Regina,apartamento,aluguel,40.2,34.1,48.5,18,4.62,outubro/2026
São Paulo,Parque Residencial da Lapa,apartamento,venda,7258.1,5498.8,10800.0,37,,outubro/2026
São Paulo,Parque Residencial Julia,apartamento,venda,8780.5,8175.0,9089.1,19,6.1,outubro/2026
São Paulo,Parque Residencial Julia,apartamento,aluguel,44.6,41.7,50.4,9,6.1,outubro/2026
São Paulo,Parque Santa Rita,apartamento,venda,5510.4,4632.0,6745.0,16,6.79,outubro/2026
São Paulo,Parque Santa Rita,apartamento,aluguel,31.2,27.6,35.1,17,6.79,outubro/2026
São Paulo,Parque Santo Antônio,apartamento,venda,5000.0,3767.2,5687.5,23,,outubro/2026
São Paulo,Parque São Domingos,apartamento,venda,11739.1,8181.4,14857.1,31,8.03,outubro/2026
São Paulo,Parque São Domingos,apartamento,aluguel,78.6,61.3,94.3,23,8.03,outubro/2026
São Paulo,Parque São Jorge,apartamento,venda,10714.9,7790.5,12958.7,86,7.79,outubro/2026
São Paulo,Parque São Jorge,apartamento,aluguel,69.6,51.0,80.8,27,7.79,outubro/2026
São Paulo,Parque São Lourenço,apartamento,venda,5221.1,4629.8,5978.7,42,7.29,outubro/2026
São Paulo,Parque São Lourenço,apartamento,aluguel,31.7,29.1,37.7,6,7.29,outubro/2026
São Paulo,Parque São Luís,apartamento,venda,6072.8,5230.8,6612.0,12,6.48,outubro/2026
São Paulo,Parque São Luís,apartamento,aluguel,32.8,28.5,36.3,8,6.48,outubro/2026
São Paulo,Parque São Rafael,apartamento,venda,6775.0,5312.5,7575.8,13,4.94,outubro/2026
São Paulo,Parque São Rafael,apartamento,aluguel,27.9,27.6,31.1,6,4.94,outubro/2026
São Paulo,Parque Savoy City,apartamento,venda,5416.7,5000.0,6190.5,9,7.75,outubro/2026
São Paulo,Parque Savoy City,apartamento,aluguel,35.0,31.9,36.8,7,7.75,outubro/2026
São Paulo,Parque Sevilha,apartamento,venda,5638.3,5425.7,5851.2,7,,outubro/2026
São Paulo,Parque Tomas Saraiva,apartamento,venda,5684.0,4787.3,6172.9,20,,outubro/2026
São Paulo,Parque Vitória,apartamento,venda,8443.8,7555.6,9137.9,29,7.56,outubro/2026
São Paulo,Parque Vitória,apartamento,aluguel,53.2,43.7,58.9,19,7.56,outubro/2026
São Paulo,Paulista,apartamento,venda,16988.2,14049.5,20581.5,6,,outubro/2026
São Paulo,Pedreira,apartamento,venda,5700.0,4667.3,6842.9,11,10.53,outubro/2026
São Paulo,Pedreira,apartamento,aluguel,50.0,31.6,54.8,11,10.53,outubro/2026
São Paulo,Penha de França,apartamento,venda,7090.9,5822.1,8575.7,151,7.38,outubro/2026
São Paulo,Penha de França,apartamento,aluguel,43.6,36.5,53.6,39,7.38,outubro/2026
São Paulo,Perdizes,apartamento,venda,13044.1,9990.6,17364.6,602,6.71,outubro/2026
São Paulo,Perdizes,apartamento,aluguel,72.9,49.9,104.7,116,6.71,outubro/2026
São Paulo,Perus,apartamento,venda,6994.4,3762.0,7379.5,18,,outubro/2026
São Paulo,Pinheiros,apartamento,venda,17878.8,12794.7,23111.4,587,7.0,outubro/2026
São Paulo,Pinheiros,apartamento,aluguel,104.3,70.0,132.7,208,7.0,outubro/2026
São Paulo,Piqueri,apartamento,venda,7298.6,5946.6,8498.2,26,5.8,outubro/2026
São Paulo,Piqueri,apartamento,aluguel,35.3,26.6,41.7,7,5.8,outubro/2026
São Paulo,Pirajussara,apartamento,venda,5740.7,5092.6,6944.4,37,,outubro/2026
São Paulo,Pirituba,apartamento,venda,6815.8,5925.9,7923.2,25,6.3,outubro/2026
São Paulo,Pirituba,apartamento,aluguel,35.8,30.6,44.0,7,6.3,outubro/2026
São Paulo,Planalto Paulista,apartamento,venda,11034.5,8647.8,13621.8,79,6.09,outubro/2026
São Paulo,Planalto Paulista,apartamento,aluguel,56.0,35.6,61.1,21,6.09,outubro/2026
São Paulo,Ponte Rasa,apartamento,venda,6822.2,6055.6,7300.0,6,5.79,outubro/2026
São Paulo,Ponte Rasa,apartamento,aluguel,32.9,29.3,35.5,5,5.79,outubro/2026
São Paulo,Portal do Morumbi,apartamento,venda,9181.8,7110.2,9909.5,19,,outubro/2026
São Paulo,Praça da Árvore,apartamento,venda,13504.7,9827.2,14828.6,16,,outubro/2026
São Paulo,Quarta Parada,apartamento,venda,11992.6,10465.3,13591.4,20,6.0,outubro/2026
São Paulo,Quarta Parada,apartamento,aluguel,60.0,47.1,65.7,10,6.0,outubro/2026
São Paulo,Quinta da Paineira,apartamento,venda,7203.2,6261.9,8787.1,52,,outubro/2026
São Paulo,Raposo Tavares,apartamento,venda,5106.4,4954.5,9352.5,5,,outubro/2026
São Paulo,Real Parque,apartamento,venda,11444.1,7000.0,24462.4,77,4.47,outubro/2026
São Paulo,Real Parque,apartamento,aluguel,42.6,33.2,65.2,12,4.47,outubro/2026
São Paulo,Recanto Paraíso,apartamento,venda,14263.0,12505.2,21782.0,16,,outubro/2026
São Paulo,República,apartamento,venda,9809.6,6713.2,12920.0,66,8.02,outubro/2026
São Paulo,República,apartamento,aluguel,65.6,50.0,80.2,22,8.02,outubro/2026
São Paulo,Rio Pequeno,apartamento,venda,7004.8,6095.5,8529.6,19,7.06,outubro/2026
São Paulo,Rio Pequeno,apartamento,aluguel,41.2,37.8,51.1,12,7.06,outubro/2026
São Paulo,Sacomã,apartamento,venda,6487.7,5282.7,7785.0,134,7.84,outubro/2026
São Paulo,Sacomã,apartamento,aluguel,42.4,39.0,50.0,27,7.84,outubro/2026
São Paulo,Santa Cecília,apartamento,venda,10524.6,8536.1,12988.5,270,6.56,outubro/2026
São Paulo,Santa Cecília,apartamento,aluguel,57.5,44.3,78.7,46,6.56,outubro/2026
São Paulo,Santa Efigênia,apartamento,venda,5806.1,5212.8,8139.6,11,,outubro/2026
São Paulo,Santa Teresinha,apartamento,venda,10692.3,7827.2,14004.1,119,6.86,outubro/2026
São Paulo,Santa Teresinha,apartamento,aluguel,61.1,60.3,80.0,7,6.86,outubro/2026
São Paulo,Santana,apartamento,venda,9558.3,7278.3,12631.6,479,6.58,outubro/2026
São Paulo,Santana,apartamento,aluguel,52.4,33.5,71.4,98,6.58,outubro/2026
São Paulo,Santo Amaro,apartamento,venda,10892.6,8292.7,13895.5,269,8.22,outubro/2026
São Paulo,Santo Amaro,apartamento,aluguel,74.6,56.9,93.6,70,8.22,outubro/2026
São Paulo,São João Clímaco,apartamento,venda,5470.2,4979.5,6225.3,20,8.53,outubro/2026
São Paulo,São João Clímaco,apartamento,aluguel,38.9,32.1,43.5,5,8.53,outubro/2026
São Paulo,São Judas,apartamento,venda,10000.0,7337.0,11697.0,43,6.82,outubro/2026
São Paulo,São Judas,apartamento,aluguel,56.8,39.9,58.7,11,6.82,outubro/2026
São Paulo,São Lucas,apartamento,venda,6863.6,6166.7,7866.7,57,7.41,outubro/2026
São Paulo,São Lucas,apartamento,aluguel,42.4,36.1,46.0,18,7.41,outubro/2026
São Paulo,São Mateus,apartamento,venda,5657.6,5403.1,6089.1,7,,outubro/2026
São Paulo,São Miguel,apartamento,venda,6068.0,5255.9,6463.1,10,,outubro/2026
São Paulo,São Miguel Paulista,apartamento,venda,6206.3,4791.7,6981.1,37,5.68,outubro/2026
São Paulo,São Miguel Paulista,apartamento,aluguel,29.4,27.8,34.9,5,5.68,outubro/2026
São Paulo,Sapopemba,apartamento,venda,7498.9,6830.4,8026.6,12,6.78,outubro/2026
São Paulo,Sapopemba,apartamento,aluguel,42.4,39.8,45.0,20,6.78,outubro/2026
São Paulo,Saúde,apartamento,venda,9867.5,7468.0,12210.3,320,6.83,outubro/2026
São Paulo,Saúde,apartamento,aluguel,56.2,43.3,79.7,49,6.83,outubro/2026
São Paulo,Sé,apartamento,venda,7000.0,5789.5,8750.0,25,12.1,outubro/2026
São Paulo,Sé,apartamento,aluguel,70.6,31.6,81.0,5,12.1,outubro/2026
São Paulo,Sítio da Figueira,apartamento,venda,8000.0,6992.0,9141.8,15,,outubro/2026
São Paulo,Sítio do Mandaqui,apartamento,venda,6666.7,6050.9,7371.4,7,,outubro/2026
São Paulo,Sítio Pinheirinho,apartamento,venda,6176.9,5683.2,6550.0,6,,outubro/2026
São Paulo,Socorro,apartamento,venda,8611.1,7638.9,10333.3,21,7.64,outubro/2026
São Paulo,Socorro,apartamento,aluguel,54.8,47.9,62.0,18,7.64,outubro/2026
São Paulo,Sumaré,apartamento,venda,15000.0,11372.2,18039.0,95,5.85,outubro/2026
São Paulo,Sumaré,apartamento,aluguel,73.1,45.4,102.9,13,5.85,outubro/2026
São Paulo,Sumarezinho,apartamento,venda,14068.8,11077.4,18937.5,62,8.21,outubro/2026
São Paulo,Sumarezinho,apartamento,aluguel,96.2,83.9,107.1,17,8.21,outubro/2026
São Paulo,Super Quadra Morumbi,apartamento,venda,5912.4,5600.0,6450.3,17,,outubro/2026
São Paulo,Taipas,apartamento,venda,4975.0,4354.1,5701.1,27,,outubro/2026
São Paulo,Tatuapé,apartamento,venda,10732.7,8110.5,13735.7,802,6.87,outubro/2026
São Paulo,Tatuapé,apartamento,aluguel,61.4,46.4,76.6,229,6.87,outubro/2026
São Paulo,Tremembé,apartamento,venda,6957.4,5650.0,8308.5,34,,outubro/2026
São Paulo,Tucuruvi,apartamento,venda,8805.4,7224.8,10841.6,172,6.98,outubro/2026
São Paulo,Tucuruvi,apartamento,aluguel,51.2,40.6,81.4,22,6.98,outubro/2026
São Paulo,Umarizal,apartamento,venda,9027.8,8444.4,9962.1,8,,outubro/2026
São Paulo,Usina Piratininga,apartamento,aluguel,50.0,48.6,50.0,5,,outubro/2026
São Paulo,V Mariana,apartamento,venda,10000.0,7935.8,12533.3,9,,outubro/2026
São Paulo,Várzea da Barra Funda,apartamento,venda,11463.4,10069.0,13001.3,15,8.03,outubro/2026
São Paulo,Várzea da Barra Funda,apartamento,aluguel,76.7,66.7,77.0,5,8.03,outubro/2026
São Paulo,Várzea de Baixo,apartamento,venda,12904.3,10956.2,13710.5,6,,outubro/2026
São Paulo,Veleiros,apartamento,aluguel,47.9,47.1,51.9,5,,outubro/2026
São Paulo,Vila Água Funda,apartamento,venda,8358.2,6571.3,9085.4,7,,outubro/2026
São Paulo,Vila Albertina,apartamento,venda,8194.4,6989.2,9574.5,29,5.95,outubro/2026
São Paulo,Vila Albertina,apartamento,aluguel,40.6,35.9,47.7,6,5.95,outubro/2026
São Paulo,Vila Alexandria,apartamento,venda,7232.1,6400.0,9206.3,13,,outubro/2026
São Paulo,Vila Alpina,apartamento,venda,7481.5,6071.4,9016.7,57,5.71,outubro/2026
São Paulo,Vila Alpina,apartamento,aluguel,35.6,24.2,37.7,7,5.71,outubro/2026
São Paulo,Vila Amália,apartamento,venda,7460.9,6314.4,8977.8,26,,outubro/2026
São Paulo,Vila Amélia,apartamento,venda,6041.7,5089.3,7275.5,16,6.75,outubro/2026
São Paulo,Vila Amélia,apartamento,aluguel,34.0,33.3,42.9,5,6.75,outubro/2026
São Paulo,Vila Anastácio,apartamento,venda,13435.2,12263.0,14888.5,46,5.85,outubro/2026
São Paulo,Vila Anastácio,apartamento,aluguel,65.5,57.7,74.7,7,5.85,outubro/2026
São Paulo,Vila Andrade,apartamento,venda,7579.0,5829.9,9457.3,358,7.73,outubro/2026
São Paulo,Vila Andrade,apartamento,aluguel,48.8,39.1,58.3,115,7.73,outubro/2026
São Paulo,Vila Anglo Brasileira,apartamento,venda,14032.3,10879.8,15191.7,7,,outubro/2026
São Paulo,Vila Antonieta,apartamento,venda,6968.8,6298.3,7916.3,35,6.37,outubro/2026
São Paulo,Vila Antonieta,apartamento,aluguel,37.0,34.4,42.0,7,6.37,outubro/2026
São Paulo,Vila Antonina,apartamento,venda,8333.3,6811.1,9291.7,31,,outubro/2026
São Paulo,Vila Araguaia,apartamento,venda,6257.4,5833.3,6875.0,9,,outubro/2026
São Paulo,Vila Arapuã,apartamento,venda,5208.3,4909.1,5818.2,13,,outubro/2026
São Paulo,Vila Aricanduva,apartamento,venda,7777.8,7142.9,8702.2,41,7.71,outubro/2026
São Paulo,Vila Aricanduva,apartamento,aluguel,50.0,47.7,62.5,8,7.71,outubro/2026
São Paulo,Vila Aurora (Zona Norte),apartamento,venda,7352.9,6642.9,8410.6,19,,outubro/2026
São Paulo,Vila Azevedo,apartamento,venda,9250.0,8136.3,10798.4,24,,outubro/2026
São Paulo,Vila Barbosa,apartamento,venda,7692.3,7371.8,8157.9,9,,outubro/2026
São Paulo,Vila Baruel,apartamento,venda,15681.9,8988.0,16593.5,6,,outubro/2026
São Paulo,Vila Basileia,apartamento,venda,6932.4,6464.4,7656.2,5,,outubro/2026
São Paulo,Vila Beatriz,apartamento,venda,15625.0,8641.2,20348.1,19,,outubro/2026
São Paulo,Vila Bela,apartamento,venda,7434.4,6722.7,7801.9,23,,outubro/2026
São Paulo,Vila Bela Vista (Zona Norte),apartamento,venda,5877.1,5427.0,6591.8,8,,outubro/2026
São Paulo,Vila Bertioga,apartamento,venda,10083.0,8078.0,11282.3,28,,outubro/2026
São Paulo,Vila Brasilândia,apartamento,venda,7470.6,5452.6,8332.8,35,,outubro/2026
São Paulo,Vila Brasilina,apartamento,venda,6782.6,6379.2,8155.4,16,,outubro/2026
São Paulo,Vila Brasílio Machado,apartamento,venda,8916.7,7448.5,11521.8,47,,outubro/2026
São Paulo,Vila Buarque,apartamento,venda,8928.6,7263.2,11666.7,73,8.75,outubro/2026
São Paulo,Vila Buarque,apartamento,aluguel,65.1,51.0,79.2,22,8.75,outubro/2026
São Paulo,Vila Buenos Aires,apartamento,venda,6250.0,5792.9,6857.1,17,,outubro/2026
São Paulo,Vila Butantã,apartamento,venda,7400.0,6455.9,9259.3,25,8.61,outubro/2026
São Paulo,Vila Butantã,apartamento,aluguel,53.1,40.5,86.9,18,8.61,outubro/2026
São Paulo,Vila Cachoeira,apartamento,venda,5537.6,4776.9,6491.4,20,,outubro/2026
São Paulo,Vila Califórnia,apartamento,venda,7319.3,6761.5,8119.3,26,6.57,outubro/2026
São Paulo,Vila Califórnia,apartamento,aluguel,40.1,38.8,62.5,5,6.57,outubro/2026
São Paulo,Vila Campanela,apartamento,venda,8327.9,6654.7,9409.3,8,,outubro/2026
São Paulo,Vila Campestre,apartamento,venda,6978.3,6229.2,9452.1,17,7.27,outubro/2026
São Paulo,Vila Campestre,apartamento,aluguel,42.3,34.0,49.0,8,7.27,outubro/2026
São Paulo,Vila Canero,apartamento,venda,9739.1,9046.4,11319.4,8,,outubro/2026
São Paulo,Vila Caraguatá,apartamento,venda,6140.1,5861.1,8439.6,12,,outubro/2026
São Paulo,Vila Carioca,apartamento,venda,8289.5,7450.0,10000.0,9,,outubro/2026
São Paulo,Vila Carlos de Campos,apartamento,venda,7618.4,7196.5,8484.4,8,,outubro/2026
São Paulo,Vila Carmosina,apartamento,venda,5833.3,4700.0,6793.1,41,8.02,outubro/2026
São Paulo,Vila Carmosina,apartamento,aluguel,39.0,28.9,43.1,8,8.02,outubro/2026
São Paulo,Vila Carrão,apartamento,venda,8509.3,7185.8,10816.5,264,7.05,outubro/2026
São Paulo,Vila Carrão,apartamento,aluguel,50.0,38.5,65.0,49,7.05,outubro/2026
São Paulo,Vila Clementino,apartamento,venda,13092.6,10142.3,17895.1,484,6.31,outubro/2026
São Paulo,Vila Clementino,apartamento,aluguel,68.8,53.8,97.6,118,6.31,outubro/2026
São Paulo,Vila Congonhas,apartamento,venda,9718.3,7714.3,11168.8,17,,outubro/2026
São Paulo,Vila Constança,apartamento,venda,7069.0,5952.5,8396.9,49,7.86,outubro/2026
São Paulo,Vila Constança,apartamento,aluguel,46.3,40.5,50.7,6,7.86,outubro/2026
São Paulo,Vila Cordeiro,apartamento,venda,15270.3,13121.3,16676.7,15,7.91,outubro/2026
São Paulo,Vila Cordeiro,apartamento,aluguel,100.6,70.6,118.8,12,7.91,outubro/2026
São Paulo,Vila Cosmopolita,apartamento,venda,5116.3,4657.8,5675.7,11,5.82,outubro/2026
São Paulo,Vila Cosmopolita,apartamento,aluguel,24.8,20.7,27.4,17,5.82,outubro/2026
São Paulo,Vila Costa Melo,apartamento,venda,5859.8,5092.8,6362.3,10,,outubro/2026
São Paulo,Vila Cruzeiro,apartamento,venda,14392.9,12940.5,15885.7,20,,outubro/2026
São Paulo,Vila Curuçá,apartamento,venda,5306.1,4438.3,6502.6,19,,outubro/2026
São Paulo,Vila da Saúde,apartamento,venda,9749.8,8030.8,11743.0,100,7.56,outubro/2026
São Paulo,Vila da Saúde,apartamento,aluguel,61.4,50.4,65.0,15,7.56,outubro/2026
São Paulo,Vila Dalila,apartamento,venda,7000.0,6313.2,8593.8,9,,outubro/2026
São Paulo,Vila das Belezas,apartamento,venda,8068.9,7293.9,8863.5,23,5.31,outubro/2026
São Paulo,Vila das Belezas,apartamento,aluguel,35.7,34.2,37.1,7,5.31,outubro/2026
São Paulo,Vila das Mercês,apartamento,venda,6846.2,5583.8,8021.7,75,7.5,outubro/2026
São Paulo,Vila das Mercês,apartamento,aluguel,42.8,31.3,51.0,21,7.5,outubro/2026
São Paulo,Vila Deodoro,apartamento,venda,7590.6,6574.7,9632.8,12,,outubro/2026
São Paulo,Vila Diva (Zona Leste),apartamento,venda,7444.5,6824.5,7844.9,8,,outubro/2026
São Paulo,Vila do Bosque,apartamento,venda,9009.0,8273.6,9697.1,6,,outubro/2026
São Paulo,Vila do Castelo,apartamento,venda,6678.3,6013.6,8310.7,14,7.8,outubro/2026
São Paulo,Vila do Castelo,apartamento,aluguel,43.4,35.5,65.7,5,7.8,outubro/2026
São Paulo,Vila do Encontro,apartamento,venda,6375.0,5571.4,6962.2,13,8.7,outubro/2026
São Paulo,Vila do Encontro,apartamento,aluguel,46.2,38.9,52.9,5,8.7,outubro/2026
São Paulo,Vila Dom Pedro I,apartamento,venda,11088.9,8253.0,12407.0,69,6.02,outubro/2026
São Paulo,Vila Dom Pedro I,apartamento,aluguel,55.6,42.5,62.9,11,6.02,outubro/2026
São Paulo,Vila Dom Pedro II,apartamento,venda,8648.5,7554.5,9776.9,42,7.56,outubro/2026
São Paulo,Vila Dom Pedro II,apartamento,aluguel,54.5,47.7,62.1,12,7.56,outubro/2026
São Paulo,Vila dos Remédios,apartamento,venda,6363.6,6088.2,6923.1,7,,outubro/2026
São Paulo,Vila Ede,apartamento,venda,6774.2,6342.5,7088.4,7,,outubro/2026
São Paulo,Vila Ema,apartamento,venda,7500.0,6304.5,9333.1,123,7.18,outubro/2026
São Paulo,Vila Ema,apartamento,aluguel,44.9,37.8,55.8,34,7.18,outubro/2026
São Paulo,Vila Esperança,apartamento,venda,7777.8,6328.4,9472.2,67,7.11,outubro/2026
São Paulo,Vila Esperança,apartamento,aluguel,46.1,40.2,54.2,12,7.11,outubro/2026
São Paulo,Vila Ester (Zona Norte),apartamento,venda,9390.3,8178.4,12340.9,32,,outubro/2026
São Paulo,Vila Fernandes,apartamento,venda,7829.6,7648.7,8112.2,6,,outubro/2026
São Paulo,Vila Firmiano Pinto,apartamento,venda,10327.6,8542.8,12747.0,92,6.5,outubro/2026
São Paulo,Vila Firmiano Pinto,apartamento,aluguel,55.9,40.4,79.6,16,6.5,outubro/2026
São Paulo,Vila Formosa,apartamento,venda,8281.2,6683.9,10487.6,263,6.56,outubro/2026
São Paulo,Vila Formosa,apartamento,aluguel,45.3,37.1,58.5,77,6.56,outubro/2026
São Paulo,Vila Gertrudes,apartamento,venda,17241.9,15282.3,18753.2,31,6.96,outubro/2026
São Paulo,Vila Gertrudes,apartamento,aluguel,100.0,90.7,119.4,15,6.96,outubro/2026
São Paulo,Vila Gomes,apartamento,venda,8825.4,8224.9,9702.5,16,,outubro/2026
São Paulo,Vila Gomes Cardim,apartamento,venda,10679.7,8957.7,13032.1,218,6.06,outubro/2026
São Paulo,Vila Gomes Cardim,apartamento,aluguel,53.9,45.6,67.1,32,6.06,outubro/2026
São Paulo,Vila Granada,apartamento,venda,6924.7,6432.5,8190.3,14,,outubro/2026
São Paulo,Vila Guaca,apartamento,venda,9431.8,8159.1,10200.0,33,,outubro/2026
São Paulo,Vila Guarani (Zona Sul),apartamento,venda,9750.0,8078.9,11515.2,147,6.39,outubro/2026
São Paulo,Vila Guarani (Zona Sul),apartamento,aluguel,51.9,43.0,59.4,40,6.39,outubro/2026
São Paulo,Vila Guilherme,apartamento,venda,8774.5,7443.1,10326.9,118,6.39,outubro/2026
São Paulo,Vila Guilherme,apartamento,aluguel,46.7,40.8,53.6,32,6.39,outubro/2026
São Paulo,Vila Guilhermina,apartamento,venda,7338.5,6299.0,8294.5,36,8.4,outubro/2026
São Paulo,Vila Guilhermina,apartamento,aluguel,51.4,43.7,63.6,15,8.4,outubro/2026
São Paulo,Vila Gumercindo,apartamento,venda,9718.3,7979.6,11709.5,223,6.11,outubro/2026
São Paulo,Vila Gumercindo,apartamento,aluguel,49.5,44.3,60.6,24,6.11,outubro/2026
São Paulo,Vila Gustavo,apartamento,venda,8139.7,6852.8,9650.9,64,7.21,outubro/2026
São Paulo,Vila Gustavo,apartamento,aluguel,48.9,46.5,58.1,5,7.21,outubro/2026
São Paulo,Vila Independência,apartamento,venda,8517.5,7458.9,9619.9,42,6.24,outubro/2026
São Paulo,Vila Independência,apartamento,aluguel,44.3,36.7,56.8,5,6.24,outubro/2026
São Paulo,Vila Indiana,apartamento,venda,9833.3,8542.9,10270.3,13,4.88,outubro/2026
São Paulo,Vila Indiana,apartamento,aluguel,40.0,36.4,45.1,5,4.88,outubro/2026
São Paulo,Vila Industrial,apartamento,venda,6093.8,5483.7,6601.7,27,8.05,outubro/2026
São Paulo,Vila Industrial,apartamento,aluguel,40.9,27.0,44.4,5,8.05,outubro/2026
São Paulo,Vila Invernada,apartamento,venda,8571.4,7434.3,10000.0,67,7.2,outubro/2026
São Paulo,Vila Invernada,apartamento,aluguel,51.4,36.2,55.4,15,7.2,outubro/2026
São Paulo,Vila Ipojuca,apartamento,venda,12419.4,10689.7,13114.8,37,5.27,outubro/2026
São Paulo,Vila Ipojuca,apartamento,aluguel,54.5,41.0,79.2,10,5.27,outubro/2026
São Paulo,Vila Irmãos Arnoni,apartamento,venda,8641.5,7481.7,11742.4,16,,outubro/2026
São Paulo,Vila Isa,apartamento,venda,9672.1,8672.1,10163.9,9,5.71,outubro/2026
São Paulo,Vila Isa,apartamento,aluguel,46.0,44.6,54.0,7,5.71,outubro/2026
São Paulo,Vila Isolina Mazzei,apartamento,venda,8677.8,7656.2,10100.4,26,,outubro/2026
São Paulo,Vila Ivg,apartamento,venda,6700.0,6527.8,7200.0,9,,outubro/2026
São Paulo,Vila Ivone,apartamento,venda,7400.0,5971.2,7827.9,12,,outubro/2026
São Paulo,Vila Jacuí,apartamento,venda,7618.6,5816.3,8117.9,15,5.48,outubro/2026
São Paulo,Vila Jacuí,apartamento,aluguel,34.8,28.6,43.1,12,5.48,outubro/2026
São Paulo,Vila Jaguara,apartamento,venda,6219.5,5862.1,6428.6,5,8.78,outubro/2026
São Paulo,Vila Jaguara,apartamento,aluguel,45.5,32.3,48.8,9,8.78,outubro/2026
São Paulo,Vila Jaraguá,apartamento,venda,5629.3,4931.4,6398.5,8,,outubro/2026
São Paulo,Vila Lageado,apartamento,venda,6906.9,6163.0,8484.0,22,6.19,outubro/2026
São Paulo,Vila Lageado,apartamento,aluguel,35.6,29.3,36.9,9,6.19,outubro/2026
São Paulo,Vila Laís,apartamento,venda,7075.5,6163.5,7196.4,7,,outubro/2026
São Paulo,Vila Leonor,apartamento,venda,6774.2,6580.0,6795.5,5,,outubro/2026
São Paulo,Vila Leopoldina,apartamento,venda,14008.8,11160.1,15833.3,77,5.71,outubro/2026
São Paulo,Vila Leopoldina,apartamento,aluguel,66.7,54.7,82.0,41,5.71,outubro/2026
São Paulo,Vila Libanesa,apartamento,venda,8021.7,7200.0,8035.7,5,,outubro/2026
São Paulo,Vila Liviero,apartamento,venda,6479.9,5708.4,6838.0,12,,outubro/2026
São Paulo,Vila Madalena,apartamento,venda,16676.9,13510.1,20713.8,284,5.95,outubro/2026
São Paulo,Vila Madalena,apartamento,aluguel,82.7,64.5,100.0,73,5.95,outubro/2026
São Paulo,Vila Mangalot,apartamento,aluguel,35.7,33.3,38.7,13,,outubro/2026
São Paulo,Vila Maracanã,apartamento,venda,6640.0,5929.8,7593.8,11,,outubro/2026
São Paulo,Vila Marari,apartamento,venda,6794.9,4963.9,8500.0,27,,outubro/2026
São Paulo,Vila Maria,apartamento,venda,10080.5,8518.7,11491.3,42,4.71,outubro/2026
São Paulo,Vila Maria,apartamento,aluguel,39.6,31.9,53.3,20,4.71,outubro/2026
São Paulo,Vila Maria Alta,apartamento,venda,8372.9,7121.1,10377.1,42,5.35,outubro/2026
São Paulo,Vila Maria Alta,apartamento,aluguel,37.3,35.3,48.1,6,5.35,outubro/2026
São Paulo,Vila Mariana,apartamento,venda,12916.7,9785.7,17142.9,1165,6.89,outubro/2026
São Paulo,Vila Mariana,apartamento,aluguel,74.2,56.9,96.4,234,6.89,outubro/2026
São Paulo,Vila Marieta,apartamento,venda,6567.6,5923.1,7200.0,21,,outubro/2026
São Paulo,Vila Marina,apartamento,venda,8385.7,7718.7,9059.4,6,,outubro/2026
São Paulo,Vila Mariza Mazzei,apartamento,venda,8681.3,8482.6,8884.9,6,,outubro/2026
São Paulo,Vila Marte,apartamento,venda,5125.0,5000.0,5344.8,5,,outubro/2026
São Paulo,Vila Mascote,apartamento,venda,9615.4,7655.2,11222.1,67,5.97,outubro/2026
São Paulo,Vila Mascote,apartamento,aluguel,47.8,41.2,60.3,18,5.97,outubro/2026
São Paulo,Vila Matilde,apartamento,venda,7763.2,6655.8,9213.0,91,6.77,outubro/2026
São Paulo,Vila Matilde,apartamento,aluguel,43.8,34.5,53.4,15,6.77,outubro/2026
São Paulo,Vila Mazzei,apartamento,venda,7941.7,7040.8,9314.8,62,7.16,outubro/2026
São Paulo,Vila Mazzei,apartamento,aluguel,47.4,42.0,56.2,18,7.16,outubro/2026
São Paulo,Vila Medeiros,apartamento,venda,6640.5,5371.0,7555.7,32,,outubro/2026
São Paulo,Vila Mendes,apartamento,venda,7173.4,6424.8,7949.5,6,,outubro/2026
São Paulo,Vila Moinho Velho,apartamento,venda,7175.4,6044.9,8084.5,75,7.38,outubro/2026
São Paulo,Vila Moinho Velho,apartamento,aluguel,44.1,30.6,50.3,12,7.38,outubro/2026
São Paulo,Vila Monte Alegre,apartamento,venda,9057.9,7394.0,12215.5,54,,outubro/2026
São Paulo,Vila Monumento,apartamento,venda,8550.0,6256.5,10464.3,139,6.33,outubro/2026
São Paulo,Vila Monumento,apartamento,aluguel,45.1,32.0,62.3,12,6.33,outubro/2026
São Paulo,Vila Moraes,apartamento,venda,5899.6,4634.2,7537.5,30,8.48,outubro/2026
São Paulo,Vila Moraes,apartamento,aluguel,41.7,40.3,47.2,5,8.48,outubro/2026
São Paulo,Vila Moreira,apartamento,venda,7596.2,7085.7,8704.4,15,8.36,outubro/2026
São Paulo,Vila Moreira,apartamento,aluguel,52.9,44.6,54.8,7,8.36,outubro/2026
São Paulo,Vila Morse,apartamento,venda,7325.6,7121.2,10714.3,5,6.86,outubro/2026
São Paulo,Vila Morse,apartamento,aluguel,41.9,38.1,48.4,6,6.86,outubro/2026
São Paulo,Vila Morumbi,apartamento,venda,6701.5,5577.2,7927.6,16,,outubro/2026
São Paulo,Vila Nair,apartamento,venda,9100.0,7936.5,10714.3,33,6.84,outubro/2026
São Paulo,Vila Nair,apartamento,aluguel,51.9,42.7,55.4,9,6.84,outubro/2026
São Paulo,Vila Nhocune,apartamento,venda,6270.9,5434.7,6987.1,36,,outubro/2026
São Paulo,Vila Nilo,apartamento,venda,8498.1,7875.4,9663.9,6,,outubro/2026
São Paulo,Vila Nivi,apartamento,venda,7600.0,6727.2,8750.0,31,,outubro/2026
São Paulo,Vila Nova Cachoeirinha,apartamento,venda,6820.5,5888.9,7719.3,25,7.74,outubro/2026
São Paulo,Vila Nova Cachoeirinha,apartamento,aluguel,44.0,39.3,55.3,7,7.74,outubro/2026
São Paulo,Vila Nova Conceição,apartamento,venda,24911.9,17436.0,30496.3,286,5.92,outubro/2026
São Paulo,Vila Nova Conceição,apartamento,aluguel,122.9,89.7,150.9,124,5.92,outubro/2026
São Paulo,Vila Nova Curuçá,apartamento,venda,4988.2,4303.2,5710.2,19,,outubro/2026
São Paulo,Vila Nova das Belezas,apartamento,venda,8035.3,7916.7,9064.5,13,,outubro/2026
São Paulo,Vila Nova Galvão,apartamento,venda,4030.8,3888.6,6124.2,6,,outubro/2026
São Paulo,Vila Nova Manchester,apartamento,venda,7411.8,6868.3,8584.6,13,,outubro/2026
São Paulo,Vila Nova Mazzei,apartamento,venda,7462.0,6184.7,8756.9,20,,outubro/2026
São Paulo,Vila Nova Savoia,apartamento,venda,7135.6,6294.7,7589.1,10,,outubro/2026
São Paulo,Vila Olímpia,apartamento,venda,17500.0,12884.9,23439.6,303,7.49,outubro/2026
São Paulo,Vila Olímpia,apartamento,aluguel,109.3,86.1,147.4,156,7.49,outubro/2026
São Paulo,Vila Oratório,apartamento,venda,7500.0,7066.7,9000.0,9,,outubro/2026
São Paulo,Vila Paiva,apartamento,venda,8987.3,7777.8,10491.8,17,6.57,outubro/2026
São Paulo,Vila Paiva,apartamento,aluguel,49.2,37.2,54.4,11,6.57,outubro/2026
São Paulo,Vila Palmeiras,apartamento,venda,7822.2,6915.8,9041.6,8,,outubro/2026
São Paulo,Vila Paranaguá,apartamento,venda,6000.0,5188.7,6222.2,9,,outubro/2026
São Paulo,Vila Parque Jabaquara,apartamento,venda,7375.0,6461.5,8384.6,41,6.02,outubro/2026
São Paulo,Vila Parque Jabaquara,apartamento,aluguel,37.0,32.1,46.7,9,6.02,outubro/2026
São Paulo,Vila Paulicéia,apartamento,venda,9141.7,7312.9,10615.9,44,6.87,outubro/2026
São Paulo,Vila Paulicéia,apartamento,aluguel,52.3,42.3,62.9,11,6.87,outubro/2026
São Paulo,Vila Paulista,apartamento,venda,8191.3,7524.7,9873.0,10,6.71,outubro/2026
São Paulo,Vila Paulista,apartamento,aluguel,45.8,37.8,59.2,6,6.71,outubro/2026
São Paulo,Vila Penteado,apartamento,venda,9523.2,6910.7,10399.2,10,5.41,outubro/2026
São Paulo,Vila Penteado,apartamento,aluguel,42.9,41.7,43.8,5,5.41,outubro/2026
São Paulo,Vila Pereira Barreto,apartamento,venda,7388.5,6349.1,8962.8,24,,outubro/2026
São Paulo,Vila Pirajussara,apartamento,venda,7141.1,5092.6,9384.5,19,5.48,outubro/2026
São Paulo,Vila Pirajussara,apartamento,aluguel,32.6,31.2,33.2,6,5.48,outubro/2026
São Paulo,Vila Pirituba,apartamento,aluguel,48.5,46.9,52.2,8,,outubro/2026
São Paulo,Vila Plana,apartamento,venda,7250.0,6071.4,8098.1,7,,outubro/2026
São Paulo,Vila Polopoli,apartamento,venda,7806.1,6463.8,8115.9,19,,outubro/2026
São Paulo,Vila Pompeia,apartamento,venda,12868.2,10551.0,15615.8,146,5.93,outubro/2026
São Paulo,Vila Pompeia,apartamento,aluguel,63.6,55.6,85.3,27,5.93,outubro/2026
São Paulo,Vila Popular,apartamento,venda,4022.2,3673.9,4255.3,5,,outubro/2026
São Paulo,Vila Portugal,apartamento,venda,5027.8,4441.7,5480.7,24,,outubro/2026
São Paulo,Vila Praia,apartamento,venda,8088.2,7539.1,8607.7,35,,outubro/2026
São Paulo,Vila Prel,apartamento,venda,7640.6,6804.0,8326.9,14,,outubro/2026
São Paulo,Vila Primavera,apartamento,venda,9914.6,7322.0,10944.8,6,,outubro/2026
São Paulo,Vila Princesa Isabel,apartamento,aluguel,27.5,26.5,33.3,7,,outubro/2026
São Paulo,Vila Progredior,apartamento,venda,12872.0,8648.4,16154.2,28,5.68,outubro/2026
São Paulo,Vila Progredior,apartamento,aluguel,60.9,44.6,76.8,11,5.68,outubro/2026
São Paulo,Vila Progresso,apartamento,venda,4899.3,3804.7,5804.5,6,9.04,outubro/2026
São Paulo,Vila Progresso,apartamento,aluguel,36.9,36.2,42.1,7,9.04,outubro/2026
São Paulo,Vila Prudente,apartamento,venda,8695.7,6950.0,10576.9,245,7.12,outubro/2026
São Paulo,Vila Prudente,apartamento,aluguel,51.6,44.2,64.8,62,7.12,outubro/2026
São Paulo,Vila Ré,apartamento,venda,6780.1,6158.1,8354.7,46,6.64,outubro/2026
São Paulo,Vila Ré,apartamento,aluguel,37.5,33.9,42.8,11,6.64,outubro/2026
São Paulo,Vila Regente Feijó,apartamento,venda,9718.3,7958.3,12074.5,215,6.93,outubro/2026
São Paulo,Vila Regente Feijó,apartamento,aluguel,56.1,44.8,76.2,48,6.93,outubro/2026
São Paulo,Vila Rio Branco,apartamento,venda,5500.0,5480.8,5531.9,5,,outubro/2026
São Paulo,Vila Robertina,apartamento,venda,5580.4,4365.5,6195.3,8,,outubro/2026
São Paulo,Vila Romana,apartamento,venda,13324.5,10441.1,15927.4,82,7.01,outubro/2026
São Paulo,Vila Romana,apartamento,aluguel,77.8,72.1,92.4,16,7.01,outubro/2026
São Paulo,Vila Rui Barbosa,apartamento,venda,6000.0,5600.0,6282.1,5,,outubro/2026
São Paulo,Vila Sabrina,apartamento,aluguel,37.3,30.0,46.9,5,,outubro/2026
São Paulo,Vila Santa Catarina,apartamento,venda,7149.9,5977.5,9248.9,52,5.82,outubro/2026
São Paulo,Vila Santa Catarina,apartamento,aluguel,34.7,32.8,45.7,6,5.82,outubro/2026
São Paulo,Vila Santa Clara,apartamento,venda,7907.3,6722.0,8948.4,24,8.06,outubro/2026
São Paulo,Vila Santa Clara,apartamento,aluguel,53.1,50.1,57.6,12,8.06,outubro/2026
São Paulo,Vila Santa Isabel,apartamento,venda,6909.1,6257.3,7914.9,18,,outubro/2026
São Paulo,Vila Santa Maria,apartamento,venda,6400.0,6071.4,7500.0,5,,outubro/2026
São Paulo,Vila Santa Teresa (Zona Sul),apartamento,venda,4680.0,4181.5,5532.9,10,,outubro/2026
São Paulo,Vila Santa Terezinha,apartamento,venda,7888.9,5531.9,8489.4,13,,outubro/2026
São Paulo,Vila Santana,apartamento,venda,6666.3,5469.3,7588.3,7,,outubro/2026
São Paulo,Vila Santo Estéfano,apartamento,venda,7301.7,6056.0,8639.1,36,,outubro/2026
São Paulo,Vila Santo Estevão,apartamento,venda,7692.9,7405.3,16421.9,20,,outubro/2026
São Paulo,Vila Santos,apartamento,venda,6252.0,5851.6,7238.0,12,,outubro/2026
São Paulo,Vila São Francisco,apartamento,venda,9937.5,8108.1,11347.2,129,5.63,outubro/2026
São Paulo,Vila São Francisco,apartamento,aluguel,46.6,39.4,59.2,36,5.63,outubro/2026
São Paulo,Vila São Geraldo,apartamento,venda,5161.3,4590.0,5568.2,5,,outubro/2026
São Paulo,Vila São José (Ipiranga),apartamento,venda,10804.9,8208.4,12520.2,22,,outubro/2026
São Paulo,Vila São Silvestre,apartamento,venda,9964.3,6000.0,11333.3,9,,outubro/2026
São Paulo,Vila Sílvia,apartamento,venda,5211.3,4418.3,5642.7,20,,outubro/2026
São Paulo,Vila Siqueira,apartamento,venda,6406.2,4726.2,6942.3,8,,outubro/2026
São Paulo,Vila Siqueira (Zona Norte),apartamento,venda,7375.9,6329.2,8183.3,51,,outubro/2026
São Paulo,Vila Sofia,apartamento,venda,9070.3,8129.6,12558.0,28,7.55,outubro/2026
São Paulo,Vila Sofia,apartamento,aluguel,57.1,42.4,65.6,20,7.55,outubro/2026
São Paulo,Vila Sônia,apartamento,venda,8589.1,7632.4,9807.7,80,7.85,outubro/2026
São Paulo,Vila Sônia,apartamento,aluguel,56.2,49.2,84.1,20,7.85,outubro/2026
São Paulo,Vila Suzana,apartamento,venda,7045.0,5558.4,8925.0,150,7.56,outubro/2026
São Paulo,Vila Suzana,apartamento,aluguel,44.4,37.3,59.3,32,7.56,outubro/2026
São Paulo,Vila Talarico,apartamento,venda,6720.3,6421.5,7569.0,10,,outubro/2026
São Paulo,Vila Taquari,apartamento,venda,6250.0,5750.0,6729.7,5,,outubro/2026
São Paulo,Vila Tolstoi,apartamento,venda,8496.4,7446.5,9375.0,20,,outubro/2026
São Paulo,Vila Uberabinha,apartamento,venda,17114.3,14666.7,20122.0,57,4.78,outubro/2026
São Paulo,Vila Uberabinha,apartamento,aluguel,68.2,58.3,89.8,15,4.78,outubro/2026
São Paulo,Vila Vera,apartamento,venda,7203.4,6531.0,8170.9,43,7.1,outubro/2026
São Paulo,Vila Vera,apartamento,aluguel,42.6,33.3,44.0,5,7.1,outubro/2026
São Paulo,Vila Vermelha,apartamento,venda,7343.8,5233.7,8518.2,23,8.17,outubro/2026
São Paulo,Vila Vermelha,apartamento,aluguel,50.0,47.6,52.6,5,8.17,outubro/2026
São Paulo,Vila Zat,apartamento,venda,5731.7,5365.6,5809.4,5,,outubro/2026
São Paulo,Vila Zelina,apartamento,venda,7631.8,6327.4,8595.2,24,,outubro/2026
São Paulo,Vila Zilda (Tatuapé),apartamento,venda,11349.5,10108.5,12605.4,44,7.27,outubro/2026
São Paulo,Vila Zilda (Tatuapé),apartamento,aluguel,68.8,54.9,77.7,7,7.27,outubro/2026
São Paulo,Água Fria,terreno,venda,4103.2,3378.4,5035.5,9,,outubro/2026
São Paulo,Água Rasa,terreno,venda,3974.0,2993.8,4416.4,10,,outubro/2026
São Paulo,Alto da Mooca,terreno,venda,4400.0,3827.9,5959.5,11,,outubro/2026
São Paulo,Anhangüera,terreno,venda,950.0,792.9,1062.2,6,,outubro/2026
São Paulo,Balneário Mar Paulista,terreno,venda,1200.0,1045.3,1375.0,5,,outubro/2026
São Paulo,Barro Branco (Zona Norte),terreno,venda,2500.0,1985.0,2740.4,5,,outubro/2026
São Paulo,Bela Vista,terreno,venda,2969.0,2702.6,5876.0,10,,outubro/2026
São Paulo,Bom Retiro,terreno,venda,5505.1,5306.4,6965.8,6,,outubro/2026
São Paulo,Bosque da Saúde,terreno,venda,3553.4,3191.7,4437.7,14,,outubro/2026
São Paulo,Brasilândia,terreno,venda,2428.6,1900.0,2452.3,5,,outubro/2026
São Paulo,Brooklin Paulista,terreno,venda,5161.3,3714.3,5600.0,5,,outubro/2026
São Paulo,Butantã,terreno,venda,3000.0,2029.2,3621.4,27,,outubro/2026
São Paulo,Cambuci,terreno,venda,5387.9,4278.9,5749.3,6,,outubro/2026
São Paulo,Campo Belo,terreno,venda,5789.5,3724.0,6571.4,5,,outubro/2026
São Paulo,Campo Limpo,terreno,venda,1914.4,1306.8,1971.6,5,,outubro/2026
São Paulo,Cangaíba,terreno,venda,2444.4,2321.0,4073.6,7,,outubro/2026
São Paulo,Cantinho do Céu,terreno,venda,877.3,808.7,918.7,5,,outubro/2026
São Paulo,Capão Redondo,terreno,venda,2173.9,1500.0,3719.3,5,,outubro/2026
São Paulo,Carandiru,terreno,venda,6967.2,6425.7,7048.2,5,,outubro/2026
São Paulo,Casa Verde,terreno,venda,3136.2,2754.0,3774.7,6,,outubro/2026
São Paulo,Chácara Belenzinho,terreno,venda,2904.0,2436.8,3800.0,20,,outubro/2026
São Paulo,Chácara Califórnia,terreno,venda,3388.9,2931.6,4129.7,6,,outubro/2026
São Paulo,Chácara Inglesa,terreno,venda,3945.2,2371.2,4851.4,6,,outubro/2026
São Paulo,Chácara Jaraguá,terreno,venda,517.9,471.0,709.2,6,,outubro/2026
São Paulo,Chácara Mafalda,terreno,venda,3353.1,2712.5,4091.6,10,,outubro/2026
São Paulo,Chácara Maria Trindade,terreno,venda,650.0,557.2,673.1,5,,outubro/2026
São Paulo,Chácara Santa Maria,terreno,venda,1415.5,1234.3,1459.8,6,,outubro/2026
São Paulo,Chácara São João,terreno,venda,1283.7,1141.3,2288.0,5,,outubro/2026
São Paulo,Cidade Dabril,terreno,venda,823.5,699.6,1039.0,5,,outubro/2026
São Paulo,Cidade Dutra,terreno,venda,4230.8,2476.2,7011.1,5,,outubro/2026
São Paulo,Cidade Líder,terreno,venda,1755.6,1337.1,2887.5,8,,outubro/2026
São Paulo,Cidade Luz,terreno,venda,212.7,151.1,540.0,6,,outubro/2026
São Paulo,Cidade Mãe do Céu,terreno,venda,5000.0,4000.0,5500.0,9,,outubro/2026
São Paulo,Cidade Patriarca,terreno,venda,2491.2,2284.7,2896.8,14,,outubro/2026
São Paulo,Cidade São Francisco,terreno,venda,1712.7,1530.8,2094.5,6,,outubro/2026
São Paulo,Cidade São Mateus,terreno,venda,2106.2,1503.1,4028.6,6,,outubro/2026
São Paulo,Cidade Vargas,terreno,venda,2807.9,2331.8,3327.2,8,,outubro/2026
São Paulo,City Recanto Anastácio,terreno,venda,2997.4,2997.1,3000.0,5,,outubro/2026
São Paulo,Colônia,terreno,venda,944.5,502.9,1341.7,18,,outubro/2026
São Paulo,Colônia (Zona Sul),terreno,venda,600.0,478.8,733.3,7,,outubro/2026
São Paulo,Cursino,terreno,venda,3611.1,3404.3,3886.7,5,,outubro/2026
São Paulo,Eldorado,terreno,venda,440.3,375.0,1724.1,5,,outubro/2026
São Paulo,Ermelino Matarazzo,terreno,venda,2064.8,1532.6,2491.8,18,,outubro/2026
São Paulo,Guaianases,terreno,venda,1061.9,489.1,1632.2,9,,outubro/2026
São Paulo,Guaiaúna,terreno,venda,3416.7,3045.0,4000.0,10,,outubro/2026
São Paulo,Guarapiranga,terreno,venda,2540.0,1079.1,4096.5,6,,outubro/2026
São Paulo,Horto,terreno,venda,1896.6,912.0,3000.0,9,,outubro/2026
São Paulo,Horto Florestal,terreno,venda,1132.8,924.7,2200.0,13,,outubro/2026
São Paulo,Imirim,terreno,venda,2678.6,2152.5,3809.2,11,,outubro/2026
São Paulo,Interlagos,terreno,venda,2018.3,1516.5,2310.1,7,,outubro/2026
São Paulo,Ipiranga,terreno,venda,4114.6,3308.5,5335.9,39,,outubro/2026
São Paulo,Itaim Paulista,terreno,venda,1825.6,1503.4,2629.9,11,,outubro/2026
São Paulo,Itaquera,terreno,venda,1425.0,1145.2,2245.2,20,,outubro/2026
São Paulo,Jabaquara,terreno,venda,4167.0,3063.9,4912.8,20,,outubro/2026
São Paulo,Jaçanã,terreno,venda,3500.0,2720.2,4000.0,8,,outubro/2026
São Paulo,Jaguaré,terreno,venda,2280.7,1857.8,2589.9,11,,outubro/2026
São Paulo,Jaraguá,terreno,venda,1174.4,900.0,2089.7,11,,outubro/2026
São Paulo,Jardim Adutora,terreno,venda,2380.0,2156.7,4394.3,12,,outubro/2026
São Paulo,Jardim Aladim,terreno,venda,720.0,369.6,857.9,6,,outubro/2026
São Paulo,Jardim Alviverde,terreno,venda,479.5,443.8,1240.0,5,,outubro/2026
São Paulo,Jardim Ampliação,terreno,venda,1814.3,625.5,2894.3,6,,outubro/2026
São Paulo,Jardim Anália Franco,terreno,venda,4893.4,3883.5,5417.1,16,,outubro/2026
São Paulo,Jardim Ângela,terreno,venda,3484.1,2242.3,3759.2,14,,outubro/2026
São Paulo,Jardim Avelino,terreno,venda,4406.5,3785.3,6501.6,8,,outubro/2026
São Paulo,Jardim Bela Vista (Zona Sul),terreno,venda,1533.3,1260.9,1595.1,7,,outubro/2026
São Paulo,Jardim Belcito,terreno,venda,639.9,546.5,922.9,6,,outubro/2026
São Paulo,Jardim Bibi,terreno,venda,1590.9,1317.5,1657.1,9,,outubro/2026
São Paulo,Jardim Boa Vista (Zona Oeste),terreno,venda,1202.5,1200.0,1282.1,5,,outubro/2026
São Paulo,Jardim Bom Refúgio,terreno,venda,2216.0,2168.0,2260.0,5,,outubro/2026
São Paulo,Jardim Botucatu,terreno,venda,4266.7,1997.5,4400.0,5,,outubro/2026
São Paulo,Jardim Brasil,terreno,venda,3000.0,2941.2,3000.0,5,,outubro/2026
São Paulo,Jardim Camargo Novo,terreno,venda,1562.5,1148.0,1696.0,9,,outubro/2026
São Paulo,Jardim Casa Grande,terreno,venda,450.2,281.7,782.7,12,,outubro/2026
São Paulo,Jardim Catanduva,terreno,venda,2191.2,2080.0,2222.2,5,,outubro/2026
São Paulo,Jardim Celeste,terreno,venda,1620.4,922.5,2200.0,9,,outubro/2026
São Paulo,Jardim Clímax,terreno,venda,1965.5,1683.4,2114.2,6,,outubro/2026
São Paulo,Jardim Cotinha,terreno,venda,2792.0,2300.0,3875.0,9,,outubro/2026
São Paulo,Jardim da Glória,terreno,venda,3503.2,3392.0,6000.0,5,,outubro/2026
São Paulo,Jardim da Saúde,terreno,venda,2500.0,2222.1,3429.3,7,,outubro/2026
São Paulo,Jardim das Camélias,terreno,venda,1777.4,996.1,2508.7,6,,outubro/2026
São Paulo,Jardim das Imbuias,terreno,venda,2000.0,1000.0,2560.0,9,,outubro/2026
São Paulo,Jardim das Palmeiras (Zona Sul),terreno,venda,620.0,515.0,736.0,8,,outubro/2026
São Paulo,Jardim das Vertentes,terreno,venda,1500.0,1329.6,1843.3,7,,outubro/2026
São Paulo,Jardim do Colégio,terreno,venda,2666.7,1075.3,3120.9,5,,outubro/2026
São Paulo,Jardim Esmeralda,terreno,venda,1666.7,1600.0,2439.8,5,,outubro/2026
São Paulo,Jardim Floresta,terreno,venda,1797.8,1561.2,1900.0,5,,outubro/2026
São Paulo,Jardim Francisco Mendes,terreno,venda,874.2,638.2,987.0,6,,outubro/2026
São Paulo,Jardim Gilda Maria,terreno,venda,1250.2,814.0,2125.0,7,,outubro/2026
São Paulo,Jardim Guairaca,terreno,venda,3952.6,3658.5,4076.9,5,,outubro/2026
São Paulo,Jardim Ibiratiba,terreno,venda,770.6,551.3,947.5,6,,outubro/2026
São Paulo,Jardim Ingá,terreno,venda,1193.6,872.6,1471.6,6,,outubro/2026
São Paulo,Jardim Itatinga,terreno,venda,1765.6,1517.9,1933.8,8,,outubro/2026
São Paulo,Jardim Jaraguá,terreno,venda,900.0,615.0,1653.0,11,,outubro/2026
São Paulo,Jardim Jaraguá (São Domingos),terreno,venda,2371.8,1883.6,2500.0,6,,outubro/2026
São Paulo,Jardim Kioto,terreno,venda,1381.5,918.8,1384.1,5,,outubro/2026
São Paulo,Jardim Leonor,terreno,venda,2000.0,1584.7,2043.6,5,,outubro/2026
São Paulo,Jardim Leonor Mendes de Barros,terreno,venda,2564.1,2080.6,3000.0,5,,outubro/2026
São Paulo,Jardim Mangalot,terreno,venda,2562.2,2400.0,2756.0,5,,outubro/2026
São Paulo,Jardim Marabá,terreno,venda,2138.7,1478.0,4718.3,7,,outubro/2026
São Paulo,Jardim Monte Kemel,terreno,venda,2000.0,1918.9,2266.7,5,,outubro/2026
São Paulo,Jardim Nordeste,terreno,venda,2266.5,2056.7,2720.0,5,,outubro/2026
São Paulo,Jardim Noronha,terreno,venda,1612.9,1360.0,1703.7,5,,outubro/2026
São Paulo,Jardim Nossa Senhora do Carmo,terreno,venda,4396.3,3289.2,4948.6,6,,outubro/2026
São Paulo,Jardim Novo Carrão,terreno,venda,2060.0,1825.7,2097.4,6,,outubro/2026
São Paulo,Jardim Novo Parelheiros,terreno,venda,415.0,325.7,653.0,21,,outubro/2026
São Paulo,Jardim Pedro José Nunes,terreno,venda,1608.4,1526.0,1807.7,5,,outubro/2026
São Paulo,Jardim Peri,terreno,venda,2176.5,1500.0,2324.3,13,,outubro/2026
São Paulo,Jardim Peri Peri,terreno,venda,2605.5,1652.0,4170.8,10,,outubro/2026
São Paulo,Jardim Piraçuama,terreno,venda,1840.0,1800.0,3600.0,5,,outubro/2026
São Paulo,Jardim Popular,terreno,venda,2980.0,2777.8,3554.5,5,,outubro/2026
São Paulo,Jardim Represa,terreno,venda,1439.4,1353.3,1576.1,6,,outubro/2026
São Paulo,Jardim Samara,terreno,venda,2222.2,2032.8,4000.0,7,,outubro/2026
São Paulo,Jardim Santa Fé (Zona Sul),terreno,venda,390.4,138.9,454.7,6,,outubro/2026
São Paulo,Jardim Santa Helena,terreno,venda,2575.8,2288.3,2727.3,9,,outubro/2026
São Paulo,Jardim Santa Mônica,terreno,venda,2060.0,1528.8,2717.9,8,,outubro/2026
São Paulo,Jardim Santa Tereza,terreno,venda,250.0,250.0,250.0,5,,outubro/2026
São Paulo,Jardim Santo Elias,terreno,venda,3215.4,2451.0,4533.9,5,,outubro/2026
São Paulo,Jardim São Bernardo,terreno,venda,2240.0,1388.9,7575.8,5,,outubro/2026
São Paulo,Jardim São Jorge,terreno,venda,1783.1,1358.0,2145.5,6,,outubro/2026
São Paulo,Jardim São José (Zona Norte),terreno,venda,2319.6,2040.8,4787.5,5,,outubro/2026
São Paulo,Jardim São Judas Tadeu,terreno,venda,1399.3,1333.3,1540.0,14,,outubro/2026
São Paulo,Jardim São Miguel,terreno,venda,1770.8,1733.3,2061.4,5,,outubro/2026
São Paulo,Jardim São Paulo (Zona Norte),terreno,venda,5000.0,3987.7,5157.5,9,,outubro/2026
São Paulo,Jardim São Rafael,terreno,venda,800.0,796.0,1103.6,7,,outubro/2026
São Paulo,Jardim Shangrilá (Zona Sul),terreno,venda,600.0,579.8,777.8,9,,outubro/2026
São Paulo,Jardim Silva Teles,terreno,venda,3871.0,2449.0,6634.5,5,,outubro/2026
São Paulo,Jardim Têxtil,terreno,venda,4423.2,3447.5,4914.3,6,,outubro/2026
São Paulo,Jardim Umarizal,terreno,venda,2933.3,2879.8,3333.3,9,,outubro/2026
São Paulo,Jardim Vitória Régia,terreno,venda,1730.8,1402.1,2023.8,6,,outubro/2026
São Paulo,Lajeado,terreno,venda,920.0,908.9,1003.9,5,,outubro/2026
São Paulo,Lar,terreno,venda,1691.4,1583.8,1769.0,6,,outubro/2026
São Paulo,Lauzane Paulista,terreno,venda,2560.0,2508.6,2702.7,5,,outubro/2026
São Paulo,Limão,terreno,venda,3912.0,3012.1,4110.9,7,,outubro/2026
São Paulo,Limoeiro,terreno,venda,1587.3,1250.0,2166.6,9,,outubro/2026
São Paulo,Mandaqui,terreno,venda,2475.0,2140.7,4296.2,8,,outubro/2026
São Paulo,Maranhão,terreno,venda,3664.5,3322.9,4722.3,8,,outubro/2026
São Paulo,Mooca,terreno,venda,4744.6,3634.1,6174.5,62,,outubro/2026
São Paulo,Morumbi,terreno,venda,2830.2,2171.9,4161.1,19,,outubro/2026
São Paulo,Núcleo do Engordador,terreno,venda,1145.0,1062.5,1218.5,5,,outubro/2026
São Paulo,Parada Inglesa,terreno,venda,3600.0,2560.0,4099.5,7,,outubro/2026
São Paulo,Parelheiros,terreno,venda,264.2,200.0,441.2,13,,outubro/2026
São Paulo,Parque Anhangüera,terreno,venda,1189.2,1064.6,2743.0,11,,outubro/2026
São Paulo,Parque Arariba,terreno,venda,2180.0,1720.7,2333.3,5,,outubro/2026
São Paulo,Parque Boturussu,terreno,venda,2514.3,1734.0,3028.6,17,,outubro/2026
São Paulo,Parque Brasil,terreno,venda,2865.0,2299.2,4056.6,8,,outubro/2026
São Paulo,Parque Cruzeiro do Sul,terreno,venda,1684.2,1428.5,1888.9,9,,outubro/2026
São Paulo,Parque da Vila Prudente,terreno,venda,6446.5,5000.0,6666.7,9,,outubro/2026
São Paulo,Parque das Paineiras,terreno,venda,3154.8,2574.5,3510.0,7,,outubro/2026
São Paulo,Parque do Carmo,terreno,venda,2222.2,1724.1,4755.8,9,,outubro/2026
São Paulo,Parque do Terceiro Lago,terreno,venda,595.2,506.9,739.5,11,,outubro/2026
São Paulo,Parque dos Príncipes,terreno,venda,1109.9,949.9,1305.6,78,,outubro/2026
São Paulo,Parque Edu Chaves,terreno,venda,1983.4,1315.0,2435.6,12,,outubro/2026
São Paulo,Parque Florestal,terreno,venda,139.7,85.5,192.4,6,,outubro/2026
São Paulo,Parque Fongaro,terreno,venda,3100.3,2544.9,4009.6,8,,outubro/2026
São Paulo,Parque Guarani,terreno,venda,2120.0,1964.4,3110.2,7,,outubro/2026
São Paulo,Parque Independência,terreno,venda,2040.9,1908.0,2215.0,8,,outubro/2026
São Paulo,Parque Ipê,terreno,venda,1637.4,1579.3,1902.6,8,,outubro/2026
São Paulo,Parque Novo Mundo,terreno,venda,4266.7,3004.5,4745.2,7,,outubro/2026
São Paulo,Parque Peruche,terreno,venda,2533.3,1926.1,3100.7,7,,outubro/2026
São Paulo,Parque Santa Amélia,terreno,venda,1707.6,1643.3,1723.4,6,,outubro/2026
São Paulo,Parque Santa Madalena,terreno,venda,2529.1,2026.0,2693.8,6,,outubro/2026
São Paulo,Parque Santa Rita,terreno,venda,1622.8,1578.9,1681.8,5,,outubro/2026
São Paulo,Parque Sevilha,terreno,venda,2516.7,2350.0,2770.8,6,,outubro/2026
São Paulo,Parque Vitória,terreno,venda,2529.4,2213.3,2664.4,7,,outubro/2026
São Paulo,Penha de França,terreno,venda,3140.0,2367.3,3900.0,61,,outubro/2026
São Paulo,Perus,terreno,venda,1437.4,1285.2,1660.2,8,,outubro/2026
São Paulo,Pirajussara,terreno,venda,2689.1,2300.0,4958.4,11,,outubro/2026
São Paulo,Quinta da Paineira,terreno,venda,4116.9,3581.5,5756.2,6,,outubro/2026
São Paulo,Rio Pequeno,terreno,venda,2399.6,2377.6,3361.6,5,,outubro/2026
São Paulo,Rolinópolis,terreno,venda,1459.8,1057.5,1914.1,6,,outubro/2026
São Paulo,Sacomã,terreno,venda,2950.0,2524.5,3705.8,11,,outubro/2026
São Paulo,Santana,terreno,venda,4418.7,3297.6,6996.5,10,,outubro/2026
São Paulo,Santo Amaro,terreno,venda,4652.8,4106.6,4888.5,7,,outubro/2026
São Paulo,São Lucas,terreno,venda,2663.0,2082.9,3059.8,12,,outubro/2026
São Paulo,São Miguel Paulista,terreno,venda,1855.2,1560.1,2034.5,11,,outubro/2026
São Paulo,Saúde,terreno,venda,4961.5,3726.5,6090.8,24,,outubro/2026
São Paulo,Tatuapé,terreno,venda,5382.9,3746.0,6446.3,64,,outubro/2026
São Paulo,Tremembé,terreno,venda,1246.4,787.8,1900.0,25,,outubro/2026
São Paulo,Três Cruzes,terreno,venda,1054.2,706.6,1354.9,6,,outubro/2026
São Paulo,Tucuruvi,terreno,venda,3571.4,2434.7,5183.4,27,,outubro/2026
São Paulo,Vila Albertina,terreno,venda,1862.8,1735.0,2281.2,8,,outubro/2026
São Paulo,Vila Alpina,terreno,venda,2163.3,2000.0,2895.1,11,,outubro/2026
São Paulo,Vila Andrade,terreno,venda,2415.7,1740.9,3091.7,5,,outubro/2026
São Paulo,Vila Bela,terreno,venda,3000.0,2700.0,3084.1,7,,outubro/2026
São Paulo,Vila Brasilândia,terreno,venda,2826.1,1944.4,3854.0,5,,outubro/2026
São Paulo,Vila Brasílio Machado,terreno,venda,2419.0,1921.1,3151.0,8,,outubro/2026
São Paulo,Vila Carrão,terreno,venda,3880.4,3000.0,4985.3,45,,outubro/2026
São Paulo,Vila Clementino,terreno,venda,6938.4,6306.6,8062.1,10,,outubro/2026
São Paulo,Vila Constança,terreno,venda,2544.0,2516.7,3023.8,7,,outubro/2026
São Paulo,Vila Cordeiro,terreno,venda,5535.7,5000.0,8000.0,5,,outubro/2026
São Paulo,Vila Costa Melo,terreno,venda,2857.1,2236.8,3111.1,5,,outubro/2026
São Paulo,Vila da Saúde,terreno,venda,3061.2,2387.5,4734.3,7,,outubro/2026
São Paulo,Vila Dom Pedro I,terreno,venda,6000.0,3954.5,8000.0,5,,outubro/2026
São Paulo,Vila Ema,terreno,venda,3032.1,2588.0,4138.5,14,,outubro/2026
São Paulo,Vila Esperança,terreno,venda,2600.0,2200.0,3785.7,13,,outubro/2026
São Paulo,Vila Formosa,terreno,venda,3390.0,2603.8,5464.5,81,,outubro/2026
São Paulo,Vila Gomes Cardim,terreno,venda,6500.0,4687.5,6527.3,5,,outubro/2026
São Paulo,Vila Guaca,terreno,venda,1867.8,1821.4,2363.6,5,,outubro/2026
São Paulo,Vila Guarani (Zona Sul),terreno,venda,3601.2,2744.9,5193.1,8,,outubro/2026
São Paulo,Vila Gumercindo,terreno,venda,3406.1,2862.9,3779.4,16,,outubro/2026
São Paulo,Vila Gustavo,terreno,venda,2612.5,2185.5,4745.3,7,,outubro/2026
São Paulo,Vila Industrial,terreno,venda,2290.7,2261.0,2421.0,6,,outubro/2026
São Paulo,Vila Invernada,terreno,venda,4298.0,3009.3,5902.8,17,,outubro/2026
São Paulo,Vila Irmãos Arnoni,terreno,venda,1779.3,1693.0,2334.3,8,,outubro/2026
São Paulo,Vila Isolina Mazzei,terreno,venda,3187.5,2542.9,3807.3,7,,outubro/2026
São Paulo,Vila Jacuí,terreno,venda,2500.0,2122.2,3174.3,7,,outubro/2026
São Paulo,Vila Madalena,terreno,venda,6637.2,6456.0,6906.9,5,,outubro/2026
São Paulo,Vila Mariana,terreno,venda,5968.8,5003.1,6800.8,12,,outubro/2026
São Paulo,Vila Matilde,terreno,venda,3180.4,2826.3,4266.3,12,,outubro/2026
São Paulo,Vila Mazzei,terreno,venda,2750.0,1941.3,3258.0,10,,outubro/2026
São Paulo,Vila Medeiros,terreno,venda,2600.0,2128.3,3800.0,7,,outubro/2026
São Paulo,Vila Moinho Velho,terreno,venda,2197.8,1953.1,3057.1,17,,outubro/2026
São Paulo,Vila Monumento,terreno,venda,5050.5,3448.3,6538.5,9,,outubro/2026
São Paulo,Vila Nair,terreno,venda,2941.2,2760.0,3437.5,7,,outubro/2026
São Paulo,Vila Nhocune,terreno,venda,1982.1,1745.7,2231.6,6,,outubro/2026
São Paulo,Vila Nilo,terreno,venda,1836.3,1443.1,3300.0,6,,outubro/2026
São Paulo,Vila Norma,terreno,venda,2812.7,2370.1,3795.1,6,,outubro/2026
São Paulo,Vila Nova Galvão,terreno,venda,2443.3,1279.0,3511.1,6,,outubro/2026
São Paulo,Vila Nova Mazzei,terreno,venda,1818.4,1500.8,2138.6,10,,outubro/2026
São Paulo,Vila Oratório,terreno,venda,3514.7,3351.3,3873.6,8,,outubro/2026
São Paulo,Vila Paranaguá,terreno,venda,2001.1,1625.0,2026.9,6,,outubro/2026
São Paulo,Vila Paulistana,terreno,venda,1609.5,1412.8,1809.5,5,,outubro/2026
São Paulo,Vila Prudente,terreno,venda,3928.6,3083.3,5930.3,36,,outubro/2026
São Paulo,Vila Ré,terreno,venda,2438.5,2008.2,2668.9,10,,outubro/2026
São Paulo,Vila Regente Feijó,terreno,venda,4941.9,3901.9,5951.1,27,,outubro/2026
São Paulo,Vila Santa Terezinha,terreno,venda,2499.0,2043.5,2735.7,6,,outubro/2026
São Paulo,Vila São Francisco,terreno,venda,1580.5,1384.3,1766.7,6,,outubro/2026
São Paulo,Vila Zelina,terreno,venda,2580.6,2106.7,2666.7,5,,outubro/2026
São Paulo,Aclimação,sala,venda,11600.0,8750.0,13457.6,9,6.64,outubro/2026
São Paulo,Aclimação,sala,aluguel,64.2,50.7,76.0,10,6.64,outubro/2026
São Paulo,Aeroporto,sala,venda,10789.5,9948.7,11899.6,7,,outubro/2026
São Paulo,Água Branca,sala,venda,8636.4,7985.6,13928.6,7,9.46,outubro/2026
São Paulo,Água Branca,sala,aluguel,68.1,53.1,74.5,6,9.46,outubro/2026
São Paulo,Água Fria,sala,venda,7692.3,6652.3,10340.9,7,8.97,outubro/2026
São Paulo,Água Fria,sala,aluguel,57.5,44.8,95.0,7,8.97,outubro/2026
São Paulo,Alto da Lapa,sala,aluguel,48.1,43.7,57.5,6,,outubro/2026
São Paulo,Alto da Mooca,sala,aluguel,42.5,31.2,76.0,9,,outubro/2026
São Paulo,Alto de Pinheiros,sala,aluguel,80.0,70.6,105.6,7,,outubro/2026
São Paulo,Americanópolis,sala,aluguel,44.4,35.1,46.2,7,,outubro/2026
São Paulo,Balneário São Francisco,sala,aluguel,30.2,25.0,32.0,5,,outubro/2026
São Paulo,Barra Funda,sala,venda,9557.4,7471.3,10666.7,21,6.28,outubro/2026
São Paulo,Barra Funda,sala,aluguel,50.0,41.4,55.0,13,6.28,outubro/2026
São Paulo,Bela Vista,sala,venda,7616.7,5000.0,10887.7,46,11.28,outubro/2026
São Paulo,Bela Vista,sala,aluguel,71.6,42.8,96.2,40,11.28,outubro/2026
São Paulo,Belém,sala,aluguel,83.8,72.5,91.8,6,,outubro/2026
São Paulo,Belenzinho,sala,aluguel,47.5,39.4,63.4,6,,outubro/2026
São Paulo,Bosque da Saúde,sala,venda,7310.3,5934.8,7506.9,7,8.39,outubro/2026
São Paulo,Bosque da Saúde,sala,aluguel,51.1,42.7,62.5,8,8.39,outubro/2026
São Paulo,Brasilândia,sala,aluguel,43.5,30.9,49.3,10,,outubro/2026
São Paulo,Brooklin,sala,aluguel,62.7,43.4,93.2,15,,outubro/2026
São Paulo,Brooklin Novo,sala,aluguel,51.7,44.2,61.3,6,,outubro/2026
São Paulo,Brooklin Paulista,sala,venda,13537.6,9378.4,15162.5,8,,outubro/2026
São Paulo,Butantã,sala,venda,14875.0,13000.0,15000.0,9,4.48,outubro/2026
São Paulo,Butantã,sala,aluguel,55.5,35.3,71.3,22,4.48,outubro/2026
São Paulo,Cachoeirinha,sala,aluguel,34.2,28.9,56.5,6,,outubro/2026
São Paulo,Cambuci,sala,aluguel,30.3,21.4,46.4,9,,outubro/2026
São Paulo,Campo Belo,sala,venda,10638.3,9166.7,12500.0,9,6.51,outubro/2026
São Paulo,Campo Belo,sala,aluguel,57.7,52.6,74.7,6,6.51,outubro/2026
São Paulo,Campo Grande,sala,aluguel,39.1,22.8,89.5,7,,outubro/2026
São Paulo,Campo Limpo,sala,aluguel,44.0,39.6,55.6,13,,outubro/2026
São Paulo,Canindé,sala,aluguel,73.6,31.5,111.6,10,,outubro/2026
São Paulo,Capão Redondo,sala,aluguel,37.5,35.7,67.9,9,,outubro/2026
São Paulo,Centro,sala,venda,4571.4,3000.0,7118.6,37,8.19,outubro/2026
São Paulo,Centro,sala,aluguel,31.2,22.9,49.5,44,8.19,outubro/2026
São Paulo,Cerqueira César,sala,venda,11411.6,10049.0,13878.4,16,8.41,outubro/2026
São Paulo,Cerqueira César,sala,aluguel,80.0,69.9,105.4,15,8.41,outubro/2026
São Paulo,Chácara Belenzinho,sala,aluguel,25.4,23.8,34.2,9,,outubro/2026
São Paulo,Chácara Califórnia,sala,aluguel,45.2,35.6,46.5,6,,outubro/2026
São Paulo,Chácara Mafalda,sala,aluguel,30.6,29.2,45.0,7,,outubro/2026
São Paulo,Chácara Santana,sala,aluguel,52.7,49.5,79.6,6,,outubro/2026
São Paulo,Chácara Santo Antônio (Zona Leste),sala,aluguel,39.2,36.0,59.6,7,,outubro/2026
São Paulo,Chácara Santo Antônio (Zona Sul),sala,venda,9090.9,8069.2,10383.2,11,7.01,outubro/2026
São Paulo,Chácara Santo Antônio (Zona Sul),sala,aluguel,53.1,45.3,83.3,14,7.01,outubro/2026
São Paulo,Cidade Ademar,sala,aluguel,67.2,50.2,77.2,10,,outubro/2026
São Paulo,Cidade Centenário,sala,aluguel,46.5,42.5,59.6,6,,outubro/2026
São Paulo,Cidade Dutra,sala,aluguel,77.7,40.9,101.5,8,,outubro/2026
São Paulo,Cidade Líder,sala,aluguel,63.3,40.0,76.7,6,,outubro/2026
São Paulo,Cidade Mãe do Céu,sala,aluguel,68.8,60.4,103.5,10,,outubro/2026
São Paulo,Cidade Monções,sala,venda,8551.2,8039.2,9725.0,10,11.11,outubro/2026
São Paulo,Cidade Monções,sala,aluguel,79.2,57.5,93.9,10,11.11,outubro/2026
São Paulo,Cidade Nitro Operária,sala,venda,4683.8,3093.3,4980.8,6,,outubro/2026
São Paulo,Cidade Patriarca,sala,aluguel,61.5,37.6,90.7,6,,outubro/2026
São Paulo,Cidade São Mateus,sala,aluguel,55.5,38.6,64.7,10,,outubro/2026
São Paulo,Cidade Satélite Santa Bárbara,sala,aluguel,25.0,20.4,56.7,7,,outubro/2026
São Paulo,Cidade Tiradentes,sala,aluguel,49.3,41.4,58.3,12,,outubro/2026
São Paulo,Conceição,sala,venda,7218.2,6950.0,7700.0,9,8.43,outubro/2026
São Paulo,Conceição,sala,aluguel,50.7,33.1,67.4,6,8.43,outubro/2026
São Paulo,Consolação,sala,venda,9843.8,8148.2,11483.5,31,7.62,outubro/2026
São Paulo,Consolação,sala,aluguel,62.5,53.3,78.6,25,7.62,outubro/2026
São Paulo,Ermelino Matarazzo,sala,aluguel,43.3,35.6,51.4,5,,outubro/2026
São Paulo,Guaianases,sala,aluguel,50.7,43.0,78.0,7,,outubro/2026
São Paulo,Guapira,sala,aluguel,40.4,40.1,41.8,6,,outubro/2026
São Paulo,Higienópolis,sala,venda,11422.3,9505.6,15770.0,12,7.01,outubro/2026
São Paulo,Higienópolis,sala,aluguel,66.7,54.3,86.2,9,7.01,outubro/2026
São Paulo,Horto Florestal,sala,aluguel,70.8,66.7,71.1,5,,outubro/2026
São Paulo,Imirim,sala,aluguel,37.8,25.0,49.8,6,,outubro/2026
São Paulo,Indianópolis,sala,venda,10138.9,9912.8,14288.2,6,9.68,outubro/2026
São Paulo,Indianópolis,sala,aluguel,81.8,57.4,106.2,13,9.68,outubro/2026
São Paulo,Interlagos,sala,aluguel,48.0,44.0,60.0,5,,outubro/2026
São Paulo,Ipiranga,sala,venda,9751.0,8984.2,12509.9,20,5.88,outubro/2026
São Paulo,Ipiranga,sala,aluguel,47.8,38.7,58.5,36,5.88,outubro/2026
São Paulo,Itaberaba,sala,aluguel,29.5,26.5,38.8,16,,outubro/2026
São Paulo,Itaim Bibi,sala,venda,12889.6,10870.0,15526.5,10,6.21,outubro/2026
São Paulo,Itaim Bibi,sala,aluguel,66.7,40.6,136.6,7,6.21,outubro/2026
São Paulo,Itaim Paulista,sala,aluguel,50.0,35.7,67.5,11,,outubro/2026
São Paulo,Itaquera,sala,aluguel,53.2,41.9,71.4,6,,outubro/2026
São Paulo,Jabaquara,sala,venda,6777.8,6078.3,8525.9,28,7.75,outubro/2026
São Paulo,Jabaquara,sala,aluguel,43.8,38.7,57.2,24,7.75,outubro/2026
São Paulo,Jaçanã,sala,aluguel,36.5,29.8,41.4,12,,outubro/2026
São Paulo,Jaguaré,sala,aluguel,37.1,29.0,41.2,11,,outubro/2026
São Paulo,Jaraguá,sala,aluguel,38.2,35.0,42.9,9,,outubro/2026
São Paulo,Jardim Adutora,sala,aluguel,34.5,26.4,47.8,7,,outubro/2026
São Paulo,Jardim Anália Franco,sala,venda,15136.4,13222.2,16711.0,6,6.89,outubro/2026
São Paulo,Jardim Anália Franco,sala,aluguel,86.9,78.3,93.2,8,6.89,outubro/2026
São Paulo,Jardim Ângela,sala,aluguel,90.6,47.7,108.0,8,,outubro/2026
São Paulo,Jardim Aricanduva,sala,aluguel,37.8,29.1,48.8,10,,outubro/2026
São Paulo,Jardim Belém,sala,aluguel,44.0,37.7,58.3,11,,outubro/2026
São Paulo,Jardim Bonfiglioli,sala,aluguel,56.7,45.5,78.9,15,,outubro/2026
São Paulo,Jardim Brasil,sala,aluguel,36.1,35.7,37.8,5,,outubro/2026
São Paulo,Jardim Brasil (Zona Norte),sala,aluguel,49.8,37.2,60.9,14,,outubro/2026
São Paulo,Jardim Brasília (Zona Leste),sala,aluguel,37.2,17.5,47.5,5,,outubro/2026
São Paulo,Jardim Caboré,sala,venda,8181.8,7537.9,8888.6,11,9.08,outubro/2026
São Paulo,Jardim Caboré,sala,aluguel,61.9,52.9,69.9,22,9.08,outubro/2026
São Paulo,Jardim Campo Grande,sala,aluguel,79.0,40.0,100.0,5,,outubro/2026
São Paulo,Jardim Catanduva,sala,aluguel,30.0,27.5,31.4,5,,outubro/2026
São Paulo,Jardim Celeste,sala,aluguel,40.8,29.5,44.1,10,,outubro/2026
São Paulo,Jardim Colorado,sala,aluguel,46.9,39.5,59.5,8,,outubro/2026
São Paulo,Jardim da Saúde,sala,aluguel,58.0,46.7,59.8,6,,outubro/2026
São Paulo,Jardim das Acácias,sala,aluguel,126.8,102.5,150.0,6,,outubro/2026
São Paulo,Jardim das Flores,sala,aluguel,105.3,63.6,117.6,9,,outubro/2026
São Paulo,Jardim do Carmo,sala,aluguel,78.9,75.0,90.0,9,,outubro/2026
São Paulo,Jardim Dom Bosco,sala,aluguel,55.6,47.8,70.8,7,,outubro/2026
São Paulo,Jardim Esmeralda,sala,aluguel,43.9,38.4,61.7,28,,outubro/2026
São Paulo,Jardim Europa,sala,venda,10348.8,10184.5,15686.3,5,,outubro/2026
São Paulo,Jardim Felicidade (Zona Oeste),sala,aluguel,60.7,36.5,102.9,8,,outubro/2026
São Paulo,Jardim Germânia,sala,aluguel,49.0,43.9,70.0,11,,outubro/2026
São Paulo,Jardim Guanca,sala,aluguel,35.7,30.0,40.0,5,,outubro/2026
São Paulo,Jardim Guarapiranga,sala,aluguel,63.0,62.2,70.8,5,,outubro/2026
São Paulo,Jardim Guedala,sala,venda,13000.0,12360.7,13623.0,7,5.96,outubro/2026
São Paulo,Jardim Guedala,sala,aluguel,64.6,59.4,71.5,10,5.96,outubro/2026
São Paulo,Jardim Helena,sala,aluguel,41.7,28.4,45.8,7,,outubro/2026
São Paulo,Jardim Itapemirim,sala,aluguel,50.0,48.2,59.4,6,,outubro/2026
São Paulo,Jardim Ivana,sala,aluguel,33.3,32.0,37.5,9,,outubro/2026
São Paulo,Jardim Japão,sala,aluguel,34.4,31.7,46.5,5,,outubro/2026
São Paulo,Jardim Londrina,sala,aluguel,61.6,56.1,70.8,10,,outubro/2026
São Paulo,Jardim Marisa,sala,aluguel,35.6,28.8,35.7,5,,outubro/2026
São Paulo,Jardim Miriam,sala,aluguel,74.3,58.8,75.9,5,,outubro/2026
São Paulo,Jardim Monte Kemel,sala,aluguel,67.9,58.0,84.0,7,,outubro/2026
São Paulo,Jardim Nossa Senhora do Carmo,sala,aluguel,46.4,34.1,72.0,8,,outubro/2026
São Paulo,Jardim Oriental,sala,aluguel,44.0,40.0,65.2,9,,outubro/2026
São Paulo,Jardim Patente,sala,aluguel,46.9,40.6,59.1,5,,outubro/2026
São Paulo,Jardim Paulista,sala,venda,11076.9,7909.9,13513.5,23,7.39,outubro/2026
São Paulo,Jardim Paulista,sala,aluguel,68.2,48.9,84.8,22,7.39,outubro/2026
São Paulo,Jardim Paulistano,sala,venda,11428.6,9375.0,12631.6,13,6.3,outubro/2026
São Paulo,Jardim Paulistano,sala,aluguel,60.0,47.2,84.0,16,6.3,outubro/2026
São Paulo,Jardim Penha,sala,aluguel,48.3,38.0,53.0,8,,outubro/2026
São Paulo,Jardim Peri Peri,sala,aluguel,51.6,39.8,82.8,8,,outubro/2026
São Paulo,Jardim Planalto,sala,aluguel,42.9,35.9,52.3,11,,outubro/2026
São Paulo,Jardim Popular,sala,aluguel,30.0,28.3,32.1,7,,outubro/2026
São Paulo,Jardim Regina,sala,aluguel,35.1,33.0,41.2,10,,outubro/2026
São Paulo,Jardim Rio Douro,sala,aluguel,45.8,41.7,46.9,5,,outubro/2026
São Paulo,Jardim Rosana,sala,aluguel,45.5,42.8,53.0,7,,outubro/2026
São Paulo,Jardim Santo Elias,sala,aluguel,44.7,42.2,59.2,10,,outubro/2026
São Paulo,Jardim São Jorge,sala,aluguel,28.0,22.0,30.0,5,,outubro/2026
São Paulo,Jardim São Paulo (Zona Norte),sala,aluguel,49.6,44.0,52.1,9,,outubro/2026
São Paulo,Jardim São Ricardo,sala,aluguel,61.7,52.0,64.9,8,,outubro/2026
São Paulo,Jardim Sapopemba,sala,aluguel,28.3,24.5,30.0,7,,outubro/2026
São Paulo,Jardim Taquaral,sala,aluguel,68.0,45.4,79.8,7,,outubro/2026
São Paulo,Jardim Três Marias,sala,aluguel,65.6,53.3,91.7,5,,outubro/2026
São Paulo,Jardim Umuarama,sala,aluguel,77.5,61.6,132.5,6,,outubro/2026
São Paulo,Jardins,sala,venda,11312.0,9612.6,13721.2,8,5.3,outubro/2026
São Paulo,Jardins,sala,aluguel,50.0,46.3,69.7,8,5.3,outubro/2026
São Paulo,Lapa,sala,venda,6803.0,5475.1,9845.6,10,7.81,outubro/2026
São Paulo,Lapa,sala,aluguel,44.3,32.1,76.9,17,7.81,outubro/2026
São Paulo,Liberdade,sala,venda,8357.1,6450.5,10351.9,15,7.22,outubro/2026
São Paulo,Liberdade,sala,aluguel,50.3,36.6,61.7,24,7.22,outubro/2026
São Paulo,Limão,sala,aluguel,55.0,32.1,63.6,7,,outubro/2026
São Paulo,Mandaqui,sala,aluguel,41.7,38.3,43.1,7,,outubro/2026
São Paulo,Mirandópolis,sala,venda,6666.7,5944.2,8874.6,7,9.59,outubro/2026
São Paulo,Mirandópolis,sala,aluguel,53.3,43.8,59.0,7,9.59,outubro/2026
São Paulo,Moema,sala,venda,11200.0,10277.8,13011.5,13,8.12,outubro/2026
São Paulo,Moema,sala,aluguel,75.8,61.9,100.8,16,8.12,outubro/2026
São Paulo,Mooca,sala,venda,8319.0,4848.1,10670.3,20,7.5,outubro/2026
São Paulo,Mooca,sala,aluguel,52.0,40.6,72.4,47,7.5,outubro/2026
São Paulo,Morumbi,sala,venda,8048.8,6835.6,8754.4,5,10.44,outubro/2026
São Paulo,Morumbi,sala,aluguel,70.0,49.5,83.3,9,10.44,outubro/2026
São Paulo,Nossa Senhora do Ó,sala,aluguel,44.0,39.6,47.5,10,,outubro/2026
São Paulo,Parada Inglesa,sala,aluguel,46.7,45.8,75.0,5,,outubro/2026
São Paulo,Paraíso,sala,venda,12973.1,8700.0,14636.9,21,5.71,outubro/2026
São Paulo,Paraíso,sala,aluguel,61.7,48.4,83.3,21,5.71,outubro/2026
São Paulo,Parelheiros,sala,aluguel,80.3,30.4,85.9,10,,outubro/2026
São Paulo,Parque América,sala,aluguel,40.0,36.8,50.7,7,,outubro/2026
São Paulo,Parque Artur Alvim,sala,aluguel,60.0,54.3,61.7,8,,outubro/2026
São Paulo,Parque Boturussu,sala,aluguel,38.7,27.6,45.8,8,,outubro/2026
São Paulo,Parque Brasil,sala,aluguel,60.7,42.4,102.8,8,,outubro/2026
São Paulo,Parque Císper,sala,aluguel,52.8,38.6,73.5,14,,outubro/2026
São Paulo,Parque da Mooca,sala,aluguel,45.0,40.0,50.0,5,,outubro/2026
São Paulo,Parque das Paineiras,sala,aluguel,39.2,29.9,47.1,6,,outubro/2026
São Paulo,Parque Imperial,sala,aluguel,44.7,41.9,52.5,8,,outubro/2026
São Paulo,Parque Mandaqui,sala,aluguel,39.2,31.9,64.5,12,,outubro/2026
São Paulo,Parque Maria Luiza,sala,aluguel,39.5,33.4,44.9,8,,outubro/2026
São Paulo,Parque Residencial Cocaia,sala,aluguel,21.7,19.4,25.2,7,,outubro/2026
São Paulo,Parque Santa Amélia,sala,aluguel,79.9,75.9,83.9,6,,outubro/2026
São Paulo,Parque Santa Madalena,sala,aluguel,32.9,32.7,39.0,5,,outubro/2026
São Paulo,Parque São Jorge,sala,aluguel,41.1,35.3,44.0,5,,outubro/2026
São Paulo,Parque São Rafael,sala,aluguel,52.8,40.3,62.5,10,,outubro/2026
São Paulo,Penha de França,sala,venda,10285.7,9428.6,11250.0,9,7.0,outubro/2026
São Paulo,Penha de França,sala,aluguel,60.0,49.2,66.5,7,7.0,outubro/2026
São Paulo,Perdizes,sala,venda,10451.2,8599.8,13528.0,24,8.29,outubro/2026
São Paulo,Perdizes,sala,aluguel,72.2,60.0,90.9,9,8.29,outubro/2026
São Paulo,Pinheiros,sala,venda,12500.0,8547.7,15588.2,21,9.05,outubro/2026
São Paulo,Pinheiros,sala,aluguel,94.3,80.8,121.7,18,9.05,outubro/2026
São Paulo,Quarta Parada,sala,aluguel,100.0,72.3,115.7,7,,outubro/2026
São Paulo,República,sala,venda,3684.4,3080.5,5000.0,28,10.88,outubro/2026
São Paulo,República,sala,aluguel,33.4,24.2,55.2,20,10.88,outubro/2026
São Paulo,Rio Pequeno,sala,aluguel,38.8,34.4,49.5,10,,outubro/2026
São Paulo,Santa Cecília,sala,venda,9333.3,7641.1,11200.0,7,8.86,outubro/2026
São Paulo,Santa Cecília,sala,aluguel,68.9,48.4,88.7,9,8.86,outubro/2026
São Paulo,Santana,sala,venda,9519.6,8085.0,11923.1,46,6.21,outubro/2026
São Paulo,Santana,sala,aluguel,49.3,33.3,58.3,33,6.21,outubro/2026
São Paulo,Santo Amaro,sala,venda,10000.0,7695.8,11933.4,15,7.72,outubro/2026
São Paulo,Santo Amaro,sala,aluguel,64.3,51.7,76.2,16,7.72,outubro/2026
São Paulo,São Lucas,sala,aluguel,35.4,28.1,57.4,15,,outubro/2026
São Paulo,São Miguel Paulista,sala,aluguel,37.5,25.2,51.7,7,,outubro/2026
São Paulo,Saúde,sala,venda,8815.8,7916.7,9733.9,13,5.87,outubro/2026
São Paulo,Saúde,sala,aluguel,43.1,35.8,54.3,10,5.87,outubro/2026
São Paulo,Sé,sala,venda,4287.9,3309.6,5634.2,12,9.74,outubro/2026
São Paulo,Sé,sala,aluguel,34.8,24.1,51.5,8,9.74,outubro/2026
São Paulo,Sítio Pinheirinho,sala,aluguel,45.0,43.7,47.5,7,,outubro/2026
São Paulo,Tatuapé,sala,venda,14922.3,12439.0,17350.5,29,5.78,outubro/2026
São Paulo,Tatuapé,sala,aluguel,71.9,56.1,91.2,71,5.78,outubro/2026
São Paulo,Tucuruvi,sala,venda,8087.7,6413.5,9943.4,8,7.06,outubro/2026
São Paulo,Tucuruvi,sala,aluguel,47.6,41.7,52.0,9,7.06,outubro/2026
São Paulo,Várzea da Barra Funda,sala,venda,8549.6,7375.0,9522.1,6,,outubro/2026
São Paulo,Vila Carrão,sala,venda,10864.9,7619.0,12361.1,13,4.99,outubro/2026
São Paulo,Vila Carrão,sala,aluguel,45.2,29.4,62.7,26,4.99,outubro/2026
São Paulo,Vila Clementino,sala,venda,9615.4,8000.0,10689.7,21,6.24,outubro/2026
São Paulo,Vila Clementino,sala,aluguel,50.0,34.2,60.8,16,6.24,outubro/2026
São Paulo,Vila da Saúde,sala,venda,8055.6,7058.8,9400.0,5,6.21,outubro/2026
São Paulo,Vila da Saúde,sala,aluguel,41.7,38.5,55.6,5,6.21,outubro/2026
São Paulo,Vila Formosa,sala,aluguel,54.7,30.2,74.1,18,,outubro/2026
São Paulo,Vila Gomes Cardim,sala,venda,14889.7,13139.0,17858.3,6,5.97,outubro/2026
São Paulo,Vila Gomes Cardim,sala,aluguel,74.1,52.0,100.0,21,5.97,outubro/2026
São Paulo,Vila Gumercindo,sala,venda,11179.5,11047.5,12061.0,7,,outubro/2026
São Paulo,Vila Madalena,sala,aluguel,71.7,51.6,94.3,9,,outubro/2026
São Paulo,Vila Mariana,sala,venda,10263.2,8225.1,14345.4,46,5.55,outubro/2026
São Paulo,Vila Mariana,sala,aluguel,47.5,39.5,69.0,31,5.55,outubro/2026
São Paulo,Vila Marieta,sala,aluguel,46.0,39.6,55.6,9,,outubro/2026
São Paulo,Vila Monte Alegre,sala,venda,7976.6,6997.3,8480.8,10,7.06,outubro/2026
São Paulo,Vila Monte Alegre,sala,aluguel,46.9,41.9,50.8,7,7.06,outubro/2026
São Paulo,Vila Moraes,sala,aluguel,64.9,57.7,65.3,5,,outubro/2026
São Paulo,Vila Nova Conceição,sala,venda,9512.2,8236.7,12400.0,9,,outubro/2026
São Paulo,Vila Olímpia,sala,venda,11175.0,9944.4,13784.8,11,10.76,outubro/2026
São Paulo,Vila Olímpia,sala,aluguel,100.2,89.5,116.2,12,10.76,outubro/2026
São Paulo,Vila Parque Jabaquara,sala,aluguel,33.3,27.5,46.6,7,,outubro/2026
São Paulo,Vila Pirajussara,sala,aluguel,67.5,59.4,80.6,6,,outubro/2026
São Paulo,Vila Polopoli,sala,aluguel,46.7,38.1,52.6,7,,outubro/2026
São Paulo,Vila Pompeia,sala,venda,13981.1,11728.3,15816.5,6,,outubro/2026
São Paulo,Vila Progredior,sala,venda,10400.0,9800.0,11600.0,5,,outubro/2026
São Paulo,Vila Prudente,sala,venda,10936.5,9783.3,11285.7,7,5.19,outubro/2026
São Paulo,Vila Prudente,sala,aluguel,47.3,35.1,58.9,12,5.19,outubro/2026
São Paulo,Vila Ré,sala,aluguel,22.5,20.0,34.1,5,,outubro/2026
São Paulo,Vila Regente Feijó,sala,venda,14444.4,13250.0,16111.1,5,5.62,outubro/2026
São Paulo,Vila Regente Feijó,sala,aluguel,67.6,55.0,87.1,8,5.62,outubro/2026
São Paulo,Vila São Francisco,sala,aluguel,43.3,29.2,56.7,11,,outubro/2026
São Paulo,Aclimação,galpao,venda,6338.0,4245.3,7750.5,5,,outubro/2026
São Paulo,Água Branca,galpao,aluguel,36.8,32.0,45.5,7,,outubro/2026
São Paulo,Alto da Mooca,galpao,aluguel,45.3,36.7,50.4,13,,outubro/2026
São Paulo,Americanópolis,galpao,venda,3382.5,2106.2,4399.9,8,6.17,outubro/2026
São Paulo,Americanópolis,galpao,aluguel,17.4,15.0,28.1,17,6.17,outubro/2026
São Paulo,Anhangüera,galpao,aluguel,24.5,22.1,31.2,6,,outubro/2026
São Paulo,Aricanduva,galpao,venda,6937.5,4740.9,7696.1,8,6.57,outubro/2026
São Paulo,Aricanduva,galpao,aluguel,38.0,36.0,47.5,17,6.57,outubro/2026
São Paulo,Artur Alvim,galpao,aluguel,39.8,32.2,47.8,6,,outubro/2026
São Paulo,Barra Funda,galpao,venda,7190.1,6673.8,8360.0,11,7.64,outubro/2026
São Paulo,Barra Funda,galpao,aluguel,45.8,36.5,68.8,7,7.64,outubro/2026
São Paulo,Bela Aliança,galpao,venda,8108.9,7250.7,8163.3,5,,outubro/2026
São Paulo,Bela Vista,galpao,venda,6172.2,4088.1,6703.9,6,,outubro/2026
São Paulo,Belenzinho,galpao,venda,6305.0,5562.5,7639.6,16,,outubro/2026
São Paulo,Bom Retiro,galpao,venda,7440.5,5490.7,8666.7,6,5.56,outubro/2026
São Paulo,Bom Retiro,galpao,aluguel,34.5,29.4,41.6,10,5.56,outubro/2026
São Paulo,Bosque da Saúde,galpao,venda,6400.0,6074.4,6779.4,7,,outubro/2026
São Paulo,Brás,galpao,venda,7074.4,4870.4,9948.7,26,7.16,outubro/2026
São Paulo,Brás,galpao,aluguel,42.2,23.9,59.2,16,7.16,outubro/2026
São Paulo,Butantã,galpao,venda,8473.4,6911.7,9790.1,10,6.87,outubro/2026
São Paulo,Butantã,galpao,aluguel,48.5,38.2,61.4,28,6.87,outubro/2026
São Paulo,Cambuci,galpao,venda,6963.7,5056.9,8000.0,22,6.46,outubro/2026
São Paulo,Cambuci,galpao,aluguel,37.5,30.0,42.9,9,6.46,outubro/2026
São Paulo,Campo Belo,galpao,aluguel,63.6,57.3,76.3,6,,outubro/2026
São Paulo,Campos Eliseos,galpao,aluguel,19.5,16.0,21.3,5,,outubro/2026
São Paulo,Cangaíba,galpao,venda,4776.0,3992.6,5956.7,16,6.33,outubro/2026
São Paulo,Cangaíba,galpao,aluguel,25.2,14.9,30.6,19,6.33,outubro/2026
São Paulo,Carandiru,galpao,aluguel,40.8,27.0,49.2,8,,outubro/2026
São Paulo,Casa Verde,galpao,venda,5357.1,3700.0,7727.6,6,8.13,outubro/2026
São Paulo,Casa Verde,galpao,aluguel,36.3,26.3,46.8,18,8.13,outubro/2026
São Paulo,Casa Verde Alta,galpao,aluguel,20.3,17.7,24.2,8,,outubro/2026
São Paulo,Casa Verde Média,galpao,venda,4250.0,4065.2,5000.0,9,12.48,outubro/2026
São Paulo,Casa Verde Média,galpao,aluguel,44.2,37.9,46.2,8,12.48,outubro/2026
São Paulo,Catumbi,galpao,venda,4421.8,4418.6,4928.6,5,12.75,outubro/2026
São Paulo,Catumbi,galpao,aluguel,47.0,39.2,54.7,10,12.75,outubro/2026
São Paulo,Chácara Belenzinho,galpao,aluguel,23.3,22.4,23.5,5,,outubro/2026
São Paulo,Chácara Califórnia,galpao,aluguel,32.0,25.8,34.7,7,,outubro/2026
São Paulo,Chácara Inglesa,galpao,aluguel,23.8,19.6,42.5,6,,outubro/2026
São Paulo,Chácara São João,galpao,aluguel,17.8,14.5,20.4,8,,outubro/2026
São Paulo,Cidade Ademar,galpao,aluguel,17.9,17.5,21.4,6,,outubro/2026
São Paulo,Cidade Centenário,galpao,venda,3948.9,2652.4,5591.2,7,,outubro/2026
São Paulo,Cidade Líder,galpao,venda,3250.0,2607.1,4032.3,9,13.85,outubro/2026
São Paulo,Cidade Líder,galpao,aluguel,37.5,29.5,40.0,5,13.85,outubro/2026
São Paulo,Cidade Nova São Miguel,galpao,venda,8480.6,5666.7,11904.8,5,,outubro/2026
São Paulo,Cidade São Mateus,galpao,venda,6124.8,5714.3,6999.7,5,5.86,outubro/2026
São Paulo,Cidade São Mateus,galpao,aluguel,29.9,17.6,40.8,10,5.86,outubro/2026
São Paulo,Cidade Vargas,galpao,aluguel,28.3,23.9,44.2,5,,outubro/2026
São Paulo,Colônia,galpao,venda,1690.0,1558.9,4450.5,7,24.78,outubro/2026
São Paulo,Colônia,galpao,aluguel,34.9,32.0,35.0,48,24.78,outubro/2026
São Paulo,Ermelino Matarazzo,galpao,venda,4400.0,3666.7,5271.2,7,9.74,outubro/2026
São Paulo,Ermelino Matarazzo,galpao,aluguel,35.7,26.0,44.4,13,9.74,outubro/2026
São Paulo,Ferreira,galpao,aluguel,44.8,30.0,56.7,9,,outubro/2026
São Paulo,Freguesia do Ó,galpao,aluguel,31.8,24.8,38.9,8,,outubro/2026
São Paulo,Guaianases,galpao,aluguel,33.3,17.6,95.7,8,,outubro/2026
São Paulo,Guaiaúna,galpao,venda,3798.1,2952.9,3857.2,7,11.41,outubro/2026
São Paulo,Guaiaúna,galpao,aluguel,36.1,28.8,38.5,9,11.41,outubro/2026
São Paulo,Indianópolis,galpao,aluguel,79.1,72.7,100.0,5,,outubro/2026
São Paulo,Instituto de Previdência,galpao,venda,8975.0,7630.5,9931.3,7,5.82,outubro/2026
São Paulo,Instituto de Previdência,galpao,aluguel,43.5,32.9,55.3,10,5.82,outubro/2026
São Paulo,Ipiranga,galpao,venda,5307.5,4465.4,7818.2,38,8.43,outubro/2026
São Paulo,Ipiranga,galpao,aluguel,37.3,31.4,55.8,27,8.43,outubro/2026
São Paulo,Itaim Paulista,galpao,aluguel,22.7,20.8,27.9,7,,outubro/2026
São Paulo,Itaquera,galpao,venda,4582.7,4488.6,4715.4,6,9.11,outubro/2026
São Paulo,Itaquera,galpao,aluguel,34.8,28.3,35.0,14,9.11,outubro/2026
São Paulo,Jabaquara,galpao,aluguel,29.2,17.3,39.6,7,,outubro/2026
São Paulo,Jaçanã,galpao,aluguel,22.1,16.9,26.7,12,,outubro/2026
São Paulo,Jaguaré,galpao,venda,4145.3,3592.4,6152.4,8,11.52,outubro/2026
São Paulo,Jaguaré,galpao,aluguel,39.8,27.4,45.0,20,11.52,outubro/2026
São Paulo,Jaraguá,galpao,venda,3733.9,2602.9,4358.6,6,,outubro/2026
São Paulo,Jardim Adutora,galpao,aluguel,27.7,18.1,35.3,8,,outubro/2026
São Paulo,Jardim Andaraí,galpao,venda,3748.4,3440.0,8591.9,5,9.09,outubro/2026
São Paulo,Jardim Andaraí,galpao,aluguel,28.4,27.1,38.2,9,9.09,outubro/2026
São Paulo,Jardim Aricanduva,galpao,venda,4218.8,2007.1,4888.6,8,8.7,outubro/2026
São Paulo,Jardim Aricanduva,galpao,aluguel,30.6,22.7,45.3,12,8.7,outubro/2026
São Paulo,Jardim Arpoador,galpao,aluguel,28.3,23.8,33.3,25,,outubro/2026
São Paulo,Jardim Boa Vista (Zona Oeste),galpao,aluguel,20.0,20.0,31.3,6,,outubro/2026
São Paulo,Jardim Brasil,galpao,aluguel,25.0,21.7,35.0,5,,outubro/2026
São Paulo,Jardim Brasil (Zona Norte),galpao,aluguel,21.7,21.4,26.1,5,,outubro/2026
São Paulo,Jardim Caguassu,galpao,venda,4324.0,4131.4,4417.9,7,,outubro/2026
São Paulo,Jardim Casa Grande,galpao,aluguel,14.4,6.7,26.9,6,,outubro/2026
São Paulo,Jardim Cidade Pirituba,galpao,aluguel,40.0,32.5,54.1,7,,outubro/2026
São Paulo,Jardim Colorado,galpao,aluguel,30.4,28.5,31.9,7,,outubro/2026
São Paulo,Jardim da Glória,galpao,aluguel,59.7,51.8,61.6,6,,outubro/2026
São Paulo,Jardim da Pedreira,galpao,aluguel,36.8,22.9,50.0,6,,outubro/2026
São Paulo,Jardim Dona Sinhá,galpao,venda,2935.2,2132.6,3142.9,5,,outubro/2026
São Paulo,Jardim Esmeralda,galpao,aluguel,30.4,17.3,57.0,15,,outubro/2026
São Paulo,Jardim Germânia,galpao,aluguel,26.1,21.8,40.9,9,,outubro/2026
São Paulo,Jardim Gilda Maria,galpao,aluguel,25.1,21.2,30.1,6,,outubro/2026
São Paulo,Jardim Guanca,galpao,venda,4345.0,3801.6,6480.3,5,6.08,outubro/2026
São Paulo,Jardim Guanca,galpao,aluguel,22.0,16.5,47.4,14,6.08,outubro/2026
São Paulo,Jardim Helena,galpao,aluguel,23.5,23.2,24.0,5,,outubro/2026
São Paulo,Jardim Humaitá,galpao,aluguel,35.3,29.1,40.0,28,,outubro/2026
São Paulo,Jardim Independência,galpao,aluguel,32.3,30.5,33.9,9,,outubro/2026
São Paulo,Jardim Íris,galpao,aluguel,41.5,39.4,55.8,6,,outubro/2026
São Paulo,Jardim Jabaquara,galpao,aluguel,21.8,20.0,25.0,5,,outubro/2026
São Paulo,Jardim Japão,galpao,venda,4182.3,2880.1,4940.7,5,10.07,outubro/2026
São Paulo,Jardim Japão,galpao,aluguel,35.1,30.7,47.9,14,10.07,outubro/2026
São Paulo,Jardim Jaraguá,galpao,venda,1616.8,1544.6,3821.4,5,24.49,outubro/2026
São Paulo,Jardim Jaraguá,galpao,aluguel,33.0,16.3,41.5,7,24.49,outubro/2026
São Paulo,Jardim Julieta,galpao,aluguel,57.5,42.0,58.8,5,,outubro/2026
São Paulo,Jardim Jussara,galpao,venda,4666.7,4375.0,5600.0,5,,outubro/2026
São Paulo,Jardim Leônidas Moreira,galpao,venda,3151.3,2977.0,4245.3,5,,outubro/2026
São Paulo,Jardim Marajoara,galpao,venda,6694.2,5774.0,10221.3,6,,outubro/2026
São Paulo,Jardim Maringa,galpao,aluguel,33.3,24.4,44.1,6,,outubro/2026
São Paulo,Jardim Matarazzo,galpao,venda,4353.1,2400.0,5487.8,5,7.55,outubro/2026
São Paulo,Jardim Matarazzo,galpao,aluguel,27.4,24.8,33.4,6,7.55,outubro/2026
São Paulo,Jardim Mirante,galpao,aluguel,18.4,17.3,20.0,6,,outubro/2026
São Paulo,Jardim Miriam,galpao,aluguel,18.6,9.3,25.8,8,,outubro/2026
São Paulo,Jardim Modelo,galpao,venda,3519.6,2692.0,4295.2,12,6.82,outubro/2026
São Paulo,Jardim Modelo,galpao,aluguel,20.0,17.6,24.3,11,6.82,outubro/2026
São Paulo,Jardim Monte Alegre,galpao,aluguel,55.0,42.9,55.0,9,,outubro/2026
São Paulo,Jardim Monte Kemel,galpao,aluguel,51.7,47.1,76.2,8,,outubro/2026
São Paulo,Jardim Pereira Leite,galpao,venda,6181.3,4047.1,6857.1,5,5.88,outubro/2026
São Paulo,Jardim Pereira Leite,galpao,aluguel,30.3,23.6,35.0,18,5.88,outubro/2026
São Paulo,Jardim Peri,galpao,aluguel,18.2,16.0,27.2,5,,outubro/2026
São Paulo,Jardim Peri Peri,galpao,aluguel,42.7,34.8,50.9,18,,outubro/2026
São Paulo,Jardim Piratininga,galpao,aluguel,28.6,25.4,31.8,10,,outubro/2026
São Paulo,Jardim Popular,galpao,venda,5189.7,4632.9,5326.8,8,7.54,outubro/2026
São Paulo,Jardim Popular,galpao,aluguel,32.6,30.9,35.3,8,7.54,outubro/2026
São Paulo,Jardim São Cristóvão,galpao,venda,5925.9,5135.8,7018.3,11,,outubro/2026
São Paulo,Jardim São Jorge,galpao,aluguel,26.6,20.1,31.4,19,,outubro/2026
São Paulo,Jardim São Miguel,galpao,aluguel,33.9,33.3,50.0,5,,outubro/2026
São Paulo,Jardim São Sebastião,galpao,aluguel,28.8,20.9,31.8,6,,outubro/2026
São Paulo,Jardim Satélite,galpao,venda,3261.0,2520.9,4132.7,6,,outubro/2026
São Paulo,Jardim Três Marias,galpao,aluguel,16.2,15.0,21.4,5,,outubro/2026
São Paulo,Jurubatuba,galpao,venda,7196.2,6366.3,11208.0,8,,outubro/2026
São Paulo,Lapa,galpao,aluguel,45.0,39.8,55.1,24,,outubro/2026
São Paulo,Lapa de Baixo,galpao,venda,7150.2,5296.9,7496.3,7,6.39,outubro/2026
São Paulo,Lapa de Baixo,galpao,aluguel,38.1,30.9,40.5,10,6.39,outubro/2026
São Paulo,Limão,galpao,venda,8015.0,5813.0,10141.5,8,5.49,outubro/2026
São Paulo,Limão,galpao,aluguel,36.7,21.2,39.3,14,5.49,outubro/2026
São Paulo,Limoeiro,galpao,aluguel,28.3,27.5,33.3,5,,outubro/2026
São Paulo,Luz,galpao,venda,8534.5,6960.7,8973.9,7,6.99,outubro/2026
São Paulo,Luz,galpao,aluguel,49.7,31.9,50.0,5,6.99,outubro/2026
São Paulo,Mandaqui,galpao,aluguel,28.6,28.3,32.3,5,,outubro/2026
São Paulo,Mooca,galpao,venda,6444.4,5333.3,7692.3,41,8.71,outubro/2026
São Paulo,Mooca,galpao,aluguel,46.8,36.2,59.1,44,8.71,outubro/2026
São Paulo,Nossa Senhora do Ó,galpao,aluguel,30.9,23.4,42.9,8,,outubro/2026
São Paulo,Pari,galpao,venda,14021.2,12500.0,14240.5,5,4.62,outubro/2026
São Paulo,Pari,galpao,aluguel,54.0,33.3,63.3,9,4.62,outubro/2026
São Paulo,Parque Anhangüera,galpao,venda,4375.0,3045.0,5320.7,10,6.23,outubro/2026
São Paulo,Parque Anhangüera,galpao,aluguel,22.7,22.1,33.6,11,6.23,outubro/2026
São Paulo,Parque Casa de Pedra,galpao,aluguel,28.8,17.0,41.3,7,,outubro/2026
São Paulo,Parque Císper,galpao,venda,2636.5,2177.1,3305.6,8,,outubro/2026
São Paulo,Parque da Mooca,galpao,aluguel,51.3,45.0,57.1,5,,outubro/2026
São Paulo,Parque dos Bancários,galpao,venda,3566.7,3255.8,4650.0,7,,outubro/2026
São Paulo,Parque Edu Chaves,galpao,venda,3203.9,2340.4,5428.6,5,8.05,outubro/2026
São Paulo,Parque Edu Chaves,galpao,aluguel,21.5,13.0,27.1,14,8.05,outubro/2026
São Paulo,Parque Independência,galpao,venda,10192.3,10000.0,10576.9,5,,outubro/2026
São Paulo,Parque Industrial Tomas Edson,galpao,venda,7131.8,5490.9,7816.0,12,6.48,outubro/2026
São Paulo,Parque Industrial Tomas Edson,galpao,aluguel,38.5,31.3,45.9,6,6.48,outubro/2026
São Paulo,Parque Ipê,galpao,aluguel,37.4,28.8,40.6,20,,outubro/2026
São Paulo,Parque Novo Mundo,galpao,venda,5428.0,3571.1,6506.0,10,8.84,outubro/2026
São Paulo,Parque Novo Mundo,galpao,aluguel,40.0,33.1,48.0,46,8.84,outubro/2026
São Paulo,Parque Peruche,galpao,venda,4047.6,2870.0,4900.0,5,8.3,outubro/2026
São Paulo,Parque Peruche,galpao,aluguel,28.0,16.4,35.0,15,8.3,outubro/2026
São Paulo,Parque São Domingos,galpao,aluguel,26.2,22.7,35.0,17,,outubro/2026
São Paulo,Parque São Lourenço,galpao,aluguel,29.6,23.6,33.0,33,,outubro/2026
São Paulo,Pedreira,galpao,aluguel,35.8,24.1,40.0,14,,outubro/2026
São Paulo,Penha de França,galpao,venda,4626.9,4166.6,5315.6,11,14.89,outubro/2026
São Paulo,Penha de França,galpao,aluguel,57.4,37.2,71.5,20,14.89,outubro/2026
São Paulo,Santana,galpao,venda,6606.3,5061.9,7917.4,12,6.05,outubro/2026
São Paulo,Santana,galpao,aluguel,33.3,27.5,46.0,5,6.05,outubro/2026
São Paulo,Santo Amaro,galpao,venda,8752.0,7777.8,10692.5,9,4.96,outubro/2026
São Paulo,Santo Amaro,galpao,aluguel,36.2,31.1,54.5,12,4.96,outubro/2026
São Paulo,Saúde,galpao,venda,5485.9,4280.7,7083.3,11,,outubro/2026
São Paulo,Tatuapé,galpao,venda,7429.5,5560.8,9559.0,24,6.61,outubro/2026
São Paulo,Tatuapé,galpao,aluguel,40.9,33.3,53.3,33,6.61,outubro/2026
São Paulo,Vila Anastácio,galpao,aluguel,34.2,29.2,49.1,6,,outubro/2026
São Paulo,Vila Antonieta,galpao,venda,5548.2,4060.8,8366.2,6,7.57,outubro/2026
São Paulo,Vila Antonieta,galpao,aluguel,35.0,23.7,36.4,7,7.57,outubro/2026
São Paulo,Vila Bertioga,galpao,venda,6069.4,5864.1,8229.2,6,,outubro/2026
São Paulo,Vila Carmosina,galpao,venda,4230.8,3701.1,4472.2,11,,outubro/2026
São Paulo,Vila Carrão,galpao,venda,4952.8,3729.0,6648.4,14,8.14,outubro/2026
São Paulo,Vila Carrão,galpao,aluguel,33.6,27.7,45.0,18,8.14,outubro/2026
São Paulo,Vila Fátima,galpao,aluguel,50.0,34.8,50.4,5,,outubro/2026
São Paulo,Vila Formosa,galpao,venda,4587.2,3875.0,5637.6,15,9.78,outubro/2026
São Paulo,Vila Formosa,galpao,aluguel,37.4,27.4,48.3,12,9.78,outubro/2026
São Paulo,Vila Gumercindo,galpao,venda,6261.4,5000.2,7825.9,6,,outubro/2026
São Paulo,Vila Independência,galpao,venda,4140.6,3645.0,6021.6,7,8.58,outubro/2026
São Paulo,Vila Independência,galpao,aluguel,29.6,25.2,30.8,6,8.58,outubro/2026
São Paulo,Vila Invernada,galpao,aluguel,29.1,26.9,38.9,5,,outubro/2026
São Paulo,Vila Leopoldina,galpao,aluguel,40.0,37.3,60.0,31,,outubro/2026
São Paulo,Vila Maria,galpao,aluguel,30.6,26.0,35.1,16,,outubro/2026
São Paulo,Vila Mariana,galpao,venda,8153.8,7257.0,9703.9,7,8.98,outubro/2026
São Paulo,Vila Mariana,galpao,aluguel,61.0,52.5,69.7,8,8.98,outubro/2026
São Paulo,Vila Mesquita,galpao,aluguel,27.8,21.0,33.3,5,,outubro/2026
São Paulo,Vila Moinho Velho,galpao,venda,4512.0,3517.9,5790.2,6,6.46,outubro/2026
São Paulo,Vila Moinho Velho,galpao,aluguel,24.3,19.7,29.0,7,6.46,outubro/2026
São Paulo,Vila Monumento,galpao,venda,8500.0,7538.5,8909.1,5,,outubro/2026
São Paulo,Vila Moraes,galpao,venda,3714.3,3404.8,4083.3,7,,outubro/2026
São Paulo,Vila Nilo,galpao,aluguel,32.1,25.5,39.1,6,,outubro/2026
São Paulo,Vila Norma,galpao,aluguel,34.1,32.5,38.0,7,,outubro/2026
São Paulo,Vila Nova Galvão,galpao,venda,3917.0,3092.1,5670.0,6,,outubro/2026
São Paulo,Vila Nova York,galpao,venda,6875.0,6000.0,7388.1,9,,outubro/2026
São Paulo,Vila Parque Jabaquara,galpao,aluguel,49.2,26.5,53.2,5,,outubro/2026
São Paulo,Vila Prudente,galpao,venda,3887.5,3328.1,6098.8,10,7.13,outubro/2026
São Paulo,Vila Prudente,galpao,aluguel,23.1,19.2,30.9,15,7.13,outubro/2026
São Paulo,Vila Ré,galpao,aluguel,32.3,30.7,33.0,6,,outubro/2026
São Paulo,Vila Ribeiro de Barros,galpao,aluguel,40.8,40.0,46.2,9,,outubro/2026
São Paulo,Vila Sílvia,galpao,aluguel,23.9,19.2,34.6,8,,outubro/2026
São Paulo,Vila Sônia,galpao,aluguel,68.7,58.7,77.8,6,,outubro/2026
