cidade,uf,bairro,tipo,modo,edicao_anterior,edicao_atual,mediana_anterior_rs_m2,mediana_atual_rs_m2,variacao_pct,n_minimo
Balneário Camboriú,SC,Barra Sul,apartamento,venda,setembro/2026,outubro/2026,20068,33672,67.8,92
Belo Horizonte,MG,Jardim Montanhês,apartamento,venda,setembro/2026,outubro/2026,5286,7858,48.7,11
São Paulo,SP,Jardim Santo Amaro,apartamento,venda,setembro/2026,outubro/2026,7042,10016,42.2,17
Belo Horizonte,MG,São Bernardo,apartamento,venda,setembro/2026,outubro/2026,5333,7541,41.4,13
São Paulo,SP,Real Parque,apartamento,venda,setembro/2026,outubro/2026,8305,11444,37.8,56
Salvador,BA,Engenho Velho da Federação,apartamento,venda,setembro/2026,outubro/2026,9229,12500,35.4,21
Belém,PA,Jurunas,apartamento,venda,setembro/2026,outubro/2026,6018,8033,33.5,27
Jundiaí,SP,Vila Arens,apartamento,venda,setembro/2026,outubro/2026,7580,10050,32.6,45
Jundiaí,SP,Jardim Colônia,apartamento,venda,setembro/2026,outubro/2026,5857,7727,31.9,11
Brasília,DF,Guará I,apartamento,venda,setembro/2026,outubro/2026,5429,7146,31.6,13
Brasília,DF,Taguatinga,apartamento,venda,setembro/2026,outubro/2026,4511,5912,31.1,22
Balneário Camboriú,SC,Praia do Estaleiro,apartamento,venda,setembro/2026,outubro/2026,17417,22577,29.6,11
Vitória,ES,Centro,apartamento,venda,setembro/2026,outubro/2026,3579,4600,28.5,16
Balneário Camboriú,SC,Barra Norte,apartamento,venda,setembro/2026,outubro/2026,20883,26761,28.1,52
Curitiba,PR,Seminário,apartamento,venda,setembro/2026,outubro/2026,10514,13207,25.6,14
Rio de Janeiro,RJ,Centro,apartamento,venda,setembro/2026,outubro/2026,7818,9800,25.3,149
São Paulo,SP,Chácara Seis de Outubro,apartamento,venda,setembro/2026,outubro/2026,6952,8704,25.2,19
São Paulo,SP,Parque Peruche,apartamento,venda,setembro/2026,outubro/2026,7432,9280,24.9,16
Blumenau,SC,Fidélis,apartamento,venda,setembro/2026,outubro/2026,6251,7796,24.7,10
Chapecó,SC,Bela Vista,apartamento,venda,setembro/2026,outubro/2026,4789,5926,23.8,16
São Paulo,SP,Vila Nova Conceição,apartamento,venda,setembro/2026,outubro/2026,20680,25397,22.8,162
Florianópolis,SC,Itaguaçu,apartamento,venda,setembro/2026,outubro/2026,7857,9544,21.5,10
Curitiba,PR,Batel,apartamento,venda,setembro/2026,outubro/2026,12432,15099,21.5,38
Campinas,SP,Jardim García,apartamento,venda,setembro/2026,outubro/2026,5224,6317,20.9,11
Cuiabá,MT,Ribeirão da Ponte,apartamento,venda,setembro/2026,outubro/2026,6051,7258,20.0,12
São Paulo,SP,Alto de Santana,apartamento,venda,setembro/2026,outubro/2026,7800,9355,19.9,15
São Paulo,SP,Cidade Nova Heliópolis,apartamento,venda,setembro/2026,outubro/2026,5873,7009,19.3,10
Fortaleza,CE,Cidade dos Funcionários,apartamento,venda,setembro/2026,outubro/2026,3574,4261,19.2,39
São Paulo,SP,Cerqueira César,apartamento,venda,setembro/2026,outubro/2026,15663,18558,18.5,187
São Paulo,SP,Ibirapuera,apartamento,venda,setembro/2026,outubro/2026,20129,23824,18.4,37
Fortaleza,CE,Prefeito José Walter,apartamento,venda,setembro/2026,outubro/2026,3585,4236,18.2,21
Curitiba,PR,Mossunguê,apartamento,venda,setembro/2026,outubro/2026,9543,11228,17.7,16
João Pessoa,PB,Pedro Gondim,apartamento,venda,setembro/2026,outubro/2026,6929,8141,17.5,11
São Paulo,SP,Cursino,apartamento,venda,setembro/2026,outubro/2026,9203,10800,17.4,19
Florianópolis,SC,Saco Grande,apartamento,venda,setembro/2026,outubro/2026,12025,14094,17.2,101
Curitiba,PR,Bigorrilho,apartamento,venda,setembro/2026,outubro/2026,10047,11670,16.2,58
São Paulo,SP,Vila Albertina,apartamento,venda,setembro/2026,outubro/2026,7089,8194,15.6,13
São Paulo,SP,Jardins,apartamento,venda,setembro/2026,outubro/2026,18243,21016,15.2,139
São Paulo,SP,Bela Aliança,apartamento,venda,setembro/2026,outubro/2026,10639,12245,15.1,11
Fortaleza,CE,São Gerardo,apartamento,venda,setembro/2026,outubro/2026,4375,5034,15.1,51
Guarulhos,SP,Vila Fátima,apartamento,venda,setembro/2026,outubro/2026,5452,6271,15.0,26
São Paulo,SP,Jardim Esmeralda,apartamento,venda,setembro/2026,outubro/2026,6211,7143,15.0,22
São Paulo,SP,Jardim Europa,apartamento,venda,setembro/2026,outubro/2026,19952,22840,14.5,24
Uberaba,MG,Jardim Esplanada,apartamento,venda,setembro/2026,outubro/2026,3864,4406,14.0,16
Aracaju,SE,Ponto Novo,apartamento,venda,setembro/2026,outubro/2026,4167,4746,13.9,53
São Paulo,SP,Jardim Norma,apartamento,venda,setembro/2026,outubro/2026,5397,6146,13.9,10
Belo Horizonte,MG,Lagoinha,apartamento,venda,setembro/2026,outubro/2026,3667,4167,13.6,19
Piracicaba,SP,Castelinho,apartamento,venda,setembro/2026,outubro/2026,5623,6385,13.5,15
Belo Horizonte,MG,Jardim Atlântico,apartamento,venda,setembro/2026,outubro/2026,6936,7874,13.5,63
Itajaí,SC,Cabeçudas,apartamento,venda,setembro/2026,outubro/2026,18490,20991,13.5,35
Campinas,SP,Residencial Parque da Fazenda,apartamento,venda,setembro/2026,outubro/2026,6512,7381,13.3,12
Itapema,SC,Casa Branca,apartamento,venda,setembro/2026,outubro/2026,8824,10000,13.3,38
Campo Grande,MS,Vila Albuquerque,apartamento,venda,setembro/2026,outubro/2026,4744,5373,13.3,13
Itapema,SC,Ilhota,apartamento,venda,setembro/2026,outubro/2026,18591,21042,13.2,27
Brasília,DF,Riacho Fundo I,apartamento,venda,setembro/2026,outubro/2026,4418,5000,13.2,14
São Paulo,SP,Vila Progredior,apartamento,venda,setembro/2026,outubro/2026,11385,12872,13.1,24
São Paulo,SP,Jardim Celeste,apartamento,venda,setembro/2026,outubro/2026,5417,6123,13.0,51
Salvador,BA,Piatã,apartamento,venda,setembro/2026,outubro/2026,8190,9246,12.9,136
Balneário Camboriú,SC,Municípios,apartamento,venda,setembro/2026,outubro/2026,10896,12295,12.8,33
Uberaba,MG,Amoroso Costa,apartamento,venda,setembro/2026,outubro/2026,3466,3910,12.8,10
São Paulo,SP,Bom Retiro,apartamento,venda,setembro/2026,outubro/2026,7175,8086,12.7,27
João Pessoa,PB,Treze de Maio,apartamento,venda,setembro/2026,outubro/2026,5611,6320,12.6,22
Florianópolis,SC,Pantanal,apartamento,venda,setembro/2026,outubro/2026,10151,11395,12.3,52
São Paulo,SP,Jardim América,apartamento,venda,setembro/2026,outubro/2026,18186,20408,12.2,110
Jundiaí,SP,Parque Cecap,apartamento,venda,setembro/2026,outubro/2026,5683,6371,12.1,24
Piracicaba,SP,Cidade Jardim,apartamento,venda,setembro/2026,outubro/2026,6556,7347,12.1,21
São Paulo,SP,Vila Invernada,apartamento,venda,setembro/2026,outubro/2026,7656,8571,12.0,21
Navegantes,SC,Volta Grande,apartamento,venda,setembro/2026,outubro/2026,5328,5956,11.8,10
Belo Horizonte,MG,Santa Maria,apartamento,venda,setembro/2026,outubro/2026,5000,5581,11.6,33
Jundiaí,SP,Vila Hortolândia,apartamento,venda,setembro/2026,outubro/2026,7410,8269,11.6,14
Cuiabá,MT,Bela Vista,apartamento,venda,setembro/2026,outubro/2026,6419,7161,11.6,10
Salvador,BA,Costa Azul,apartamento,venda,setembro/2026,outubro/2026,6048,6742,11.5,178
Itajaí,SC,Praia Brava,apartamento,venda,setembro/2026,outubro/2026,19224,21429,11.5,258
Manaus,AM,Nova Esperança,apartamento,venda,setembro/2026,outubro/2026,6811,7584,11.3,12
Guarulhos,SP,Vila Hulda,apartamento,venda,setembro/2026,outubro/2026,5416,6025,11.2,12
Florianópolis,SC,Agronômica,apartamento,venda,setembro/2026,outubro/2026,14103,15664,11.1,251
São Paulo,SP,Vila Suzana,apartamento,venda,setembro/2026,outubro/2026,6354,7045,10.9,80
Balneário Camboriú,SC,Centro,apartamento,venda,setembro/2026,outubro/2026,18249,20227,10.8,784
Itajaí,SC,Balneário Santa Clara,apartamento,venda,setembro/2026,outubro/2026,18182,20142,10.8,11
Recife,PE,Caxangá,apartamento,venda,setembro/2026,outubro/2026,6373,7047,10.6,48
Porto Belo,SC,Porto Belo,apartamento,venda,setembro/2026,outubro/2026,12412,13717,10.5,17
São Paulo,SP,Jardim Monte Kemel,apartamento,venda,setembro/2026,outubro/2026,8316,9185,10.5,14
São Paulo,SP,Parque Fongaro,apartamento,venda,setembro/2026,outubro/2026,5359,5919,10.4,20
Itajaí,SC,Carvalho,apartamento,venda,setembro/2026,outubro/2026,7959,8778,10.3,11
Belém,PA,Campina,apartamento,venda,setembro/2026,outubro/2026,5000,5514,10.3,13
Campinas,SP,Cidade Satélite Íris,apartamento,venda,setembro/2026,outubro/2026,4630,5104,10.2,13
Campo Grande,MS,Jardim Centenário,apartamento,venda,setembro/2026,outubro/2026,3253,3584,10.2,12
Rio de Janeiro,RJ,Benfica,apartamento,venda,setembro/2026,outubro/2026,3671,4040,10.1,55
Cuiabá,MT,Centro Sul,apartamento,venda,setembro/2026,outubro/2026,4374,4812,10.0,36
Balneário Camboriú,SC,Pioneiros,apartamento,venda,setembro/2026,outubro/2026,18750,20616,10.0,208
São Paulo,SP,Água Branca,apartamento,venda,setembro/2026,outubro/2026,11607,12750,9.8,79
Campinas,SP,Bonfim,apartamento,venda,setembro/2026,outubro/2026,7470,8205,9.8,65
Porto Belo,SC,Alto Perequê,apartamento,venda,setembro/2026,outubro/2026,13258,14558,9.8,23
Belo Horizonte,MG,Nova Vista,apartamento,venda,setembro/2026,outubro/2026,6923,7600,9.8,71
Jundiaí,SP,Jardim das Samambaias,apartamento,venda,setembro/2026,outubro/2026,11039,12113,9.7,39
São Paulo,SP,Parque Residencial da Lapa,apartamento,venda,setembro/2026,outubro/2026,6618,7258,9.7,13
Belo Horizonte,MG,Carlos Prates,apartamento,venda,setembro/2026,outubro/2026,6064,6648,9.6,64
Belo Horizonte,MG,Alípio de Melo,apartamento,venda,setembro/2026,outubro/2026,6207,6804,9.6,37
Campo Grande,MS,Jardim Seminário,apartamento,venda,setembro/2026,outubro/2026,5334,5846,9.6,10
Manaus,AM,Aleixo,apartamento,venda,setembro/2026,outubro/2026,8424,9231,9.6,54
Florianópolis,SC,Jardim Atlântico,apartamento,venda,setembro/2026,outubro/2026,11118,12174,9.5,150
São Paulo,SP,Vila São Francisco,apartamento,venda,setembro/2026,outubro/2026,9077,9938,9.5,47
Itapoá,SC,Rainha,apartamento,venda,setembro/2026,outubro/2026,10774,11790,9.4,20
Belo Horizonte,MG,Cachoeirinha,apartamento,venda,setembro/2026,outubro/2026,4752,5196,9.3,16
São José,SC,Serraria,apartamento,venda,setembro/2026,outubro/2026,5563,6078,9.3,98
São Paulo,SP,Jardim Guairaca,apartamento,venda,setembro/2026,outubro/2026,5550,6061,9.2,10
Cuiabá,MT,Canjica,apartamento,venda,setembro/2026,outubro/2026,5500,6000,9.1,11
Itapema,SC,Castelo Branco,apartamento,venda,setembro/2026,outubro/2026,14439,15746,9.1,29
Rio de Janeiro,RJ,Parque Anchieta,apartamento,venda,setembro/2026,outubro/2026,3332,3633,9.0,14
São Paulo,SP,República,apartamento,venda,setembro/2026,outubro/2026,9000,9810,9.0,63
João Pessoa,PB,Torre,apartamento,venda,setembro/2026,outubro/2026,5469,5959,9.0,19
Belo Horizonte,MG,Nova Esperança,apartamento,venda,setembro/2026,outubro/2026,6004,6538,8.9,13
Recife,PE,Tejipió,apartamento,venda,setembro/2026,outubro/2026,4615,5025,8.9,15
Fortaleza,CE,Antônio Bezerra,apartamento,venda,setembro/2026,outubro/2026,4615,5024,8.9,29
São Paulo,SP,Chácara Itaim,apartamento,venda,setembro/2026,outubro/2026,21944,23867,8.8,24
Piracicaba,SP,Ondas,apartamento,venda,setembro/2026,outubro/2026,3891,4230,8.7,13
Florianópolis,SC,Cacupé,apartamento,venda,setembro/2026,outubro/2026,15780,17151,8.7,112
Florianópolis,SC,Ponta das Canas,apartamento,venda,setembro/2026,outubro/2026,11426,12413,8.6,17
São Paulo,SP,Vila Moraes,apartamento,venda,setembro/2026,outubro/2026,5436,5900,8.5,29
Itapema,SC,Tabuleiro dos Oliveiras,apartamento,venda,setembro/2026,outubro/2026,12076,13099,8.5,34
Piracicaba,SP,Bongue,apartamento,venda,setembro/2026,outubro/2026,4355,4722,8.4,12
São Paulo,SP,Jardim Taquaral,apartamento,venda,setembro/2026,outubro/2026,8232,8923,8.4,11
São Paulo,SP,Jurubatuba,apartamento,venda,setembro/2026,outubro/2026,9201,9971,8.4,10
Recife,PE,Iputinga,apartamento,venda,setembro/2026,outubro/2026,4740,5135,8.3,70
Campinas,SP,Vila Marieta,apartamento,venda,setembro/2026,outubro/2026,5690,6162,8.3,22
São Paulo,SP,Moema,apartamento,venda,setembro/2026,outubro/2026,15286,16552,8.3,614
Curitiba,PR,Ecoville,apartamento,venda,setembro/2026,outubro/2026,11148,12069,8.3,45
Recife,PE,Boa Vista,apartamento,venda,setembro/2026,outubro/2026,6604,7148,8.2,133
São Paulo,SP,Guaianases,apartamento,venda,setembro/2026,outubro/2026,4773,5164,8.2,19
São Paulo,SP,Jardim Guedala,apartamento,venda,setembro/2026,outubro/2026,14110,15267,8.2,41
Belo Horizonte,MG,Santa Terezinha,apartamento,venda,setembro/2026,outubro/2026,5254,5685,8.2,67
Itapema,SC,Canto da Praia,apartamento,venda,setembro/2026,outubro/2026,17716,19167,8.2,30
Rio de Janeiro,RJ,Pavuna,apartamento,venda,setembro/2026,outubro/2026,2103,2275,8.2,82
Rio de Janeiro,RJ,Saúde,apartamento,venda,setembro/2026,outubro/2026,7372,7971,8.1,15
São Paulo,SP,Indianópolis,apartamento,venda,setembro/2026,outubro/2026,14499,15678,8.1,202
Florianópolis,SC,Centro,apartamento,venda,setembro/2026,outubro/2026,12339,13333,8.1,684
Campo Grande,MS,Coronel Antonino,apartamento,venda,setembro/2026,outubro/2026,4351,4700,8.0,12
São Paulo,SP,Vila Vermelha,apartamento,venda,setembro/2026,outubro/2026,6802,7344,8.0,23
Penha,SC,Itapocoroi,apartamento,venda,setembro/2026,outubro/2026,12957,13986,7.9,35
Belo Horizonte,MG,Pirajá,apartamento,venda,setembro/2026,outubro/2026,4576,4939,7.9,27
Guarulhos,SP,São João,apartamento,venda,setembro/2026,outubro/2026,6260,6756,7.9,10
São Paulo,SP,Jardim Marajoara,apartamento,venda,setembro/2026,outubro/2026,8998,9707,7.9,32
Guarulhos,SP,Vila Flórida,apartamento,venda,setembro/2026,outubro/2026,6915,7460,7.9,14
Florianópolis,SC,Praia Brava,apartamento,venda,setembro/2026,outubro/2026,14302,15428,7.9,45
Rio de Janeiro,RJ,Jacaré,apartamento,venda,setembro/2026,outubro/2026,2650,2857,7.8,11
Porto Belo,SC,Vila Nova,apartamento,venda,setembro/2026,outubro/2026,13085,14105,7.8,40
Belo Horizonte,MG,São Lucas,apartamento,venda,setembro/2026,outubro/2026,7802,8410,7.8,148
São Paulo,SP,Centro,apartamento,venda,setembro/2026,outubro/2026,8990,9686,7.7,81
Cascavel,PR,Santo Onofre,apartamento,venda,setembro/2026,outubro/2026,4845,5218,7.7,11
São Paulo,SP,Sumaré,apartamento,venda,setembro/2026,outubro/2026,13926,15000,7.7,62
Salvador,BA,Luiz Anselmo,apartamento,venda,setembro/2026,outubro/2026,6292,6775,7.7,80
Aracaju,SE,Atalaia,apartamento,venda,setembro/2026,outubro/2026,7653,8238,7.6,133
São Paulo,SP,Paraíso,apartamento,venda,setembro/2026,outubro/2026,12330,13272,7.6,403
Piracicaba,SP,Jardim Itapuã,apartamento,venda,setembro/2026,outubro/2026,3738,4022,7.6,12
Cuiabá,MT,Morada do Ouro II,apartamento,venda,setembro/2026,outubro/2026,6199,6669,7.6,12
João Pessoa,PB,Ernesto Geisel,apartamento,venda,setembro/2026,outubro/2026,3998,4300,7.5,16
Cuiabá,MT,Coophamil,apartamento,venda,setembro/2026,outubro/2026,2743,2949,7.5,10
Itapema,SC,Jardim Praia Mar,apartamento,venda,setembro/2026,outubro/2026,11961,12857,7.5,34
Campinas,SP,Botafogo,apartamento,venda,setembro/2026,outubro/2026,5252,5646,7.5,88
Rio de Janeiro,RJ,Vargem Pequena,apartamento,venda,setembro/2026,outubro/2026,5292,5688,7.5,38
Belém,PA,Mangueirão,apartamento,venda,setembro/2026,outubro/2026,5750,6178,7.5,13
Aracaju,SE,Grageru,apartamento,venda,setembro/2026,outubro/2026,4750,5100,7.4,85
Rio de Janeiro,RJ,Água Santa,apartamento,venda,setembro/2026,outubro/2026,3470,3726,7.4,64
Belo Horizonte,MG,Conjunto Califórnia,apartamento,venda,setembro/2026,outubro/2026,3910,4195,7.3,10
Salvador,BA,Bonfim,apartamento,venda,setembro/2026,outubro/2026,3374,3617,7.2,38
Manaus,AM,Colônia Terra Nova,apartamento,venda,setembro/2026,outubro/2026,3833,4110,7.2,23
Itajaí,SC,Cidade Nova,apartamento,venda,setembro/2026,outubro/2026,7444,7980,7.2,20
Uberaba,MG,Residencial Palmeiras,apartamento,venda,setembro/2026,outubro/2026,3636,3895,7.1,19
Ponta Grossa,PR,Cará-Cará,apartamento,venda,setembro/2026,outubro/2026,3592,3846,7.1,10
Piracicaba,SP,Jaraguá,apartamento,venda,setembro/2026,outubro/2026,3979,4260,7.1,20
Campinas,SP,Bairro das Palmeiras,apartamento,venda,setembro/2026,outubro/2026,11502,12307,7.0,13
Guarulhos,SP,Jardim São João,apartamento,venda,setembro/2026,outubro/2026,6125,6553,7.0,11
Limeira,SP,Residencial Costa Verde,apartamento,venda,setembro/2026,outubro/2026,4388,4694,7.0,11
São Paulo,SP,Quinta da Paineira,apartamento,venda,setembro/2026,outubro/2026,6735,7203,7.0,11
Rio de Janeiro,RJ,Olaria,apartamento,venda,setembro/2026,outubro/2026,3611,3862,6.9,41
Itapema,SC,Centro,apartamento,venda,setembro/2026,outubro/2026,18408,19684,6.9,366
Itapema,SC,Meia Praia,apartamento,venda,setembro/2026,outubro/2026,16089,17176,6.8,1008
Curitiba,PR,Centro Cívico,apartamento,venda,setembro/2026,outubro/2026,11029,11774,6.7,18
Aracaju,SE,Inácio Barbosa,apartamento,venda,setembro/2026,outubro/2026,4604,4912,6.7,36
Belo Horizonte,MG,Estoril,apartamento,venda,setembro/2026,outubro/2026,8745,9326,6.7,202
São Paulo,SP,Chora Menino,apartamento,venda,setembro/2026,outubro/2026,8758,9338,6.6,12
Florianópolis,SC,Vargem do Bom Jesus,apartamento,venda,setembro/2026,outubro/2026,7051,7518,6.6,14
Recife,PE,Graças,apartamento,venda,setembro/2026,outubro/2026,6701,7143,6.6,173
Belo Horizonte,MG,Maria Virgínia,apartamento,venda,setembro/2026,outubro/2026,5800,6180,6.6,16
Cuiabá,MT,Santa Helena,apartamento,venda,setembro/2026,outubro/2026,4826,5139,6.5,25
Guarulhos,SP,Jardim Imperador,apartamento,venda,setembro/2026,outubro/2026,7958,8475,6.5,10
Guaramirim,SC,Corticeira,apartamento,venda,setembro/2026,outubro/2026,3542,3771,6.5,15
Campinas,SP,Jardim Dom Vieira,apartamento,venda,setembro/2026,outubro/2026,5549,5907,6.5,14
Rio de Janeiro,RJ,Vila Isabel,apartamento,venda,setembro/2026,outubro/2026,5000,5323,6.5,155
São Paulo,SP,Jardim Ibitirama,apartamento,venda,setembro/2026,outubro/2026,6310,6716,6.4,10
São Paulo,SP,Parque Industrial Tomas Edson,apartamento,venda,setembro/2026,outubro/2026,11074,11783,6.4,19
Jundiaí,SP,Parque da Represa,apartamento,venda,setembro/2026,outubro/2026,6510,6925,6.4,18
São Paulo,SP,Vila Alpina,apartamento,venda,setembro/2026,outubro/2026,7034,7482,6.4,52
João Pessoa,PB,Jardim Cidade Universitária,apartamento,venda,setembro/2026,outubro/2026,5642,6000,6.3,142
Jundiaí,SP,Parque União,apartamento,venda,setembro/2026,outubro/2026,8851,9412,6.3,15
Piracicaba,SP,Vale do Sol,apartamento,venda,setembro/2026,outubro/2026,2999,3189,6.3,38
Rio de Janeiro,RJ,Vila Kosmos,apartamento,venda,setembro/2026,outubro/2026,3305,3514,6.3,36
Cuiabá,MT,Quilombo,apartamento,venda,setembro/2026,outubro/2026,6633,7051,6.3,158
Piracicaba,SP,Água Branca,apartamento,venda,setembro/2026,outubro/2026,4500,4784,6.3,41
Jundiaí,SP,Vila Progresso,apartamento,venda,setembro/2026,outubro/2026,7038,7478,6.3,16
São Paulo,SP,Cidade Líder,apartamento,venda,setembro/2026,outubro/2026,5474,5814,6.2,25
Campinas,SP,Jardim Madalena,apartamento,venda,setembro/2026,outubro/2026,13378,14208,6.2,18
Vitória,ES,Praia do Canto,apartamento,venda,setembro/2026,outubro/2026,16667,17697,6.2,217
Belo Horizonte,MG,Jaraguá,apartamento,venda,setembro/2026,outubro/2026,8299,8811,6.2,108
Campo Grande,MS,Vila Planalto,apartamento,venda,setembro/2026,outubro/2026,6132,6509,6.2,11
São Paulo,SP,Jardim Santa Etelvina,apartamento,venda,setembro/2026,outubro/2026,3561,3778,6.1,10
Fortaleza,CE,Dunas,apartamento,venda,setembro/2026,outubro/2026,8714,9245,6.1,24
Chapecó,SC,Esplanada,apartamento,venda,setembro/2026,outubro/2026,6482,6872,6.0,41
Uberaba,MG,Parque das Américas,apartamento,venda,setembro/2026,outubro/2026,3353,3555,6.0,12
Florianópolis,SC,Trindade,apartamento,venda,setembro/2026,outubro/2026,10391,11017,6.0,194
São Paulo,SP,Jardim Ângela,apartamento,venda,setembro/2026,outubro/2026,5218,5532,6.0,10
Aracaju,SE,Coroa do Meio,apartamento,venda,setembro/2026,outubro/2026,6888,7302,6.0,92
Salvador,BA,Dois de Julho,apartamento,venda,setembro/2026,outubro/2026,4745,5027,5.9,72
São Paulo,SP,Vila Beatriz,apartamento,venda,setembro/2026,outubro/2026,14757,15625,5.9,18
Florianópolis,SC,Carvoeira,apartamento,venda,setembro/2026,outubro/2026,9858,10436,5.9,96
Guarulhos,SP,Vila Sorocabana,apartamento,venda,setembro/2026,outubro/2026,8167,8640,5.8,19
São Paulo,SP,Jardim Vergueiro (Sacomã),apartamento,venda,setembro/2026,outubro/2026,5522,5840,5.8,31
Jundiaí,SP,Anhangabaú,apartamento,venda,setembro/2026,outubro/2026,11370,12022,5.7,106
São Paulo,SP,Vila Anastácio,apartamento,venda,setembro/2026,outubro/2026,12707,13435,5.7,26
Belo Horizonte,MG,Nova Suíça,apartamento,venda,setembro/2026,outubro/2026,10918,11538,5.7,36
São Paulo,SP,Parque Imperial,apartamento,venda,setembro/2026,outubro/2026,9402,9934,5.7,22
Belo Horizonte,MG,Dona Clara,apartamento,venda,setembro/2026,outubro/2026,6626,7000,5.6,167
Florianópolis,SC,Monte Verde,apartamento,venda,setembro/2026,outubro/2026,11414,12057,5.6,34
São Paulo,SP,Jardim Aeroporto,apartamento,venda,setembro/2026,outubro/2026,10880,11489,5.6,20
São Paulo,SP,Conjunto Habitacional Juscelino Kubitschek,apartamento,venda,setembro/2026,outubro/2026,2871,3032,5.6,12
São Paulo,SP,Jardim Martins Silva,apartamento,venda,setembro/2026,outubro/2026,4444,4692,5.6,11
Guarulhos,SP,Jardim Santa Clara,apartamento,venda,setembro/2026,outubro/2026,5998,6331,5.6,10
João Pessoa,PB,José Américo de Almeida,apartamento,venda,setembro/2026,outubro/2026,3792,4000,5.5,21
Vitória,ES,Bento Ferreira,apartamento,venda,setembro/2026,outubro/2026,11429,12051,5.4,129
Santos,SP,Pompéia,apartamento,venda,setembro/2026,outubro/2026,8125,8566,5.4,149
Florianópolis,SC,Vargem Grande,apartamento,venda,setembro/2026,outubro/2026,9643,10166,5.4,14
Palhoça,SC,Pachecos,apartamento,venda,setembro/2026,outubro/2026,5238,5521,5.4,13
Campo Grande,MS,Jardim Bela Vista,apartamento,venda,setembro/2026,outubro/2026,10133,10680,5.4,17
Guaramirim,SC,Amizade,apartamento,venda,setembro/2026,outubro/2026,5454,5743,5.3,21
São José,SC,Jardim Cidade de Florianópolis,apartamento,venda,setembro/2026,outubro/2026,7134,7511,5.3,31
São Paulo,SP,Jardim Aurélia,apartamento,venda,setembro/2026,outubro/2026,14704,15479,5.3,12
São Paulo,SP,Jardim Pedra Branca,apartamento,venda,setembro/2026,outubro/2026,4846,5100,5.2,10
Guarulhos,SP,Vila Sirena,apartamento,venda,setembro/2026,outubro/2026,6290,6618,5.2,10
Limeira,SP,Jardim Olga Veroni,apartamento,venda,setembro/2026,outubro/2026,3000,3156,5.2,25
Guarulhos,SP,Jardim Munhoz,apartamento,venda,setembro/2026,outubro/2026,7818,8224,5.2,10
São Paulo,SP,Parque da Mooca,apartamento,venda,setembro/2026,outubro/2026,8936,9399,5.2,91
São Paulo,SP,Jardim Ubirajara,apartamento,venda,setembro/2026,outubro/2026,5595,5883,5.2,11
Belo Horizonte,MG,Barro Preto,apartamento,venda,setembro/2026,outubro/2026,10171,10694,5.1,112
Guarulhos,SP,Cidade Parque Alvorada,apartamento,venda,setembro/2026,outubro/2026,4052,4258,5.1,18
Itapema,SC,Morretes,apartamento,venda,setembro/2026,outubro/2026,12137,12756,5.1,155
Belo Horizonte,MG,Aparecida,apartamento,venda,setembro/2026,outubro/2026,5623,5908,5.1,10
Recife,PE,Areias,apartamento,venda,setembro/2026,outubro/2026,2720,2857,5.0,10
Cuiabá,MT,Jardim Florianópolis,apartamento,venda,setembro/2026,outubro/2026,6803,7143,5.0,20
Campinas,SP,Jardim das Bandeiras,apartamento,venda,setembro/2026,outubro/2026,3889,4083,5.0,13
Cuiabá,MT,Bela Marina,apartamento,venda,setembro/2026,outubro/2026,6170,6477,5.0,19
São Paulo,SP,Brooklin Paulista,apartamento,venda,setembro/2026,outubro/2026,15300,16061,5.0,230
Cuiabá,MT,Bosque da Saúde,apartamento,venda,setembro/2026,outubro/2026,5773,6060,5.0,99
Guarulhos,SP,Jardim Iporanga,apartamento,venda,setembro/2026,outubro/2026,4333,4546,4.9,21
Maceió,AL,Pajuçara,apartamento,venda,setembro/2026,outubro/2026,14384,15088,4.9,62
João Pessoa,PB,Portal do Sol,apartamento,venda,setembro/2026,outubro/2026,6005,6298,4.9,56
Ponta Grossa,PR,Contorno,apartamento,venda,setembro/2026,outubro/2026,4578,4802,4.9,31
São Paulo,SP,Paraíso do Morumbi,apartamento,venda,setembro/2026,outubro/2026,7609,7980,4.9,39
São Paulo,SP,Praça da Árvore,apartamento,venda,setembro/2026,outubro/2026,12878,13505,4.9,16
Campinas,SP,Parque Prado,apartamento,venda,setembro/2026,outubro/2026,9633,10099,4.8,79
Porto Belo,SC,Balneário Perequê,apartamento,venda,setembro/2026,outubro/2026,15613,16362,4.8,459
Jundiaí,SP,Vila Nambi,apartamento,venda,setembro/2026,outubro/2026,7392,7746,4.8,19
Cuiabá,MT,Popular,apartamento,venda,setembro/2026,outubro/2026,4869,5102,4.8,43
Recife,PE,Cordeiro,apartamento,venda,setembro/2026,outubro/2026,5250,5500,4.8,65
Guarulhos,SP,Cidade Parque Brasília,apartamento,venda,setembro/2026,outubro/2026,4667,4889,4.8,12
Jundiaí,SP,Parque Residencial Eloy Chaves,apartamento,venda,setembro/2026,outubro/2026,7192,7531,4.7,26
Salvador,BA,Barra,apartamento,venda,setembro/2026,outubro/2026,12943,13550,4.7,306
Campinas,SP,Jardim Guanabara,apartamento,venda,setembro/2026,outubro/2026,11182,11703,4.7,52
João Pessoa,PB,Cristo Redentor,apartamento,venda,setembro/2026,outubro/2026,4200,4395,4.6,35
Piracicaba,SP,Jardim Petrópolis,apartamento,venda,setembro/2026,outubro/2026,2771,2899,4.6,12
Manaus,AM,Tarumã,apartamento,venda,setembro/2026,outubro/2026,3722,3894,4.6,14
São Paulo,SP,Jardim Itapeva,apartamento,venda,setembro/2026,outubro/2026,7867,8229,4.6,10
São José,SC,Potecas,apartamento,venda,setembro/2026,outubro/2026,5294,5536,4.6,23
São José,SC,Kobrasol,apartamento,venda,setembro/2026,outubro/2026,9293,9716,4.6,249
Salvador,BA,Imbuí,apartamento,venda,setembro/2026,outubro/2026,7093,7415,4.5,139
Campinas,SP,Swift,apartamento,venda,setembro/2026,outubro/2026,8174,8544,4.5,25
São Paulo,SP,Jardim Ester,apartamento,venda,setembro/2026,outubro/2026,6663,6964,4.5,10
São Paulo,SP,Sumarezinho,apartamento,venda,setembro/2026,outubro/2026,13466,14069,4.5,38
Aracaju,SE,Jabotiana,apartamento,venda,setembro/2026,outubro/2026,4546,4748,4.5,82
Salvador,BA,Vila Canária,apartamento,venda,setembro/2026,outubro/2026,5632,5882,4.4,13
Belo Horizonte,MG,Letícia,apartamento,venda,setembro/2026,outubro/2026,5157,5385,4.4,36
Guarulhos,SP,Taboão,apartamento,venda,setembro/2026,outubro/2026,6407,6689,4.4,14
São Paulo,SP,Chácara Santana,apartamento,venda,setembro/2026,outubro/2026,8333,8699,4.4,23
Rio de Janeiro,RJ,Santa Teresa,apartamento,venda,setembro/2026,outubro/2026,6338,6613,4.3,87
Belo Horizonte,MG,Santa Rosa,apartamento,venda,setembro/2026,outubro/2026,6691,6982,4.3,125
Florianópolis,SC,Saco dos Limões,apartamento,venda,setembro/2026,outubro/2026,11130,11610,4.3,45
Campinas,SP,Loteamento Parque São Martinho,apartamento,venda,setembro/2026,outubro/2026,5408,5641,4.3,25
São Bento do Sul,SC,Rio Negro,apartamento,venda,setembro/2026,outubro/2026,5691,5934,4.3,15
São Paulo,SP,Jabaquara,apartamento,venda,setembro/2026,outubro/2026,7118,7421,4.3,140
São Paulo,SP,Cidade dos Bandeirantes,apartamento,venda,setembro/2026,outubro/2026,6200,6463,4.2,19
Itajaí,SC,Fazenda,apartamento,venda,setembro/2026,outubro/2026,14000,14594,4.2,331
Recife,PE,Torreão,apartamento,venda,setembro/2026,outubro/2026,8158,8500,4.2,41
Guarulhos,SP,Jardim Presidente Dutra,apartamento,venda,setembro/2026,outubro/2026,5733,5971,4.1,16
Cuiabá,MT,Residencial Paiaguás,apartamento,venda,setembro/2026,outubro/2026,7518,7829,4.1,45
Salvador,BA,Comércio,apartamento,venda,setembro/2026,outubro/2026,14546,15147,4.1,15
Salvador,BA,Pernambués,apartamento,venda,setembro/2026,outubro/2026,4529,4717,4.1,80
Ponta Grossa,PR,Jardim Carvalho,apartamento,venda,setembro/2026,outubro/2026,4286,4462,4.1,174
Salvador,BA,São Marcos,apartamento,venda,setembro/2026,outubro/2026,3694,3846,4.1,51
Piracicaba,SP,Jardim Europa,apartamento,venda,setembro/2026,outubro/2026,10119,10536,4.1,24
Balneário Camboriú,SC,Bairro das Nações,apartamento,venda,setembro/2026,outubro/2026,14384,14972,4.1,11
Barra Velha,SC,Itajubá II,apartamento,venda,setembro/2026,outubro/2026,9461,9844,4.1,34
Maceió,AL,Antares,apartamento,venda,setembro/2026,outubro/2026,5093,5298,4.0,46
São Paulo,SP,Jardim Caravelas,apartamento,venda,setembro/2026,outubro/2026,12000,12483,4.0,15
Balneário Camboriú,SC,Estados,apartamento,venda,setembro/2026,outubro/2026,16825,17501,4.0,32
Limeira,SP,Fazenda Duas Barras,apartamento,venda,setembro/2026,outubro/2026,4907,5104,4.0,13
Salvador,BA,São Cristóvão,apartamento,venda,setembro/2026,outubro/2026,5000,5200,4.0,33
Blumenau,SC,Velha Central,apartamento,venda,setembro/2026,outubro/2026,4861,5054,4.0,33
São Paulo,SP,Santa Cecília,apartamento,venda,setembro/2026,outubro/2026,10125,10525,4.0,155
Belo Horizonte,MG,Vila Paris,apartamento,venda,setembro/2026,outubro/2026,10902,11331,3.9,88
Rio de Janeiro,RJ,Oswaldo Cruz,apartamento,venda,setembro/2026,outubro/2026,3207,3333,3.9,34
Itajaí,SC,Fazendinha,apartamento,venda,setembro/2026,outubro/2026,12759,13260,3.9,51
Penha,SC,Praia do Quilombo,apartamento,venda,setembro/2026,outubro/2026,13746,14286,3.9,20
São Paulo,SP,Vila Sofia,apartamento,venda,setembro/2026,outubro/2026,8729,9070,3.9,21
São Paulo,SP,Vila Dom Pedro I,apartamento,venda,setembro/2026,outubro/2026,10672,11089,3.9,66
Salvador,BA,Águas Claras,apartamento,venda,setembro/2026,outubro/2026,3039,3158,3.9,15
Belo Horizonte,MG,Acaiaca,apartamento,venda,setembro/2026,outubro/2026,3357,3488,3.9,29
Brasília,DF,Lago Norte,apartamento,venda,setembro/2026,outubro/2026,12314,12793,3.9,40
São Paulo,SP,Vila Santos,apartamento,venda,setembro/2026,outubro/2026,6020,6252,3.9,12
Campinas,SP,Jardim Mirassol,apartamento,venda,setembro/2026,outubro/2026,4038,4194,3.8,12
São Paulo,SP,Vila Polopoli,apartamento,venda,setembro/2026,outubro/2026,7518,7806,3.8,10
São Paulo,SP,Campo Grande,apartamento,venda,setembro/2026,outubro/2026,8430,8752,3.8,13
Curitiba,PR,Cabral,apartamento,venda,setembro/2026,outubro/2026,11550,11991,3.8,93
Salvador,BA,Cabula VI,apartamento,venda,setembro/2026,outubro/2026,3021,3135,3.8,18
Belo Horizonte,MG,Boa Vista,apartamento,venda,setembro/2026,outubro/2026,6816,7073,3.8,43
Fortaleza,CE,Praia do Futuro II,apartamento,venda,setembro/2026,outubro/2026,7396,7674,3.8,43
São Paulo,SP,Carandiru,apartamento,venda,setembro/2026,outubro/2026,9368,9720,3.8,19
Recife,PE,Ilha do Leite,apartamento,venda,setembro/2026,outubro/2026,11662,12099,3.8,62
São Paulo,SP,Vila Clementino,apartamento,venda,setembro/2026,outubro/2026,12609,13081,3.7,428
Recife,PE,Campo Grande,apartamento,venda,setembro/2026,outubro/2026,5598,5806,3.7,61
Cuiabá,MT,Goiabeiras,apartamento,venda,setembro/2026,outubro/2026,6429,6667,3.7,139
Rio de Janeiro,RJ,Itanhangá,apartamento,venda,setembro/2026,outubro/2026,4286,4444,3.7,23
João Pessoa,PB,Muçumagro,apartamento,venda,setembro/2026,outubro/2026,2917,3024,3.7,19
Brasília,DF,Taguatinga Sul,apartamento,venda,setembro/2026,outubro/2026,6700,6946,3.7,16
Guarulhos,SP,Vila Pedro Moreira,apartamento,venda,setembro/2026,outubro/2026,7857,8146,3.7,20
Brasília,DF,Guará II,apartamento,venda,setembro/2026,outubro/2026,9742,10097,3.6,57
São Paulo,SP,Vila das Mercês,apartamento,venda,setembro/2026,outubro/2026,6607,6846,3.6,71
Cuiabá,MT,Jardim Santa Marta,apartamento,venda,setembro/2026,outubro/2026,7209,7468,3.6,56
Brasília,DF,Setor Industrial (Taguatinga),apartamento,venda,setembro/2026,outubro/2026,6294,6519,3.6,14
Guarulhos,SP,Jardim São Luis,apartamento,venda,setembro/2026,outubro/2026,4500,4660,3.6,29
Guarulhos,SP,Bonsucesso,apartamento,venda,setembro/2026,outubro/2026,5553,5749,3.5,46
Jundiaí,SP,Vila Boaventura,apartamento,venda,setembro/2026,outubro/2026,6761,7000,3.5,12
Palhoça,SC,Bela Vista,apartamento,venda,setembro/2026,outubro/2026,5594,5792,3.5,55
Jundiaí,SP,Jardim Guarani,apartamento,venda,setembro/2026,outubro/2026,7242,7497,3.5,11
Chapecó,SC,Palmital,apartamento,venda,setembro/2026,outubro/2026,7000,7246,3.5,27
Jundiaí,SP,Vila Municipal,apartamento,venda,setembro/2026,outubro/2026,9573,9909,3.5,16
Palhoça,SC,Caminho Novo,apartamento,venda,setembro/2026,outubro/2026,5818,6023,3.5,17
São Paulo,SP,Vila Leopoldina,apartamento,venda,setembro/2026,outubro/2026,13536,14009,3.5,46
Rio de Janeiro,RJ,Jardim Sulacap,apartamento,venda,setembro/2026,outubro/2026,4244,4392,3.5,40
Curitiba,PR,Jardim Botânico,apartamento,venda,setembro/2026,outubro/2026,8256,8543,3.5,22
Cuiabá,MT,Pico do Amor,apartamento,venda,setembro/2026,outubro/2026,7088,7333,3.5,41
Ponta Grossa,PR,Colônia Dona Luíza,apartamento,venda,setembro/2026,outubro/2026,4512,4667,3.4,58
São Paulo,SP,Alto da Boa Vista,apartamento,venda,setembro/2026,outubro/2026,11504,11897,3.4,40
Salvador,BA,Liberdade,apartamento,venda,setembro/2026,outubro/2026,2615,2705,3.4,14
Piracicaba,SP,Jardim São Francisco,apartamento,venda,setembro/2026,outubro/2026,3811,3941,3.4,24
São José,SC,Real Parque,apartamento,venda,setembro/2026,outubro/2026,5052,5224,3.4,17
Brasília,DF,Vicente Pires,apartamento,venda,setembro/2026,outubro/2026,4667,4825,3.4,17
São Paulo,SP,Vila Mariana,apartamento,venda,setembro/2026,outubro/2026,12500,12924,3.4,1103
Belo Horizonte,MG,Glória,apartamento,venda,setembro/2026,outubro/2026,7324,7571,3.4,39
Manaus,AM,Tarumã-Açu,apartamento,venda,setembro/2026,outubro/2026,2833,2929,3.4,25
São Paulo,SP,Alto de Pinheiros,apartamento,venda,setembro/2026,outubro/2026,17143,17715,3.3,73
Cuiabá,MT,Cidade Alta,apartamento,venda,setembro/2026,outubro/2026,6432,6646,3.3,60
Limeira,SP,Vila Santa Rosália,apartamento,venda,setembro/2026,outubro/2026,8296,8571,3.3,11
Belo Horizonte,MG,São Pedro,apartamento,venda,setembro/2026,outubro/2026,11028,11394,3.3,235
Belo Horizonte,MG,Pousada Santo Antônio,apartamento,venda,setembro/2026,outubro/2026,5801,5993,3.3,12
Campinas,SP,Swiss Park,apartamento,venda,setembro/2026,outubro/2026,12100,12501,3.3,48
Belo Horizonte,MG,Estrela do Oriente,apartamento,venda,setembro/2026,outubro/2026,8824,9115,3.3,32
Palhoça,SC,Praia de Fora,apartamento,venda,setembro/2026,outubro/2026,6695,6912,3.2,27
Belo Horizonte,MG,Frei Leopoldo,apartamento,venda,setembro/2026,outubro/2026,4179,4314,3.2,10
Florianópolis,SC,Jurerê,apartamento,venda,setembro/2026,outubro/2026,18604,19202,3.2,342
Guarulhos,SP,Parque Continental II,apartamento,venda,setembro/2026,outubro/2026,5463,5638,3.2,24
Recife,PE,Tamarineira,apartamento,venda,setembro/2026,outubro/2026,7018,7242,3.2,111
São Paulo,SP,Brás,apartamento,venda,setembro/2026,outubro/2026,8367,8633,3.2,136
São José,SC,Sertão do Maruim,apartamento,venda,setembro/2026,outubro/2026,5957,6146,3.2,51
São Paulo,SP,Itaim Bibi,apartamento,venda,setembro/2026,outubro/2026,18339,18919,3.2,334
Rio de Janeiro,RJ,Engenho de Dentro,apartamento,venda,setembro/2026,outubro/2026,3867,3989,3.2,82
Salvador,BA,Politeama,apartamento,venda,setembro/2026,outubro/2026,3962,4087,3.2,20
Florianópolis,SC,Ingleses,apartamento,venda,setembro/2026,outubro/2026,8028,8281,3.1,548
São Paulo,SP,Barra Funda,apartamento,venda,setembro/2026,outubro/2026,11508,11870,3.1,128
João Pessoa,PB,Valentina de Figueiredo,apartamento,venda,setembro/2026,outubro/2026,3666,3781,3.1,20
São Paulo,SP,Jardim Ampliação,apartamento,venda,setembro/2026,outubro/2026,6402,6603,3.1,44
São José,SC,Nossa Senhora do Rosário,apartamento,venda,setembro/2026,outubro/2026,8076,8329,3.1,114
São Paulo,SP,Vila Aricanduva,apartamento,venda,setembro/2026,outubro/2026,7542,7778,3.1,32
São Paulo,SP,Ipiranga,apartamento,venda,setembro/2026,outubro/2026,9800,10105,3.1,579
Manaus,AM,São José Operário,apartamento,venda,setembro/2026,outubro/2026,5254,5417,3.1,17
São Paulo,SP,Vila Olímpia,apartamento,venda,setembro/2026,outubro/2026,16633,17143,3.1,235
Chapecó,SC,Pinheirinho,apartamento,venda,setembro/2026,outubro/2026,5394,5557,3.0,30
São Paulo,SP,Vila Ipojuca,apartamento,venda,setembro/2026,outubro/2026,12059,12419,3.0,33
Belo Horizonte,MG,Inconfidência,apartamento,venda,setembro/2026,outubro/2026,6271,6458,3.0,16
Aracaju,SE,Santo Antônio,apartamento,venda,setembro/2026,outubro/2026,3434,3536,3.0,14
Jundiaí,SP,Retiro,apartamento,venda,setembro/2026,outubro/2026,9185,9458,3.0,16
Rio de Janeiro,RJ,Penha Circular,apartamento,venda,setembro/2026,outubro/2026,3150,3243,2.9,72
Curitiba,PR,Prado Velho,apartamento,venda,setembro/2026,outubro/2026,8740,8998,2.9,18
Jundiaí,SP,Parque Residencial Nove de Julho,apartamento,venda,setembro/2026,outubro/2026,9109,9377,2.9,14
Salvador,BA,Mares,apartamento,venda,setembro/2026,outubro/2026,3470,3571,2.9,12
Belo Horizonte,MG,Liberdade,apartamento,venda,setembro/2026,outubro/2026,8385,8631,2.9,201
Campinas,SP,Jardim Miranda,apartamento,venda,setembro/2026,outubro/2026,4739,4877,2.9,14
Guarulhos,SP,Vila Endres,apartamento,venda,setembro/2026,outubro/2026,7857,8087,2.9,78
Campo Grande,MS,São Francisco,apartamento,venda,setembro/2026,outubro/2026,6167,6346,2.9,39
Guarulhos,SP,Ponte Grande,apartamento,venda,setembro/2026,outubro/2026,7328,7540,2.9,101
Belo Horizonte,MG,Santa Lúcia,apartamento,venda,setembro/2026,outubro/2026,13695,14091,2.9,247
Belo Horizonte,MG,Candelária,apartamento,venda,setembro/2026,outubro/2026,5200,5349,2.9,75
Campinas,SP,Jardim Proença,apartamento,venda,setembro/2026,outubro/2026,5833,6000,2.9,45
Rio de Janeiro,RJ,Andaraí,apartamento,venda,setembro/2026,outubro/2026,5135,5282,2.9,129
Belo Horizonte,MG,São Paulo,apartamento,venda,setembro/2026,outubro/2026,5615,5774,2.8,14
Pomerode,SC,Ribeirão Areia,apartamento,venda,setembro/2026,outubro/2026,6409,6591,2.8,17
Recife,PE,Cidade Universitária,apartamento,venda,setembro/2026,outubro/2026,8206,8438,2.8,10
Itajaí,SC,Vila Operária,apartamento,venda,setembro/2026,outubro/2026,10743,11047,2.8,108
São Paulo,SP,Jardim das Vertentes,apartamento,venda,setembro/2026,outubro/2026,8683,8929,2.8,12
Piracicaba,SP,Alto,apartamento,venda,setembro/2026,outubro/2026,4546,4674,2.8,165
Florianópolis,SC,Cachoeira do Bom Jesus,apartamento,venda,setembro/2026,outubro/2026,12500,12852,2.8,141
Itajaí,SC,Ressacada,apartamento,venda,setembro/2026,outubro/2026,9759,10032,2.8,60
São Paulo,SP,Aclimação,apartamento,venda,setembro/2026,outubro/2026,9129,9384,2.8,374
São Paulo,SP,Vila Indiana,apartamento,venda,setembro/2026,outubro/2026,9566,9833,2.8,12
Belo Horizonte,MG,Maria Helena,apartamento,venda,setembro/2026,outubro/2026,4432,4556,2.8,21
Aracaju,SE,Marivan,apartamento,venda,setembro/2026,outubro/2026,4141,4256,2.8,37
Guarulhos,SP,Água Chata,apartamento,venda,setembro/2026,outubro/2026,5502,5655,2.8,56
Manaus,AM,Novo Aleixo,apartamento,venda,setembro/2026,outubro/2026,6356,6532,2.8,11
Guarulhos,SP,Vila Rio,apartamento,venda,setembro/2026,outubro/2026,6392,6569,2.8,17
Piracicaba,SP,Jardim Caxambu,apartamento,venda,setembro/2026,outubro/2026,3537,3635,2.8,37
Cascavel,PR,Maria Luiza,apartamento,venda,setembro/2026,outubro/2026,6462,6639,2.8,31
Rio de Janeiro,RJ,Catete,apartamento,venda,setembro/2026,outubro/2026,11250,11558,2.7,95
Salvador,BA,Horto Florestal,apartamento,venda,setembro/2026,outubro/2026,13113,13470,2.7,279
João Pessoa,PB,Cidade dos Colibris,apartamento,venda,setembro/2026,outubro/2026,4519,4642,2.7,45
São Paulo,SP,Conjunto Habitacional Padre Manoel de Paiva,apartamento,venda,setembro/2026,outubro/2026,4172,4286,2.7,11
Rio de Janeiro,RJ,Parada de Lucas,apartamento,venda,setembro/2026,outubro/2026,3400,3492,2.7,47
Recife,PE,Hipódromo,apartamento,venda,setembro/2026,outubro/2026,7766,7977,2.7,16
Cuiabá,MT,Jardim Leblon,apartamento,venda,setembro/2026,outubro/2026,10584,10870,2.7,32
Belo Horizonte,MG,São José,apartamento,venda,setembro/2026,outubro/2026,6956,7143,2.7,49
Limeira,SP,Jardim Santa Adélia,apartamento,venda,setembro/2026,outubro/2026,7018,7206,2.7,40
Guarulhos,SP,Vila Lanzara,apartamento,venda,setembro/2026,outubro/2026,9124,9368,2.7,27
Palhoça,SC,Passa Vinte,apartamento,venda,setembro/2026,outubro/2026,7067,7254,2.7,81
Guarulhos,SP,Jardim Cocaia,apartamento,venda,setembro/2026,outubro/2026,5982,6140,2.6,36
Cuiabá,MT,Consil,apartamento,venda,setembro/2026,outubro/2026,4633,4755,2.6,35
Recife,PE,São José,apartamento,venda,setembro/2026,outubro/2026,18016,18484,2.6,82
Campinas,SP,Ponte Preta,apartamento,venda,setembro/2026,outubro/2026,5862,6014,2.6,59
Recife,PE,Aflitos,apartamento,venda,setembro/2026,outubro/2026,5769,5919,2.6,131
São Paulo,SP,Lapa,apartamento,venda,setembro/2026,outubro/2026,10584,10857,2.6,51
São Paulo,SP,Vila Mascote,apartamento,venda,setembro/2026,outubro/2026,9374,9615,2.6,64
Belo Horizonte,MG,Minas Brasil,apartamento,venda,setembro/2026,outubro/2026,7267,7454,2.6,35
Rio de Janeiro,RJ,Moneró,apartamento,venda,setembro/2026,outubro/2026,5000,5128,2.6,75
São Paulo,SP,Parque das Paineiras,apartamento,venda,setembro/2026,outubro/2026,5988,6140,2.6,16
João Pessoa,PB,Água Fria,apartamento,venda,setembro/2026,outubro/2026,5878,6028,2.5,33
Guarulhos,SP,Vila Sadokim,apartamento,venda,setembro/2026,outubro/2026,3500,3589,2.5,25
Recife,PE,Ilha do Retiro,apartamento,venda,setembro/2026,outubro/2026,9058,9286,2.5,63
Belo Horizonte,MG,São Luiz,apartamento,venda,setembro/2026,outubro/2026,8367,8577,2.5,102
Guarulhos,SP,Vila Nossa Senhora de Fátima,apartamento,venda,setembro/2026,outubro/2026,5365,5500,2.5,24
Rio de Janeiro,RJ,Cosmos,apartamento,venda,setembro/2026,outubro/2026,2561,2625,2.5,75
João Pessoa,PB,João Paulo II,apartamento,venda,setembro/2026,outubro/2026,3783,3877,2.5,28
São Paulo,SP,Conjunto Habitacional Instituto Adventista,apartamento,venda,setembro/2026,outubro/2026,4320,4427,2.5,14
Campinas,SP,Jardim Paulicéia,apartamento,venda,setembro/2026,outubro/2026,4066,4167,2.5,20
Belo Horizonte,MG,Alto Barroca,apartamento,venda,setembro/2026,outubro/2026,7224,7403,2.5,97
Cuiabá,MT,Dom Aquino,apartamento,venda,setembro/2026,outubro/2026,5092,5218,2.5,36
Itapoá,SC,Continental,apartamento,venda,setembro/2026,outubro/2026,8614,8826,2.5,25
Chapecó,SC,Passo dos Fortes,apartamento,venda,setembro/2026,outubro/2026,7314,7493,2.4,81
Salvador,BA,Aquárius,apartamento,venda,setembro/2026,outubro/2026,9990,10234,2.4,75
Cuiabá,MT,Jardim Mariana,apartamento,venda,setembro/2026,outubro/2026,7143,7318,2.4,63
São Paulo,SP,Conjunto Habitacional Inácio Monteiro,apartamento,venda,setembro/2026,outubro/2026,3044,3118,2.4,11
São Paulo,SP,Vila das Belezas,apartamento,venda,setembro/2026,outubro/2026,7877,8069,2.4,12
Itajaí,SC,Santa Regina,apartamento,venda,setembro/2026,outubro/2026,5557,5692,2.4,14
Porto Belo,SC,Jardim Dourado,apartamento,venda,setembro/2026,outubro/2026,16476,16875,2.4,110
João Pessoa,PB,Jaguaribe,apartamento,venda,setembro/2026,outubro/2026,4269,4372,2.4,14
Belo Horizonte,MG,Dom Bosco,apartamento,venda,setembro/2026,outubro/2026,4452,4558,2.4,22
São Paulo,SP,Jardim Paulista,apartamento,venda,setembro/2026,outubro/2026,14904,15250,2.3,604
São Paulo,SP,Parada XV de Novembro,apartamento,venda,setembro/2026,outubro/2026,5571,5700,2.3,13
Balneário Piçarras,SC,Itacolomi,apartamento,venda,setembro/2026,outubro/2026,12280,12564,2.3,688
São Paulo,SP,Nossa Senhora do Ó,apartamento,venda,setembro/2026,outubro/2026,7586,7761,2.3,11
Belo Horizonte,MG,Califórnia,apartamento,venda,setembro/2026,outubro/2026,4847,4959,2.3,52
Palhoça,SC,Barra do Aririú,apartamento,venda,setembro/2026,outubro/2026,4833,4944,2.3,48
Guarulhos,SP,Jardim Novo Portugal,apartamento,venda,setembro/2026,outubro/2026,5430,5553,2.3,14
Piracicaba,SP,Parque Santa Cecília,apartamento,venda,setembro/2026,outubro/2026,5859,5992,2.3,21
São Paulo,SP,Vila Guilherme,apartamento,venda,setembro/2026,outubro/2026,8583,8774,2.2,89
Salvador,BA,Boca do Rio,apartamento,venda,setembro/2026,outubro/2026,7222,7383,2.2,65
Rio de Janeiro,RJ,Santíssimo,apartamento,venda,setembro/2026,outubro/2026,2609,2667,2.2,47
Campinas,SP,Jardim Novo Maracanã,apartamento,venda,setembro/2026,outubro/2026,4327,4423,2.2,26
Rio de Janeiro,RJ,Zumbi,apartamento,venda,setembro/2026,outubro/2026,6000,6133,2.2,31
Salvador,BA,Brotas,apartamento,venda,setembro/2026,outubro/2026,5330,5448,2.2,144
São Paulo,SP,Vila Uberabinha,apartamento,venda,setembro/2026,outubro/2026,16751,17114,2.2,32
Palhoça,SC,Cidade Universitária Pedra Branca,apartamento,venda,setembro/2026,outubro/2026,9996,10212,2.2,19
Cascavel,PR,Região do Lago,apartamento,venda,setembro/2026,outubro/2026,5437,5554,2.2,23
São Paulo,SP,Rio Pequeno,apartamento,venda,setembro/2026,outubro/2026,6857,7005,2.2,12
Canoas,RS,São José,apartamento,venda,setembro/2026,outubro/2026,4546,4643,2.1,81
São José,SC,Ponta de Baixo,apartamento,venda,setembro/2026,outubro/2026,5595,5714,2.1,10
São Paulo,SP,Vila do Castelo,apartamento,venda,setembro/2026,outubro/2026,6538,6678,2.1,11
Campinas,SP,Parque Itália,apartamento,venda,setembro/2026,outubro/2026,6196,6327,2.1,51
São Paulo,SP,Jardim São Savério,apartamento,venda,setembro/2026,outubro/2026,5273,5385,2.1,38
Rio de Janeiro,RJ,Laranjeiras,apartamento,venda,setembro/2026,outubro/2026,11323,11562,2.1,164
Belo Horizonte,MG,Calafate,apartamento,venda,setembro/2026,outubro/2026,7432,7588,2.1,96
Fortaleza,CE,Maraponga,apartamento,venda,setembro/2026,outubro/2026,4792,4892,2.1,95
João Pessoa,PB,Tambauzinho,apartamento,venda,setembro/2026,outubro/2026,7885,8051,2.1,82
Ponta Grossa,PR,Nova Rússia,apartamento,venda,setembro/2026,outubro/2026,4221,4309,2.1,53
Guarulhos,SP,Jardim Aida,apartamento,venda,setembro/2026,outubro/2026,7184,7333,2.1,48
Belo Horizonte,MG,Dom Cabral,apartamento,venda,setembro/2026,outubro/2026,10003,10209,2.1,30
Cuiabá,MT,Jardim Imperial,apartamento,venda,setembro/2026,outubro/2026,5556,5670,2.1,33
Uberaba,MG,Estados Unidos,apartamento,venda,setembro/2026,outubro/2026,4009,4091,2.0,202
São Paulo,SP,Mirandópolis,apartamento,venda,setembro/2026,outubro/2026,10247,10456,2.0,132
Salvador,BA,Resgate,apartamento,venda,setembro/2026,outubro/2026,5480,5591,2.0,29
Rio de Janeiro,RJ,Padre Miguel,apartamento,venda,setembro/2026,outubro/2026,2857,2915,2.0,67
Chapecó,SC,Bom Retiro,apartamento,venda,setembro/2026,outubro/2026,7310,7458,2.0,15
Barra Velha,SC,Tabuleiro,apartamento,venda,setembro/2026,outubro/2026,12275,12522,2.0,285
Rio de Janeiro,RJ,Honório Gurgel,apartamento,venda,setembro/2026,outubro/2026,2745,2800,2.0,33
Rio de Janeiro,RJ,Rocha Miranda,apartamento,venda,setembro/2026,outubro/2026,3368,3436,2.0,66
Belo Horizonte,MG,Cidade Jardim,apartamento,venda,setembro/2026,outubro/2026,10583,10796,2.0,81
Limeira,SP,Vila Teixeira Marques,apartamento,venda,setembro/2026,outubro/2026,5000,5100,2.0,13
Uberaba,MG,Jardim Santa Inez,apartamento,venda,setembro/2026,outubro/2026,3591,3663,2.0,15
Guarulhos,SP,Vila Antonieta,apartamento,venda,setembro/2026,outubro/2026,8581,8751,2.0,50
Piracicaba,SP,Piracicamirim,apartamento,venda,setembro/2026,outubro/2026,4182,4264,2.0,95
Salvador,BA,Iapi,apartamento,venda,setembro/2026,outubro/2026,3000,3059,2.0,39
Cuiabá,MT,Jardim Ubirajara,apartamento,venda,setembro/2026,outubro/2026,5834,5949,2.0,26
Fortaleza,CE,Passaré,apartamento,venda,setembro/2026,outubro/2026,5395,5500,2.0,112
Campinas,SP,Vila Satúrnia,apartamento,venda,setembro/2026,outubro/2026,7825,7978,2.0,14
Itajaí,SC,Dom Bosco,apartamento,venda,setembro/2026,outubro/2026,9570,9756,1.9,61
Guarulhos,SP,Camargos,apartamento,venda,setembro/2026,outubro/2026,6794,6925,1.9,38
Cuiabá,MT,Coxipó,apartamento,venda,setembro/2026,outubro/2026,5227,5328,1.9,21
Belo Horizonte,MG,Gameleira,apartamento,venda,setembro/2026,outubro/2026,6184,6302,1.9,25
Pomerode,SC,Centro,apartamento,venda,setembro/2026,outubro/2026,7927,8078,1.9,142
Guarulhos,SP,Jardim Rosa de Franca,apartamento,venda,setembro/2026,outubro/2026,7806,7954,1.9,20
Salvador,BA,Jardim Nova Esperança,apartamento,venda,setembro/2026,outubro/2026,3769,3841,1.9,17
Belo Horizonte,MG,Salgado Filho,apartamento,venda,setembro/2026,outubro/2026,6309,6429,1.9,89
Belo Horizonte,MG,Céu Azul,apartamento,venda,setembro/2026,outubro/2026,4333,4415,1.9,55
Piracicaba,SP,Campestre,apartamento,venda,setembro/2026,outubro/2026,4054,4130,1.9,42
Belo Horizonte,MG,Santa Cruz,apartamento,venda,setembro/2026,outubro/2026,5917,6027,1.9,52
Salvador,BA,Rio Vermelho,apartamento,venda,setembro/2026,outubro/2026,8294,8448,1.9,228
Palhoça,SC,Nova Palhoça,apartamento,venda,setembro/2026,outubro/2026,5960,6071,1.9,73
Manaus,AM,Centro,apartamento,venda,setembro/2026,outubro/2026,4264,4343,1.8,28
João Pessoa,PB,Novo Geisel,apartamento,venda,setembro/2026,outubro/2026,3580,3646,1.8,11
Recife,PE,Jaqueira,apartamento,venda,setembro/2026,outubro/2026,7655,7795,1.8,92
São Paulo,SP,Jardim Helian,apartamento,venda,setembro/2026,outubro/2026,5217,5312,1.8,14
Campinas,SP,Fazenda São Quirino,apartamento,venda,setembro/2026,outubro/2026,15781,16067,1.8,18
Curitiba,PR,Alto da XV,apartamento,venda,setembro/2026,outubro/2026,11451,11658,1.8,61
Salvador,BA,Ondina,apartamento,venda,setembro/2026,outubro/2026,11276,11478,1.8,248
João Pessoa,PB,Expedicionários,apartamento,venda,setembro/2026,outubro/2026,6045,6154,1.8,44
São Paulo,SP,Jardim da Glória,apartamento,venda,setembro/2026,outubro/2026,10595,10785,1.8,60
Guaramirim,SC,Avaí,apartamento,venda,setembro/2026,outubro/2026,4726,4810,1.8,12
São José,SC,Barreiros,apartamento,venda,setembro/2026,outubro/2026,8612,8765,1.8,230
Maceió,AL,Benedito Bentes,apartamento,venda,setembro/2026,outubro/2026,3229,3286,1.8,29
Salvador,BA,Acupe,apartamento,venda,setembro/2026,outubro/2026,4722,4806,1.8,17
Rio de Janeiro,RJ,Pechincha,apartamento,venda,setembro/2026,outubro/2026,4374,4450,1.8,138
Uberaba,MG,Abadia,apartamento,venda,setembro/2026,outubro/2026,4301,4376,1.7,41
Chapecó,SC,Santo Antônio,apartamento,venda,setembro/2026,outubro/2026,5689,5788,1.7,18
Salvador,BA,Candeal,apartamento,venda,setembro/2026,outubro/2026,7353,7479,1.7,147
Campinas,SP,Jardim Aurélia,apartamento,venda,setembro/2026,outubro/2026,8681,8830,1.7,25
São Paulo,SP,Cangaíba,apartamento,venda,setembro/2026,outubro/2026,6060,6162,1.7,30
Limeira,SP,Jardim Pérola,apartamento,venda,setembro/2026,outubro/2026,5538,5632,1.7,11
Belo Horizonte,MG,Juliana,apartamento,venda,setembro/2026,outubro/2026,4800,4880,1.7,53
Uberaba,MG,Fabrício,apartamento,venda,setembro/2026,outubro/2026,3400,3457,1.7,133
Salvador,BA,Castelo Branco,apartamento,venda,setembro/2026,outubro/2026,6667,6778,1.7,16
Jundiaí,SP,Jardim Trevo,apartamento,venda,setembro/2026,outubro/2026,10976,11158,1.7,14
São Paulo,SP,Tremembé,apartamento,venda,setembro/2026,outubro/2026,6844,6957,1.7,34
São Paulo,SP,Jardim América da Penha,apartamento,venda,setembro/2026,outubro/2026,7065,7182,1.7,22
Recife,PE,Encruzilhada,apartamento,venda,setembro/2026,outubro/2026,7776,7904,1.6,119
Guarulhos,SP,Jardim Valéria,apartamento,venda,setembro/2026,outubro/2026,3812,3875,1.6,34
Salvador,BA,Jardim Armação,apartamento,venda,setembro/2026,outubro/2026,8871,9017,1.6,257
Barra Velha,SC,Centro,apartamento,venda,setembro/2026,outubro/2026,9330,9483,1.6,148
Pomerode,SC,Testo Rega,apartamento,venda,setembro/2026,outubro/2026,5510,5600,1.6,20
Palhoça,SC,Pedra Branca,apartamento,venda,setembro/2026,outubro/2026,11221,11403,1.6,469
Guarulhos,SP,Jardim São Domingos,apartamento,venda,setembro/2026,outubro/2026,4835,4912,1.6,24
Salvador,BA,Patamares,apartamento,venda,setembro/2026,outubro/2026,11116,11293,1.6,164
Itajaí,SC,Santa Clara,apartamento,venda,setembro/2026,outubro/2026,19785,20100,1.6,17
Fortaleza,CE,Parque Iracema,apartamento,venda,setembro/2026,outubro/2026,8445,8579,1.6,62
Salvador,BA,Vila Laura,apartamento,venda,setembro/2026,outubro/2026,4889,4967,1.6,91
Fortaleza,CE,Cocó,apartamento,venda,setembro/2026,outubro/2026,9688,9841,1.6,271
Aracaju,SE,Aruana,apartamento,venda,setembro/2026,outubro/2026,5673,5763,1.6,70
Cuiabá,MT,Areão,apartamento,venda,setembro/2026,outubro/2026,6159,6256,1.6,32
Rio de Janeiro,RJ,Irajá,apartamento,venda,setembro/2026,outubro/2026,4000,4063,1.6,34
Belo Horizonte,MG,São João Batista,apartamento,venda,setembro/2026,outubro/2026,5120,5200,1.6,76
Limeira,SP,Chácara Boa Vista da Graminha,apartamento,venda,setembro/2026,outubro/2026,7633,7752,1.6,13
Cascavel,PR,Brasília,apartamento,venda,setembro/2026,outubro/2026,4906,4982,1.6,31
Guarulhos,SP,Jardim Ansalca,apartamento,venda,setembro/2026,outubro/2026,5854,5944,1.5,22
Uberaba,MG,Universitário,apartamento,venda,setembro/2026,outubro/2026,3611,3667,1.5,70
Limeira,SP,Centro,apartamento,venda,setembro/2026,outubro/2026,3573,3628,1.5,256
São Paulo,SP,Vila Monumento,apartamento,venda,setembro/2026,outubro/2026,8422,8550,1.5,135
São Paulo,SP,Conjunto Habitacional Fazenda do Carmo,apartamento,venda,setembro/2026,outubro/2026,2885,2928,1.5,11
Itajaí,SC,Centro,apartamento,venda,setembro/2026,outubro/2026,12206,12390,1.5,315
São Paulo,SP,Vila Nova Savoia,apartamento,venda,setembro/2026,outubro/2026,7029,7136,1.5,10
Campinas,SP,Jardim das Paineiras,apartamento,venda,setembro/2026,outubro/2026,9091,9227,1.5,33
Belo Horizonte,MG,Santa Inês,apartamento,venda,setembro/2026,outubro/2026,6692,6792,1.5,117
Vitória,ES,Jardim Camburi,apartamento,venda,setembro/2026,outubro/2026,12259,12441,1.5,424
Recife,PE,Casa Forte,apartamento,venda,setembro/2026,outubro/2026,8896,9028,1.5,200
Rio de Janeiro,RJ,Pitangueiras,apartamento,venda,setembro/2026,outubro/2026,4858,4930,1.5,26
João Pessoa,PB,Jardim São Paulo,apartamento,venda,setembro/2026,outubro/2026,6000,6087,1.4,51
Belo Horizonte,MG,Santa Branca,apartamento,venda,setembro/2026,outubro/2026,6292,6383,1.4,115
São Paulo,SP,Vila Maria,apartamento,venda,setembro/2026,outubro/2026,9938,10080,1.4,38
Palhoça,SC,Pinheira,apartamento,venda,setembro/2026,outubro/2026,7686,7796,1.4,76
São Paulo,SP,Jardim Planalto,apartamento,venda,setembro/2026,outubro/2026,5519,5598,1.4,10
Curitiba,PR,Ganchinho,apartamento,venda,setembro/2026,outubro/2026,3986,4043,1.4,16
Belo Horizonte,MG,Brasil Industrial,apartamento,venda,setembro/2026,outubro/2026,7264,7368,1.4,25
Rio de Janeiro,RJ,Parque Colúmbia,apartamento,venda,setembro/2026,outubro/2026,2544,2580,1.4,12
Rio de Janeiro,RJ,Vista Alegre,apartamento,venda,setembro/2026,outubro/2026,4409,4472,1.4,88
Guarulhos,SP,Jardim Guilhermino,apartamento,venda,setembro/2026,outubro/2026,4302,4363,1.4,33
Jundiaí,SP,Vila Nova Jundiainópolis,apartamento,venda,setembro/2026,outubro/2026,6852,6946,1.4,25
Belo Horizonte,MG,Jaqueline,apartamento,venda,setembro/2026,outubro/2026,3673,3724,1.4,55
Limeira,SP,Jardim Florença,apartamento,venda,setembro/2026,outubro/2026,9471,9600,1.4,27
Fortaleza,CE,Praia de Iracema,apartamento,venda,setembro/2026,outubro/2026,12073,12238,1.4,80
Belém,PA,Marco,apartamento,venda,setembro/2026,outubro/2026,8310,8422,1.4,66
Guarulhos,SP,Maia,apartamento,venda,setembro/2026,outubro/2026,9483,9611,1.4,53
Uberaba,MG,São Sebastião,apartamento,venda,setembro/2026,outubro/2026,4023,4077,1.3,79
Piracicaba,SP,Vila Monteiro,apartamento,venda,setembro/2026,outubro/2026,3835,3886,1.3,60
São Paulo,SP,Vila Nivi,apartamento,venda,setembro/2026,outubro/2026,7500,7600,1.3,31
São Paulo,SP,Vila Dom Pedro II,apartamento,venda,setembro/2026,outubro/2026,8536,8648,1.3,42
Rio de Janeiro,RJ,Jardim Guanabara,apartamento,venda,setembro/2026,outubro/2026,6325,6408,1.3,166
São Paulo,SP,Loteamento City Jaragua,apartamento,venda,setembro/2026,outubro/2026,6030,6109,1.3,10
Palhoça,SC,Aririu,apartamento,venda,setembro/2026,outubro/2026,5494,5566,1.3,49
São Paulo,SP,Higienópolis,apartamento,venda,setembro/2026,outubro/2026,12585,12747,1.3,373
Recife,PE,Barro,apartamento,venda,setembro/2026,outubro/2026,6722,6808,1.3,26
Limeira,SP,Vila Camargo,apartamento,venda,setembro/2026,outubro/2026,5204,5270,1.3,32
Palhoça,SC,Pagani,apartamento,venda,setembro/2026,outubro/2026,8281,8387,1.3,219
Vitória,ES,Ilha do Boi,apartamento,venda,setembro/2026,outubro/2026,11007,11147,1.3,10
Uberaba,MG,Paraíso,apartamento,venda,setembro/2026,outubro/2026,3970,4021,1.3,61
Aracaju,SE,Jardins,apartamento,venda,setembro/2026,outubro/2026,8750,8861,1.3,119
São Paulo,SP,Jardim Matarazzo,apartamento,venda,setembro/2026,outubro/2026,5971,6046,1.3,12
Rio de Janeiro,RJ,Rocha,apartamento,venda,setembro/2026,outubro/2026,3382,3425,1.3,91
Jundiaí,SP,Vila Arens II,apartamento,venda,setembro/2026,outubro/2026,7315,7407,1.3,22
São Paulo,SP,Vila Ema,apartamento,venda,setembro/2026,outubro/2026,7407,7500,1.3,115
São Paulo,SP,Jardim Avelino,apartamento,venda,setembro/2026,outubro/2026,7971,8069,1.2,35
Guarulhos,SP,Jardim Maia,apartamento,venda,setembro/2026,outubro/2026,9632,9750,1.2,58
Campinas,SP,Nova Campinas,apartamento,venda,setembro/2026,outubro/2026,14560,14738,1.2,96
Ponta Grossa,PR,Estrela,apartamento,venda,setembro/2026,outubro/2026,5269,5333,1.2,246
Piracicaba,SP,Jardim Parque Jupiá,apartamento,venda,setembro/2026,outubro/2026,4141,4190,1.2,48
Guarulhos,SP,Vila Tijuco,apartamento,venda,setembro/2026,outubro/2026,7073,7157,1.2,19
Salvador,BA,Canela,apartamento,venda,setembro/2026,outubro/2026,5643,5710,1.2,109
Itajaí,SC,São João,apartamento,venda,setembro/2026,outubro/2026,9149,9256,1.2,84
Campinas,SP,Vila Itapura,apartamento,venda,setembro/2026,outubro/2026,7012,7093,1.2,82
Belo Horizonte,MG,Betânia,apartamento,venda,setembro/2026,outubro/2026,8836,8938,1.2,64
Salvador,BA,Areia Branca,apartamento,venda,setembro/2026,outubro/2026,3226,3263,1.2,48
São Bento do Sul,SC,Colonial,apartamento,venda,setembro/2026,outubro/2026,5168,5227,1.1,13
Uberaba,MG,Parque do Mirante,apartamento,venda,setembro/2026,outubro/2026,4642,4694,1.1,145
Guarulhos,SP,Vila Alzira,apartamento,venda,setembro/2026,outubro/2026,5192,5250,1.1,38
Fortaleza,CE,Itaperi,apartamento,venda,setembro/2026,outubro/2026,3998,4043,1.1,32
Salvador,BA,Alphaville I,apartamento,venda,setembro/2026,outubro/2026,12798,12940,1.1,111
Recife,PE,Madalena,apartamento,venda,setembro/2026,outubro/2026,8871,8969,1.1,203
Jundiaí,SP,Jardim Torres São José,apartamento,venda,setembro/2026,outubro/2026,9474,9577,1.1,15
Maceió,AL,Farol,apartamento,venda,setembro/2026,outubro/2026,7336,7415,1.1,83
São José,SC,Campinas,apartamento,venda,setembro/2026,outubro/2026,8898,8994,1.1,362
Rio de Janeiro,RJ,Engenheiro Leal,apartamento,venda,setembro/2026,outubro/2026,2368,2394,1.1,26
Cuiabá,MT,Jardim das Américas,apartamento,venda,setembro/2026,outubro/2026,9495,9597,1.1,134
Belo Horizonte,MG,Jardim Vitória,apartamento,venda,setembro/2026,outubro/2026,3556,3594,1.1,29
São Paulo,SP,Jardim Leônidas Moreira,apartamento,venda,setembro/2026,outubro/2026,4403,4450,1.1,22
Campinas,SP,Vila Progresso,apartamento,venda,setembro/2026,outubro/2026,8546,8636,1.1,43
Cuiabá,MT,Duque de Caxias II,apartamento,venda,setembro/2026,outubro/2026,6977,7051,1.1,41
Belo Horizonte,MG,Vitória,apartamento,venda,setembro/2026,outubro/2026,3906,3947,1.0,11
Rio de Janeiro,RJ,Paciência,apartamento,venda,setembro/2026,outubro/2026,2000,2021,1.0,89
Salvador,BA,Jardim das Margaridas,apartamento,venda,setembro/2026,outubro/2026,4416,4462,1.0,88
Rio de Janeiro,RJ,Bancários,apartamento,venda,setembro/2026,outubro/2026,4286,4330,1.0,58
Canoas,RS,Bairro Centro,apartamento,venda,setembro/2026,outubro/2026,7186,7260,1.0,15
Manaus,AM,São Jorge,apartamento,venda,setembro/2026,outubro/2026,7736,7816,1.0,14
São Paulo,SP,Butantã,apartamento,venda,setembro/2026,outubro/2026,9478,9576,1.0,276
Belo Horizonte,MG,Copacabana,apartamento,venda,setembro/2026,outubro/2026,5303,5357,1.0,60
Brasília,DF,Park Sul,apartamento,venda,setembro/2026,outubro/2026,16812,16985,1.0,82
Uberaba,MG,Conjunto Guanabara,apartamento,venda,setembro/2026,outubro/2026,3617,3654,1.0,53
São Paulo,SP,Vila Buarque,apartamento,venda,setembro/2026,outubro/2026,8839,8929,1.0,62
Maceió,AL,Petrópolis,apartamento,venda,setembro/2026,outubro/2026,3654,3690,1.0,21
Belo Horizonte,MG,Engenho Nogueira,apartamento,venda,setembro/2026,outubro/2026,6792,6861,1.0,26
Maceió,AL,Pescaria,apartamento,venda,setembro/2026,outubro/2026,7190,7262,1.0,13
Fortaleza,CE,Parque Del Sol,apartamento,venda,setembro/2026,outubro/2026,9376,9468,1.0,18
Belo Horizonte,MG,Jardim América,apartamento,venda,setembro/2026,outubro/2026,5661,5716,1.0,84
Salvador,BA,Novo Horizonte,apartamento,venda,setembro/2026,outubro/2026,5186,5236,1.0,18
Rio de Janeiro,RJ,Higienópolis,apartamento,venda,setembro/2026,outubro/2026,3690,3726,1.0,34
São Paulo,SP,Limoeiro,apartamento,venda,setembro/2026,outubro/2026,4646,4691,1.0,12
Manaus,AM,Chapada,apartamento,venda,setembro/2026,outubro/2026,5288,5339,1.0,26
São Paulo,SP,Vila Gustavo,apartamento,venda,setembro/2026,outubro/2026,8065,8140,0.9,62
Campinas,SP,Parque Maria Helena,apartamento,venda,setembro/2026,outubro/2026,4694,4736,0.9,10
Rio de Janeiro,RJ,Camorim,apartamento,venda,setembro/2026,outubro/2026,7460,7526,0.9,114
Balneário Camboriú,SC,Ariribá,apartamento,venda,setembro/2026,outubro/2026,15097,15231,0.9,24
Vitória,ES,Enseada do Suá,apartamento,venda,setembro/2026,outubro/2026,19000,19167,0.9,137
São Paulo,SP,Vila Campestre,apartamento,venda,setembro/2026,outubro/2026,6918,6978,0.9,16
Limeira,SP,Residencial Morada das Acácias,apartamento,venda,setembro/2026,outubro/2026,4806,4848,0.9,18
São José,SC,Forquilhinhas,apartamento,venda,setembro/2026,outubro/2026,6224,6277,0.9,44
Fortaleza,CE,Messejana,apartamento,venda,setembro/2026,outubro/2026,4648,4688,0.9,88
Manaus,AM,Flores,apartamento,venda,setembro/2026,outubro/2026,6158,6210,0.8,46
Rio de Janeiro,RJ,Engenho da Rainha,apartamento,venda,setembro/2026,outubro/2026,3500,3529,0.8,34
Guarulhos,SP,Jardim Sao Luiz,apartamento,venda,setembro/2026,outubro/2026,4739,4778,0.8,12
Rio de Janeiro,RJ,Pilares,apartamento,venda,setembro/2026,outubro/2026,4000,4032,0.8,70
São Paulo,SP,Santa Efigênia,apartamento,venda,setembro/2026,outubro/2026,5760,5806,0.8,10
São Paulo,SP,Chácara Belenzinho,apartamento,venda,setembro/2026,outubro/2026,7003,7059,0.8,28
Campinas,SP,Dic VI (Conjunto Habitacional Santo Dias Silva),apartamento,venda,setembro/2026,outubro/2026,3216,3241,0.8,11
Florianópolis,SC,Lagoa da Conceição,apartamento,venda,setembro/2026,outubro/2026,12447,12546,0.8,47
Vitória,ES,Mata da Praia,apartamento,venda,setembro/2026,outubro/2026,17639,17778,0.8,112
São Paulo,SP,Liberdade,apartamento,venda,setembro/2026,outubro/2026,8214,8279,0.8,113
Campinas,SP,Cambuí,apartamento,venda,setembro/2026,outubro/2026,10180,10259,0.8,634
São Paulo,SP,Vila Antonieta,apartamento,venda,setembro/2026,outubro/2026,6916,6969,0.8,30
São Paulo,SP,Mandaqui,apartamento,venda,setembro/2026,outubro/2026,7216,7271,0.8,104
Aracaju,SE,Centro,apartamento,venda,setembro/2026,outubro/2026,2835,2857,0.8,30
Fortaleza,CE,Meireles,apartamento,venda,setembro/2026,outubro/2026,12096,12188,0.8,985
São José,SC,Floresta,apartamento,venda,setembro/2026,outubro/2026,9159,9228,0.7,14
Campinas,SP,Parque Fazendinha,apartamento,venda,setembro/2026,outubro/2026,5459,5500,0.7,11
Salvador,BA,Chame-Chame,apartamento,venda,setembro/2026,outubro/2026,5321,5361,0.7,64
Rio de Janeiro,RJ,Cocotá,apartamento,venda,setembro/2026,outubro/2026,4242,4273,0.7,70
Belo Horizonte,MG,Floramar,apartamento,venda,setembro/2026,outubro/2026,5866,5909,0.7,48
Brasília,DF,Sudoeste,apartamento,venda,setembro/2026,outubro/2026,15000,15108,0.7,151
São Paulo,SP,Cidade Monções,apartamento,venda,setembro/2026,outubro/2026,14893,15000,0.7,76
Uberaba,MG,Vila Maria Helena,apartamento,venda,setembro/2026,outubro/2026,3981,4008,0.7,29
Uberaba,MG,Rec. dos Bandeirantes,apartamento,venda,setembro/2026,outubro/2026,3500,3524,0.7,11
Salvador,BA,Nova Brasília,apartamento,venda,setembro/2026,outubro/2026,4118,4146,0.7,50
Belém,PA,Cremação,apartamento,venda,setembro/2026,outubro/2026,7450,7500,0.7,32
São Paulo,SP,Alto da Mooca,apartamento,venda,setembro/2026,outubro/2026,9743,9808,0.7,70
Guarulhos,SP,Jardim Vila Galvão,apartamento,venda,setembro/2026,outubro/2026,6710,6754,0.6,80
São Paulo,SP,Santa Teresinha,apartamento,venda,setembro/2026,outubro/2026,10624,10692,0.6,119
João Pessoa,PB,Planalto Boa Esperança,apartamento,venda,setembro/2026,outubro/2026,3383,3404,0.6,25
Rio de Janeiro,RJ,Pedra de Guaratiba,apartamento,venda,setembro/2026,outubro/2026,3292,3312,0.6,11
São Paulo,SP,Cambuci,apartamento,venda,setembro/2026,outubro/2026,7692,7741,0.6,257
Itajaí,SC,São Vicente,apartamento,venda,setembro/2026,outubro/2026,8193,8244,0.6,73
Aracaju,SE,Porto Dantas,apartamento,venda,setembro/2026,outubro/2026,3042,3061,0.6,22
Salvador,BA,Ribeira,apartamento,venda,setembro/2026,outubro/2026,2982,3000,0.6,44
Palhoça,SC,Centro,apartamento,venda,setembro/2026,outubro/2026,7151,7195,0.6,113
São Paulo,SP,Vila Guaca,apartamento,venda,setembro/2026,outubro/2026,9375,9432,0.6,15
Cuiabá,MT,Despraiado,apartamento,venda,setembro/2026,outubro/2026,6880,6922,0.6,82
Recife,PE,Água Fria,apartamento,venda,setembro/2026,outubro/2026,4118,4142,0.6,14
São Paulo,SP,Vila Mazzei,apartamento,venda,setembro/2026,outubro/2026,7895,7942,0.6,59
Belo Horizonte,MG,Serra Verde (Venda Nova),apartamento,venda,setembro/2026,outubro/2026,4208,4233,0.6,16
São Paulo,SP,Morumbi,apartamento,venda,setembro/2026,outubro/2026,8134,8182,0.6,182
Cuiabá,MT,Boa Esperança,apartamento,venda,setembro/2026,outubro/2026,5962,5997,0.6,17
Guarulhos,SP,Vila Progresso,apartamento,venda,setembro/2026,outubro/2026,8333,8382,0.6,141
Rio de Janeiro,RJ,Senador Vasconcelos,apartamento,venda,setembro/2026,outubro/2026,2794,2810,0.6,16
Belém,PA,Pedreira,apartamento,venda,setembro/2026,outubro/2026,8800,8850,0.6,51
Rio de Janeiro,RJ,Marechal Hermes,apartamento,venda,setembro/2026,outubro/2026,3750,3771,0.6,54
Campinas,SP,Jardim Antonio Von Zuben,apartamento,venda,setembro/2026,outubro/2026,5564,5595,0.6,12
Curitiba,PR,Alto da Rua XV,apartamento,venda,setembro/2026,outubro/2026,9431,9484,0.6,18
São Paulo,SP,Chácara Klabin,apartamento,venda,setembro/2026,outubro/2026,14329,14408,0.6,166
Cuiabá,MT,Duque de Caxias I,apartamento,venda,setembro/2026,outubro/2026,8472,8518,0.6,40
Belo Horizonte,MG,Barreiro,apartamento,venda,setembro/2026,outubro/2026,8355,8401,0.5,232
São Paulo,SP,Vila Antonina,apartamento,venda,setembro/2026,outubro/2026,8288,8333,0.5,30
Belo Horizonte,MG,Heliópolis,apartamento,venda,setembro/2026,outubro/2026,5284,5312,0.5,99
São Paulo,SP,Vila Monte Alegre,apartamento,venda,setembro/2026,outubro/2026,9010,9058,0.5,53
Guarulhos,SP,Torres Tibagy,apartamento,venda,setembro/2026,outubro/2026,5725,5755,0.5,20
Penha,SC,Nossa Senhora de Fátima,apartamento,venda,setembro/2026,outubro/2026,6395,6429,0.5,65
Manaus,AM,Ponta Negra,apartamento,venda,setembro/2026,outubro/2026,8450,8493,0.5,103
Aracaju,SE,Treze de Julho,apartamento,venda,setembro/2026,outubro/2026,4558,4582,0.5,82
Rio de Janeiro,RJ,Portuguesa,apartamento,venda,setembro/2026,outubro/2026,5156,5182,0.5,53
Belo Horizonte,MG,Araguaia,apartamento,venda,setembro/2026,outubro/2026,6361,6393,0.5,42
Guarulhos,SP,Vila Rosália,apartamento,venda,setembro/2026,outubro/2026,8000,8040,0.5,254
Campinas,SP,Vila Industrial,apartamento,venda,setembro/2026,outubro/2026,5447,5474,0.5,69
Belo Horizonte,MG,Santa Tereza,apartamento,venda,setembro/2026,outubro/2026,7167,7200,0.5,71
Guarulhos,SP,Vila Milton,apartamento,venda,setembro/2026,outubro/2026,6897,6930,0.5,76
Uberaba,MG,Mercês,apartamento,venda,setembro/2026,outubro/2026,4124,4143,0.5,209
São Paulo,SP,Conjunto Residencial José Bonifácio,apartamento,venda,setembro/2026,outubro/2026,4167,4186,0.5,19
São Paulo,SP,Vila Sílvia,apartamento,venda,setembro/2026,outubro/2026,5188,5211,0.5,19
São José,SC,Fazenda Santo Antônio,apartamento,venda,setembro/2026,outubro/2026,7693,7728,0.5,20
Cuiabá,MT,Poção,apartamento,venda,setembro/2026,outubro/2026,4500,4520,0.4,25
Vitória,ES,Santa Helena,apartamento,venda,setembro/2026,outubro/2026,15497,15565,0.4,48
Fortaleza,CE,Luciano Cavalcante,apartamento,venda,setembro/2026,outubro/2026,9948,9992,0.4,60
São Paulo,SP,Vila Prudente,apartamento,venda,setembro/2026,outubro/2026,8658,8696,0.4,229
Uberaba,MG,Vila Arquelau,apartamento,venda,setembro/2026,outubro/2026,3734,3750,0.4,24
Salvador,BA,Granjas Rurais Presidente Vargas,apartamento,venda,setembro/2026,outubro/2026,4250,4268,0.4,16
Cuiabá,MT,Coophema,apartamento,venda,setembro/2026,outubro/2026,4868,4889,0.4,45
Guarulhos,SP,Cocaia,apartamento,venda,setembro/2026,outubro/2026,6010,6036,0.4,62
São José,SC,Areias,apartamento,venda,setembro/2026,outubro/2026,6849,6877,0.4,146
São Paulo,SP,Parque São Lourenço,apartamento,venda,setembro/2026,outubro/2026,5200,5221,0.4,13
Cuiabá,MT,Ribeirão do Lipa,apartamento,venda,setembro/2026,outubro/2026,8061,8094,0.4,78
Limeira,SP,Jardim Ouro Verde,apartamento,venda,setembro/2026,outubro/2026,5238,5259,0.4,29
Salvador,BA,Vale dos Lagos,apartamento,venda,setembro/2026,outubro/2026,2500,2510,0.4,11
Limeira,SP,Parque Egisto Ragazzo,apartamento,venda,setembro/2026,outubro/2026,4630,4648,0.4,17
São Paulo,SP,Vila Medeiros,apartamento,venda,setembro/2026,outubro/2026,6614,6640,0.4,31
Campinas,SP,Jardim Paranapanema,apartamento,venda,setembro/2026,outubro/2026,6500,6525,0.4,27
Salvador,BA,Matatu,apartamento,venda,setembro/2026,outubro/2026,4667,4684,0.4,52
Rio de Janeiro,RJ,Vaz Lobo,apartamento,venda,setembro/2026,outubro/2026,2947,2958,0.4,74
Belo Horizonte,MG,Manacás,apartamento,venda,setembro/2026,outubro/2026,6146,6169,0.4,149
Recife,PE,Setúbal,apartamento,venda,setembro/2026,outubro/2026,9927,9964,0.4,43
São Paulo,SP,Vila Paiva,apartamento,venda,setembro/2026,outubro/2026,8955,8987,0.4,16
Salvador,BA,Massaranduba,apartamento,venda,setembro/2026,outubro/2026,2151,2159,0.4,19
Belo Horizonte,MG,Luxemburgo,apartamento,venda,setembro/2026,outubro/2026,10408,10445,0.4,224
São Paulo,SP,Vila Pompeia,apartamento,venda,setembro/2026,outubro/2026,12823,12868,0.4,88
Cuiabá,MT,Jardim Kennedy,apartamento,venda,setembro/2026,outubro/2026,8461,8491,0.3,14
Guarulhos,SP,Jardim City,apartamento,venda,setembro/2026,outubro/2026,6881,6905,0.3,10
Campinas,SP,Vila Trinta e Um de Março,apartamento,venda,setembro/2026,outubro/2026,10127,10162,0.3,22
Fortaleza,CE,Montese,apartamento,venda,setembro/2026,outubro/2026,3276,3288,0.3,62
Vitória,ES,Jardim da Penha,apartamento,venda,setembro/2026,outubro/2026,11333,11370,0.3,249
Ponta Grossa,PR,Orfãs,apartamento,venda,setembro/2026,outubro/2026,4689,4703,0.3,133
Recife,PE,Prado,apartamento,venda,setembro/2026,outubro/2026,6666,6686,0.3,44
Piracicaba,SP,Nova América,apartamento,venda,setembro/2026,outubro/2026,4653,4667,0.3,148
Campinas,SP,Jardim São José,apartamento,venda,setembro/2026,outubro/2026,4764,4778,0.3,26
São Paulo,SP,Jardim Monte Alegre,apartamento,venda,setembro/2026,outubro/2026,6396,6414,0.3,18
Rio de Janeiro,RJ,Alto da Boa Vista,apartamento,venda,setembro/2026,outubro/2026,5498,5514,0.3,32
Ponta Grossa,PR,Ronda,apartamento,venda,setembro/2026,outubro/2026,4091,4103,0.3,17
Campinas,SP,Jardim do Vovô,apartamento,venda,setembro/2026,outubro/2026,4077,4088,0.3,21
Piracicaba,SP,Centro,apartamento,venda,setembro/2026,outubro/2026,4204,4216,0.3,370
Itajaí,SC,São Judas,apartamento,venda,setembro/2026,outubro/2026,9693,9720,0.3,84
São Paulo,SP,Saúde,apartamento,venda,setembro/2026,outubro/2026,9841,9868,0.3,306
Uberaba,MG,Jardim Maracanã,apartamento,venda,setembro/2026,outubro/2026,2833,2841,0.3,35
Guarulhos,SP,Jardim Cumbica,apartamento,venda,setembro/2026,outubro/2026,5312,5327,0.3,10
Limeira,SP,Jardim Santo André,apartamento,venda,setembro/2026,outubro/2026,9434,9459,0.3,15
São Paulo,SP,Planalto Paulista,apartamento,venda,setembro/2026,outubro/2026,11007,11034,0.3,58
Penha,SC,Centro,apartamento,venda,setembro/2026,outubro/2026,11370,11398,0.2,453
Cuiabá,MT,Jardim Petrópolis,apartamento,venda,setembro/2026,outubro/2026,7255,7273,0.2,68
Penha,SC,Praia de Armação do Itapocorói,apartamento,venda,setembro/2026,outubro/2026,11706,11734,0.2,516
São Paulo,SP,Jardim Paulistano,apartamento,venda,setembro/2026,outubro/2026,19733,19780,0.2,25
Campinas,SP,Vila Joaquim Inácio,apartamento,venda,setembro/2026,outubro/2026,4260,4270,0.2,12
Rio de Janeiro,RJ,Leme,apartamento,venda,setembro/2026,outubro/2026,12906,12936,0.2,104
Piracicaba,SP,Glebas Califórnia,apartamento,venda,setembro/2026,outubro/2026,4412,4422,0.2,53
São Paulo,SP,Vila Moinho Velho,apartamento,venda,setembro/2026,outubro/2026,7159,7175,0.2,64
Aracaju,SE,Aeroporto,apartamento,venda,setembro/2026,outubro/2026,4712,4722,0.2,25
São Paulo,SP,Tatuapé,apartamento,venda,setembro/2026,outubro/2026,10717,10741,0.2,801
Brasília,DF,Asa Norte,apartamento,venda,setembro/2026,outubro/2026,13290,13318,0.2,188
Guarulhos,SP,Vila São João,apartamento,venda,setembro/2026,outubro/2026,8571,8588,0.2,56
Campinas,SP,Taquaral,apartamento,venda,setembro/2026,outubro/2026,11352,11370,0.2,127
Rio de Janeiro,RJ,Freguesia (Ilha do Governador),apartamento,venda,setembro/2026,outubro/2026,4430,4437,0.2,37
João Pessoa,PB,Bancários,apartamento,venda,setembro/2026,outubro/2026,6355,6365,0.2,159
Barra Velha,SC,Beira Mar,apartamento,venda,setembro/2026,outubro/2026,14202,14224,0.2,31
Limeira,SP,Jardim do Lago,apartamento,venda,setembro/2026,outubro/2026,5278,5286,0.2,39
Jundiaí,SP,Jardim Messina,apartamento,venda,setembro/2026,outubro/2026,9153,9167,0.1,32
Rio de Janeiro,RJ,Vicente de Carvalho,apartamento,venda,setembro/2026,outubro/2026,4778,4785,0.1,85
Balneário Piçarras,SC,Centro,apartamento,venda,setembro/2026,outubro/2026,13420,13439,0.1,603
Manaus,AM,Adrianópolis,apartamento,venda,setembro/2026,outubro/2026,9879,9893,0.1,96
Piracicaba,SP,Jardim Abaeté,apartamento,venda,setembro/2026,outubro/2026,4630,4636,0.1,28
Rio de Janeiro,RJ,Botafogo,apartamento,venda,setembro/2026,outubro/2026,13378,13397,0.1,259
Rio de Janeiro,RJ,Tanque,apartamento,venda,setembro/2026,outubro/2026,3986,3991,0.1,60
Rio de Janeiro,RJ,Gávea,apartamento,venda,setembro/2026,outubro/2026,16440,16461,0.1,116
Campinas,SP,Jardim Aparecida,apartamento,venda,setembro/2026,outubro/2026,6525,6532,0.1,13
São Paulo,SP,Vila Butantã,apartamento,venda,setembro/2026,outubro/2026,7391,7400,0.1,17
Guarulhos,SP,Macedo,apartamento,venda,setembro/2026,outubro/2026,7424,7432,0.1,270
Uberaba,MG,São José,apartamento,venda,setembro/2026,outubro/2026,4535,4540,0.1,15
Belo Horizonte,MG,Minaslândia,apartamento,venda,setembro/2026,outubro/2026,5601,5607,0.1,16
Belo Horizonte,MG,Sion,apartamento,venda,setembro/2026,outubro/2026,11022,11034,0.1,372
Rio de Janeiro,RJ,Jardim América,apartamento,venda,setembro/2026,outubro/2026,2836,2840,0.1,58
Guarulhos,SP,Jardim do Triunfo,apartamento,venda,setembro/2026,outubro/2026,5729,5735,0.1,20
Guarulhos,SP,Jardim Albertina,apartamento,venda,setembro/2026,outubro/2026,6160,6167,0.1,38
Limeira,SP,Jardim Colina Verde,apartamento,venda,setembro/2026,outubro/2026,4792,4796,0.1,28
Guaramirim,SC,Centro,apartamento,venda,setembro/2026,outubro/2026,5825,5829,0.1,69
Piracicaba,SP,Dois Córregos,apartamento,venda,setembro/2026,outubro/2026,4590,4593,0.1,62
Uberaba,MG,Boa Vista,apartamento,venda,setembro/2026,outubro/2026,3017,3019,0.1,100
Itapoá,SC,Itapema do Norte,apartamento,venda,setembro/2026,outubro/2026,9747,9752,0.1,137
São Paulo,SP,Penha de França,apartamento,venda,setembro/2026,outubro/2026,7087,7091,0.1,118
Belo Horizonte,MG,Caiçaras,apartamento,venda,setembro/2026,outubro/2026,7188,7191,0.1,193
Salvador,BA,Caminho das Árvores,apartamento,venda,setembro/2026,outubro/2026,10844,10849,0.0,288
Salvador,BA,Tancredo Neves,apartamento,venda,setembro/2026,outubro/2026,3074,3076,0.0,12
Belo Horizonte,MG,Trevo,apartamento,venda,setembro/2026,outubro/2026,4653,4655,0.0,30
Piracicaba,SP,Jardim Brasília,apartamento,venda,setembro/2026,outubro/2026,5362,5364,0.0,14
Itajaí,SC,Murta,apartamento,venda,setembro/2026,outubro/2026,7036,7038,0.0,29
São Paulo,SP,Bela Vista,apartamento,venda,setembro/2026,outubro/2026,9677,9680,0.0,683
Guarulhos,SP,Vila Moreira,apartamento,venda,setembro/2026,outubro/2026,7965,7967,0.0,64
Rio de Janeiro,RJ,Cidade Nova,apartamento,venda,setembro/2026,outubro/2026,6583,6584,0.0,37
São Paulo,SP,Vila Cruzeiro,apartamento,venda,setembro/2026,outubro/2026,14391,14393,0.0,20
Rio de Janeiro,RJ,Jardim Botânico,apartamento,venda,setembro/2026,outubro/2026,16111,16112,0.0,141
Maceió,AL,Guaxuma,apartamento,venda,setembro/2026,outubro/2026,10411,10411,0.0,52
Maceió,AL,Jacarecica,apartamento,venda,setembro/2026,outubro/2026,13386,13386,0.0,88
Maceió,AL,Poço,apartamento,venda,setembro/2026,outubro/2026,6923,6923,0.0,25
Manaus,AM,Cidade Nova,apartamento,venda,setembro/2026,outubro/2026,5000,5000,0.0,11
Manaus,AM,Dom Pedro I,apartamento,venda,setembro/2026,outubro/2026,8109,8109,0.0,19
Salvador,BA,Canabrava,apartamento,venda,setembro/2026,outubro/2026,2878,2878,0.0,50
Salvador,BA,Cassange,apartamento,venda,setembro/2026,outubro/2026,5000,5000,0.0,17
Salvador,BA,Dom Avelar,apartamento,venda,setembro/2026,outubro/2026,6322,6322,0.0,12
Salvador,BA,Doron,apartamento,venda,setembro/2026,outubro/2026,6400,6400,0.0,14
Salvador,BA,Engenho Velho de Brotas,apartamento,venda,setembro/2026,outubro/2026,3375,3375,0.0,33
Salvador,BA,Fazenda Grande do Retiro,apartamento,venda,setembro/2026,outubro/2026,4095,4095,0.0,10
Salvador,BA,Garcia,apartamento,venda,setembro/2026,outubro/2026,5147,5147,0.0,82
Salvador,BA,Jardim Placaford,apartamento,venda,setembro/2026,outubro/2026,5806,5806,0.0,24
Salvador,BA,Le Parc,apartamento,venda,setembro/2026,outubro/2026,15592,15592,0.0,16
Salvador,BA,Pau da Lima,apartamento,venda,setembro/2026,outubro/2026,2193,2193,0.0,10
Salvador,BA,Pirajá,apartamento,venda,setembro/2026,outubro/2026,3375,3375,0.0,17
Salvador,BA,Saboeiro,apartamento,venda,setembro/2026,outubro/2026,5751,5751,0.0,30
Salvador,BA,São Rafael,apartamento,venda,setembro/2026,outubro/2026,4805,4805,0.0,37
Salvador,BA,Tororó,apartamento,venda,setembro/2026,outubro/2026,2923,2923,0.0,11
Salvador,BA,Vila Ruy Barbosa,apartamento,venda,setembro/2026,outubro/2026,1954,1954,0.0,29
Fortaleza,CE,Vicente Pinzon,apartamento,venda,setembro/2026,outubro/2026,3229,3229,0.0,39
Fortaleza,CE,Vila União,apartamento,venda,setembro/2026,outubro/2026,3055,3055,0.0,26
Cuiabá,MT,Baú,apartamento,venda,setembro/2026,outubro/2026,3333,3333,0.0,11
Cuiabá,MT,Centro,apartamento,venda,setembro/2026,outubro/2026,3468,3468,0.0,16
Cuiabá,MT,Chácara dos Pinheiros,apartamento,venda,setembro/2026,outubro/2026,4909,4909,0.0,29
Cuiabá,MT,Jardim Bom Clima,apartamento,venda,setembro/2026,outubro/2026,8591,8591,0.0,18
Cuiabá,MT,Jardim Califórnia,apartamento,venda,setembro/2026,outubro/2026,6429,6429,0.0,13
Cuiabá,MT,Jardim Eldorado,apartamento,venda,setembro/2026,outubro/2026,7143,7143,0.0,11
Cuiabá,MT,Parque Residencial das Nações Indígenas,apartamento,venda,setembro/2026,outubro/2026,4220,4220,0.0,18
Cuiabá,MT,Santa Marta,apartamento,venda,setembro/2026,outubro/2026,5931,5931,0.0,19
Campo Grande,MS,Vila Margarida,apartamento,venda,setembro/2026,outubro/2026,8831,8831,0.0,27
Belo Horizonte,MG,Álvaro Camargos,apartamento,venda,setembro/2026,outubro/2026,4557,4557,0.0,12
Belo Horizonte,MG,Barreiro de Baixo,apartamento,venda,setembro/2026,outubro/2026,8671,8671,0.0,10
Belo Horizonte,MG,Castelo Manacás,apartamento,venda,setembro/2026,outubro/2026,6210,6210,0.0,12
Belo Horizonte,MG,Comiteco,apartamento,venda,setembro/2026,outubro/2026,9197,9197,0.0,12
Belo Horizonte,MG,Europa,apartamento,venda,setembro/2026,outubro/2026,3928,3928,0.0,12
Belo Horizonte,MG,Graça,apartamento,venda,setembro/2026,outubro/2026,7212,7212,0.0,97
Belo Horizonte,MG,Horto,apartamento,venda,setembro/2026,outubro/2026,6154,6154,0.0,19
Belo Horizonte,MG,Liberdade/Jaraguá,apartamento,venda,setembro/2026,outubro/2026,8765,8765,0.0,26
Belo Horizonte,MG,Maria Teresa,apartamento,venda,setembro/2026,outubro/2026,4225,4225,0.0,11
Belo Horizonte,MG,Vale do Jatobá,apartamento,venda,setembro/2026,outubro/2026,5227,5227,0.0,11
Uberaba,MG,Jardim Alexandre Campos,apartamento,venda,setembro/2026,outubro/2026,4242,4242,0.0,19
Uberaba,MG,Parque dos Buritis,apartamento,venda,setembro/2026,outubro/2026,3571,3571,0.0,23
Uberaba,MG,Parque São Geraldo,apartamento,venda,setembro/2026,outubro/2026,3463,3463,0.0,24
Belém,PA,Batista Campos,apartamento,venda,setembro/2026,outubro/2026,10105,10105,0.0,109
João Pessoa,PB,Altiplano,apartamento,venda,setembro/2026,outubro/2026,10936,10936,0.0,44
João Pessoa,PB,Paratibe,apartamento,venda,setembro/2026,outubro/2026,3438,3438,0.0,37
Cascavel,PR,Tropical,apartamento,venda,setembro/2026,outubro/2026,6305,6305,0.0,16
Ponta Grossa,PR,Chapada,apartamento,venda,setembro/2026,outubro/2026,4166,4166,0.0,34
Recife,PE,Afogados,apartamento,venda,setembro/2026,outubro/2026,4688,4688,0.0,16
Recife,PE,Apipucos,apartamento,venda,setembro/2026,outubro/2026,9112,9112,0.0,53
Recife,PE,Bongi,apartamento,venda,setembro/2026,outubro/2026,3374,3374,0.0,11
Recife,PE,Poço,apartamento,venda,setembro/2026,outubro/2026,10233,10233,0.0,55
Recife,PE,Sancho,apartamento,venda,setembro/2026,outubro/2026,6642,6642,0.0,10
Recife,PE,Torre,apartamento,venda,setembro/2026,outubro/2026,8442,8442,0.0,121
Rio de Janeiro,RJ,Catumbi,apartamento,venda,setembro/2026,outubro/2026,4448,4448,0.0,25
Rio de Janeiro,RJ,Coelho Neto,apartamento,venda,setembro/2026,outubro/2026,2398,2398,0.0,52
Rio de Janeiro,RJ,Gardênia Azul,apartamento,venda,setembro/2026,outubro/2026,3636,3636,0.0,37
Rio de Janeiro,RJ,Guadalupe,apartamento,venda,setembro/2026,outubro/2026,2398,2398,0.0,74
Rio de Janeiro,RJ,Quintino Bocaiúva,apartamento,venda,setembro/2026,outubro/2026,3333,3333,0.0,57
Rio de Janeiro,RJ,Tauá,apartamento,venda,setembro/2026,outubro/2026,4375,4375,0.0,71
Canoas,RS,"Igara I, II, III",apartamento,venda,setembro/2026,outubro/2026,5669,5669,0.0,13
Canoas,RS,Mathias Velho,apartamento,venda,setembro/2026,outubro/2026,3248,3248,0.0,13
Canoas,RS,Moinhos de Vento,apartamento,venda,setembro/2026,outubro/2026,8018,8018,0.0,49
Balneário Camboriú,SC,Vila Real,apartamento,venda,setembro/2026,outubro/2026,10265,10265,0.0,45
Balneário Piçarras,SC,Gaivotas,apartamento,venda,setembro/2026,outubro/2026,9442,9442,0.0,10
Barra Velha,SC,Itingá I,apartamento,venda,setembro/2026,outubro/2026,7456,7456,0.0,13
Barra Velha,SC,Jardim Icaraí,apartamento,venda,setembro/2026,outubro/2026,6063,6063,0.0,13
Barra Velha,SC,Los Angeles,apartamento,venda,setembro/2026,outubro/2026,6235,6235,0.0,10
Itajaí,SC,Cordeiros,apartamento,venda,setembro/2026,outubro/2026,7925,7925,0.0,90
Itajaí,SC,Itaipava,apartamento,venda,setembro/2026,outubro/2026,6604,6604,0.0,25
Navegantes,SC,Meia Praia,apartamento,venda,setembro/2026,outubro/2026,8036,8036,0.0,151
Penha,SC,Bacia da Vovó,apartamento,venda,setembro/2026,outubro/2026,15557,15557,0.0,11
Penha,SC,Praia da Armação,apartamento,venda,setembro/2026,outubro/2026,14952,14952,0.0,25
Penha,SC,Praia da Armação Itaporocoy,apartamento,venda,setembro/2026,outubro/2026,10972,10972,0.0,13
São Bento do Sul,SC,Centro,apartamento,venda,setembro/2026,outubro/2026,7016,7016,0.0,31
São Bento do Sul,SC,Schramm,apartamento,venda,setembro/2026,outubro/2026,5306,5306,0.0,11
São Paulo,SP,Artur Alvim,apartamento,venda,setembro/2026,outubro/2026,5946,5946,0.0,19
São Paulo,SP,Belenzinho,apartamento,venda,setembro/2026,outubro/2026,10000,10000,0.0,86
São Paulo,SP,Chácara Mafalda,apartamento,venda,setembro/2026,outubro/2026,7500,7500,0.0,13
São Paulo,SP,Cidade São Francisco,apartamento,venda,setembro/2026,outubro/2026,10000,10000,0.0,17
São Paulo,SP,Jardim Botucatu,apartamento,venda,setembro/2026,outubro/2026,4844,4844,0.0,11
São Paulo,SP,Jardim Universidade Pinheiros,apartamento,venda,setembro/2026,outubro/2026,24963,24963,0.0,10
São Paulo,SP,Klabin,apartamento,venda,setembro/2026,outubro/2026,13939,13939,0.0,11
São Paulo,SP,Mooca,apartamento,venda,setembro/2026,outubro/2026,9355,9355,0.0,463
São Paulo,SP,Parque Edu Chaves,apartamento,venda,setembro/2026,outubro/2026,6808,6808,0.0,11
São Paulo,SP,Parque Mandaqui,apartamento,venda,setembro/2026,outubro/2026,7164,7164,0.0,65
São Paulo,SP,Parque Vitória,apartamento,venda,setembro/2026,outubro/2026,8444,8444,0.0,23
São Paulo,SP,Pirituba,apartamento,venda,setembro/2026,outubro/2026,6816,6816,0.0,17
São Paulo,SP,Sacomã,apartamento,venda,setembro/2026,outubro/2026,6488,6488,0.0,132
São Paulo,SP,São João Clímaco,apartamento,venda,setembro/2026,outubro/2026,5470,5470,0.0,18
São Paulo,SP,Vila Arapuã,apartamento,venda,setembro/2026,outubro/2026,5208,5208,0.0,13
São Paulo,SP,Vila Aurora (Zona Norte),apartamento,venda,setembro/2026,outubro/2026,7353,7353,0.0,19
São Paulo,SP,Vila Brasílio Machado,apartamento,venda,setembro/2026,outubro/2026,8917,8917,0.0,29
São Paulo,SP,Vila Carmosina,apartamento,venda,setembro/2026,outubro/2026,5833,5833,0.0,33
São Paulo,SP,Vila Congonhas,apartamento,venda,setembro/2026,outubro/2026,9718,9718,0.0,15
São Paulo,SP,Vila Constança,apartamento,venda,setembro/2026,outubro/2026,7069,7069,0.0,49
São Paulo,SP,Vila Deodoro,apartamento,venda,setembro/2026,outubro/2026,7591,7591,0.0,12
São Paulo,SP,Vila Firmiano Pinto,apartamento,venda,setembro/2026,outubro/2026,10328,10328,0.0,90
São Paulo,SP,Vila Gertrudes,apartamento,venda,setembro/2026,outubro/2026,17242,17242,0.0,27
São Paulo,SP,Vila Liviero,apartamento,venda,setembro/2026,outubro/2026,6480,6480,0.0,12
São Paulo,SP,Vila Santa Terezinha,apartamento,venda,setembro/2026,outubro/2026,7889,7889,0.0,13
São Paulo,SP,Vila São José (Ipiranga),apartamento,venda,setembro/2026,outubro/2026,10805,10805,0.0,22
São Paulo,SP,Vila Zelina,apartamento,venda,setembro/2026,outubro/2026,7632,7632,0.0,22
Campinas,SP,Alphaville,apartamento,venda,setembro/2026,outubro/2026,10219,10219,0.0,15
Campinas,SP,Chácara da Barra,apartamento,venda,setembro/2026,outubro/2026,10000,10000,0.0,44
Campinas,SP,Jardim Flamboyant,apartamento,venda,setembro/2026,outubro/2026,5882,5882,0.0,31
Guarulhos,SP,Jardim Barbosa,apartamento,venda,setembro/2026,outubro/2026,6381,6381,0.0,58
Guarulhos,SP,Jardim Fátima,apartamento,venda,setembro/2026,outubro/2026,4561,4561,0.0,10
Guarulhos,SP,Jardim Gopoúva,apartamento,venda,setembro/2026,outubro/2026,6115,6115,0.0,13
Guarulhos,SP,Jardim Munira,apartamento,venda,setembro/2026,outubro/2026,3258,3258,0.0,12
Guarulhos,SP,Jardim Nova Cidade,apartamento,venda,setembro/2026,outubro/2026,4317,4317,0.0,28
Guarulhos,SP,Jardim Santo Expedito,apartamento,venda,setembro/2026,outubro/2026,4721,4721,0.0,28
Guarulhos,SP,Jardim São Jorge,apartamento,venda,setembro/2026,outubro/2026,6667,6667,0.0,11
Guarulhos,SP,Jardim Zaira,apartamento,venda,setembro/2026,outubro/2026,10106,10106,0.0,71
Guarulhos,SP,Pimentas,apartamento,venda,setembro/2026,outubro/2026,4833,4833,0.0,28
Guarulhos,SP,Vila Barros,apartamento,venda,setembro/2026,outubro/2026,8052,8052,0.0,32
Guarulhos,SP,Vila Bremen,apartamento,venda,setembro/2026,outubro/2026,6432,6432,0.0,26
Guarulhos,SP,Vila Capitão Rabelo,apartamento,venda,setembro/2026,outubro/2026,5364,5364,0.0,11
Guarulhos,SP,Vila das Bandeiras,apartamento,venda,setembro/2026,outubro/2026,8290,8290,0.0,66
Guarulhos,SP,Vila Izabel,apartamento,venda,setembro/2026,outubro/2026,5319,5319,0.0,14
Jundiaí,SP,Atmosphera,apartamento,venda,setembro/2026,outubro/2026,9387,9387,0.0,12
Jundiaí,SP,Jardim Shangai,apartamento,venda,setembro/2026,outubro/2026,6436,6436,0.0,10
Jundiaí,SP,Vila Galvão,apartamento,venda,setembro/2026,outubro/2026,10594,10594,0.0,11
Limeira,SP,Chácaras Antonieta,apartamento,venda,setembro/2026,outubro/2026,5974,5974,0.0,64
Limeira,SP,Jardim Esmeralda,apartamento,venda,setembro/2026,outubro/2026,6207,6207,0.0,23
Limeira,SP,Residencial Jardins,apartamento,venda,setembro/2026,outubro/2026,5660,5660,0.0,13
Limeira,SP,Vale das Esmeraldas,apartamento,venda,setembro/2026,outubro/2026,6696,6696,0.0,19
Limeira,SP,Vila Conceição,apartamento,venda,setembro/2026,outubro/2026,3928,3928,0.0,10
Limeira,SP,Vila Cristóvam,apartamento,venda,setembro/2026,outubro/2026,8760,8760,0.0,14
Piracicaba,SP,Jardim Elite,apartamento,venda,setembro/2026,outubro/2026,4986,4986,0.0,102
Piracicaba,SP,Jupiá,apartamento,venda,setembro/2026,outubro/2026,4830,4830,0.0,22
Piracicaba,SP,Parque Orlanda I,apartamento,venda,setembro/2026,outubro/2026,3296,3296,0.0,14
Piracicaba,SP,Parque Residencial,apartamento,venda,setembro/2026,outubro/2026,3621,3621,0.0,11
Aracaju,SE,Salgado Filho,apartamento,venda,setembro/2026,outubro/2026,3857,3857,0.0,23
Aracaju,SE,São Conrado,apartamento,venda,setembro/2026,outubro/2026,3387,3387,0.0,21
Maceió,AL,Serraria,apartamento,venda,setembro/2026,outubro/2026,5638,5638,-0.0,57
São Paulo,SP,Alto da Lapa,apartamento,venda,setembro/2026,outubro/2026,13079,13078,-0.0,68
São Paulo,SP,Tucuruvi,apartamento,venda,setembro/2026,outubro/2026,8806,8805,-0.0,169
São Paulo,SP,Bosque da Saúde,apartamento,venda,setembro/2026,outubro/2026,9271,9270,-0.0,135
Guarulhos,SP,Cumbica,apartamento,venda,setembro/2026,outubro/2026,5637,5636,-0.0,12
São Paulo,SP,Vila Gumercindo,apartamento,venda,setembro/2026,outubro/2026,9720,9718,-0.0,220
Fortaleza,CE,Damas,apartamento,venda,setembro/2026,outubro/2026,5430,5429,-0.0,56
Campo Grande,MS,Mata do Jacinto,apartamento,venda,setembro/2026,outubro/2026,8003,8000,-0.0,16
Campo Grande,MS,Tiradentes,apartamento,venda,setembro/2026,outubro/2026,5538,5536,-0.0,51
Curitiba,PR,Água Verde,apartamento,venda,setembro/2026,outubro/2026,11212,11208,-0.0,117
Limeira,SP,Parque Hippolyto,apartamento,venda,setembro/2026,outubro/2026,5106,5104,-0.0,25
São Paulo,SP,Jardim do Tiro,apartamento,venda,setembro/2026,outubro/2026,6357,6354,-0.0,14
Jundiaí,SP,Jardim São Bento,apartamento,venda,setembro/2026,outubro/2026,11506,11500,-0.1,15
São Paulo,SP,Jardim Pereira Leite,apartamento,venda,setembro/2026,outubro/2026,9154,9149,-0.1,11
Guarulhos,SP,Vila Imaculada,apartamento,venda,setembro/2026,outubro/2026,4590,4587,-0.1,11
Rio de Janeiro,RJ,Engenho Novo,apartamento,venda,setembro/2026,outubro/2026,3429,3426,-0.1,79
Cascavel,PR,Morumbi,apartamento,venda,setembro/2026,outubro/2026,4796,4792,-0.1,12
Rio de Janeiro,RJ,Humaitá,apartamento,venda,setembro/2026,outubro/2026,13099,13086,-0.1,128
Belo Horizonte,MG,Planalto,apartamento,venda,setembro/2026,outubro/2026,6048,6042,-0.1,139
Itajaí,SC,Espinheiros,apartamento,venda,setembro/2026,outubro/2026,6670,6664,-0.1,33
Brasília,DF,Noroeste,apartamento,venda,setembro/2026,outubro/2026,17018,17000,-0.1,157
Recife,PE,Espinheiro,apartamento,venda,setembro/2026,outubro/2026,6470,6463,-0.1,168
Belo Horizonte,MG,Rio Branco,apartamento,venda,setembro/2026,outubro/2026,5391,5385,-0.1,75
Guarulhos,SP,Picanco,apartamento,venda,setembro/2026,outubro/2026,7981,7971,-0.1,211
Guarulhos,SP,Vila São Ricardo,apartamento,venda,setembro/2026,outubro/2026,8192,8182,-0.1,26
Belo Horizonte,MG,Fernão Dias,apartamento,venda,setembro/2026,outubro/2026,6143,6134,-0.1,149
São Paulo,SP,Jardim Pedro José Nunes,apartamento,venda,setembro/2026,outubro/2026,4444,4438,-0.1,11
Cuiabá,MT,Araés,apartamento,venda,setembro/2026,outubro/2026,4500,4494,-0.1,81
São Paulo,SP,Maranhão,apartamento,venda,setembro/2026,outubro/2026,7752,7740,-0.1,30
Belo Horizonte,MG,João Pinheiro,apartamento,venda,setembro/2026,outubro/2026,6276,6267,-0.2,80
Belo Horizonte,MG,Santo Agostinho,apartamento,venda,setembro/2026,outubro/2026,16122,16096,-0.2,266
Brasília,DF,Ceilândia,apartamento,venda,setembro/2026,outubro/2026,5426,5417,-0.2,12
Salvador,BA,Horto Bela Vista,apartamento,venda,setembro/2026,outubro/2026,8278,8264,-0.2,42
Balneário Camboriú,SC,Nações,apartamento,venda,setembro/2026,outubro/2026,14426,14401,-0.2,57
São Paulo,SP,Jardim da Saúde,apartamento,venda,setembro/2026,outubro/2026,7074,7061,-0.2,77
Recife,PE,Engenho do Meio,apartamento,venda,setembro/2026,outubro/2026,3347,3341,-0.2,16
Florianópolis,SC,Canasvieiras,apartamento,venda,setembro/2026,outubro/2026,11480,11458,-0.2,236
Belo Horizonte,MG,Silveira,apartamento,venda,setembro/2026,outubro/2026,6936,6921,-0.2,67
João Pessoa,PB,Brisamar,apartamento,venda,setembro/2026,outubro/2026,8867,8848,-0.2,147
Jundiaí,SP,Jardim Carlos Gomes,apartamento,venda,setembro/2026,outubro/2026,8000,7982,-0.2,12
Brasília,DF,Águas Claras,apartamento,venda,setembro/2026,outubro/2026,8870,8848,-0.2,40
Uberaba,MG,Conjunto Pontal,apartamento,venda,setembro/2026,outubro/2026,3126,3119,-0.2,33
Limeira,SP,Jardim Trevo,apartamento,venda,setembro/2026,outubro/2026,5714,5700,-0.2,12
São Paulo,SP,Horto Florestal,apartamento,venda,setembro/2026,outubro/2026,9048,9024,-0.3,15
Cuiabá,MT,Jardim Europa,apartamento,venda,setembro/2026,outubro/2026,9195,9171,-0.3,13
Rio de Janeiro,RJ,Paquetá,apartamento,venda,setembro/2026,outubro/2026,7019,7000,-0.3,11
Cuiabá,MT,Jardim das Palmeiras,apartamento,venda,setembro/2026,outubro/2026,5606,5590,-0.3,21
Fortaleza,CE,Planalto Ayrton Senna,apartamento,venda,setembro/2026,outubro/2026,3556,3546,-0.3,11
Salvador,BA,Cajazeiras,apartamento,venda,setembro/2026,outubro/2026,2991,2982,-0.3,33
Jundiaí,SP,Jardim Tereza Cristina,apartamento,venda,setembro/2026,outubro/2026,8835,8809,-0.3,14
Salvador,BA,Mata Escura,apartamento,venda,setembro/2026,outubro/2026,2945,2936,-0.3,31
Jundiaí,SP,Engordadouro,apartamento,venda,setembro/2026,outubro/2026,9589,9559,-0.3,69
Rio de Janeiro,RJ,São Conrado,apartamento,venda,setembro/2026,outubro/2026,11446,11409,-0.3,77
São Paulo,SP,Vila Independência,apartamento,venda,setembro/2026,outubro/2026,8545,8518,-0.3,36
São Paulo,SP,São Miguel Paulista,apartamento,venda,setembro/2026,outubro/2026,6226,6206,-0.3,33
Chapecó,SC,Vila Real,apartamento,venda,setembro/2026,outubro/2026,5833,5814,-0.3,27
Brasília,DF,Asa Sul,apartamento,venda,setembro/2026,outubro/2026,13849,13800,-0.4,134
São Paulo,SP,Vila Isolina Mazzei,apartamento,venda,setembro/2026,outubro/2026,8710,8678,-0.4,26
Guarulhos,SP,Vila Galvão,apartamento,venda,setembro/2026,outubro/2026,7528,7500,-0.4,316
Guarulhos,SP,Jardim Las Vegas,apartamento,venda,setembro/2026,outubro/2026,6420,6395,-0.4,42
Fortaleza,CE,Antônio Diogo,apartamento,venda,setembro/2026,outubro/2026,7390,7362,-0.4,17
Cascavel,PR,Recanto Tropical,apartamento,venda,setembro/2026,outubro/2026,5308,5287,-0.4,32
Brasília,DF,Setor Habitacional Jardim Botânico,apartamento,venda,setembro/2026,outubro/2026,19605,19528,-0.4,13
Belo Horizonte,MG,Renascença,apartamento,venda,setembro/2026,outubro/2026,5847,5824,-0.4,54
Campinas,SP,Parque Industrial,apartamento,venda,setembro/2026,outubro/2026,7966,7932,-0.4,49
Jundiaí,SP,Jardim do Lago,apartamento,venda,setembro/2026,outubro/2026,9524,9483,-0.4,31
Jundiaí,SP,Loteamento Reserva Ermida,apartamento,venda,setembro/2026,outubro/2026,9934,9891,-0.4,13
Salvador,BA,Pituba,apartamento,venda,setembro/2026,outubro/2026,7493,7460,-0.4,474
São Paulo,SP,Jardim Parque Morumbi,apartamento,venda,setembro/2026,outubro/2026,6113,6086,-0.4,18
São Paulo,SP,Santana,apartamento,venda,setembro/2026,outubro/2026,9579,9536,-0.4,471
Belo Horizonte,MG,Serrano,apartamento,venda,setembro/2026,outubro/2026,6644,6615,-0.4,138
São Paulo,SP,Jaguaré,apartamento,venda,setembro/2026,outubro/2026,8345,8308,-0.4,60
Salvador,BA,Nazaré,apartamento,venda,setembro/2026,outubro/2026,3240,3226,-0.5,80
São Paulo,SP,Jardim Previdência,apartamento,venda,setembro/2026,outubro/2026,7051,7019,-0.5,10
Campinas,SP,Parque da Hípica,apartamento,venda,setembro/2026,outubro/2026,10060,10014,-0.5,21
Belo Horizonte,MG,Alto Caiçaras,apartamento,venda,setembro/2026,outubro/2026,7115,7083,-0.5,31
João Pessoa,PB,João Agripino,apartamento,venda,setembro/2026,outubro/2026,9000,8959,-0.5,25
São Paulo,SP,Vila da Saúde,apartamento,venda,setembro/2026,outubro/2026,9797,9750,-0.5,100
São Paulo,SP,Santo Amaro,apartamento,venda,setembro/2026,outubro/2026,10946,10893,-0.5,212
Jundiaí,SP,Jardim Flórida,apartamento,venda,setembro/2026,outubro/2026,10429,10377,-0.5,18
Aracaju,SE,Robalo,apartamento,venda,setembro/2026,outubro/2026,5405,5378,-0.5,10
Cuiabá,MT,Alvorada,apartamento,venda,setembro/2026,outubro/2026,5464,5436,-0.5,94
Santos,SP,Morro de Nova Cintra,apartamento,venda,setembro/2026,outubro/2026,6633,6600,-0.5,14
Limeira,SP,Graminha,apartamento,venda,setembro/2026,outubro/2026,5912,5883,-0.5,26
Aracaju,SE,Suíssa,apartamento,venda,setembro/2026,outubro/2026,3194,3177,-0.5,26
Guarulhos,SP,Jardim Silvestre,apartamento,venda,setembro/2026,outubro/2026,4781,4756,-0.5,22
Salvador,BA,Jardim Apipema,apartamento,venda,setembro/2026,outubro/2026,6102,6070,-0.5,150
São Paulo,SP,Vila Amália,apartamento,venda,setembro/2026,outubro/2026,7500,7461,-0.5,25
Manaus,AM,Lago Azul,apartamento,venda,setembro/2026,outubro/2026,2901,2886,-0.5,46
Recife,PE,Pina,apartamento,venda,setembro/2026,outubro/2026,13225,13155,-0.5,147
Chapecó,SC,Santa Maria,apartamento,venda,setembro/2026,outubro/2026,7101,7063,-0.5,86
Campinas,SP,Vila Lídia,apartamento,venda,setembro/2026,outubro/2026,10889,10831,-0.5,11
Ponta Grossa,PR,Oficinas,apartamento,venda,setembro/2026,outubro/2026,5556,5526,-0.5,173
Limeira,SP,Jardim Piratininga,apartamento,venda,setembro/2026,outubro/2026,4321,4297,-0.6,29
Salvador,BA,Campo Grande,apartamento,venda,setembro/2026,outubro/2026,5387,5357,-0.6,89
Salvador,BA,Jaguaribe,apartamento,venda,setembro/2026,outubro/2026,13816,13737,-0.6,113
Uberaba,MG,Olinda,apartamento,venda,setembro/2026,outubro/2026,3882,3860,-0.6,150
Campinas,SP,Jardim Nova Europa,apartamento,venda,setembro/2026,outubro/2026,6364,6327,-0.6,73
São Paulo,SP,Vila Carrão,apartamento,venda,setembro/2026,outubro/2026,8569,8520,-0.6,232
Cascavel,PR,Coqueiral,apartamento,venda,setembro/2026,outubro/2026,5578,5546,-0.6,126
Itapoá,SC,Barra do Sai,apartamento,venda,setembro/2026,outubro/2026,9661,9605,-0.6,37
Piracicaba,SP,Loteamento Kobayat Líbano,apartamento,venda,setembro/2026,outubro/2026,3292,3273,-0.6,14
Piracicaba,SP,Água Seca,apartamento,venda,setembro/2026,outubro/2026,4520,4494,-0.6,12
Manaus,AM,Planalto,apartamento,venda,setembro/2026,outubro/2026,6731,6691,-0.6,35
Rio de Janeiro,RJ,Gamboa,apartamento,venda,setembro/2026,outubro/2026,8643,8592,-0.6,34
São Paulo,SP,Vila Tolstoi,apartamento,venda,setembro/2026,outubro/2026,8548,8496,-0.6,19
São Paulo,SP,Jardim São Paulo (Zona Norte),apartamento,venda,setembro/2026,outubro/2026,10620,10556,-0.6,172
Belo Horizonte,MG,Itapoã,apartamento,venda,setembro/2026,outubro/2026,7954,7905,-0.6,204
Piracicaba,SP,Paulicéia,apartamento,venda,setembro/2026,outubro/2026,5153,5120,-0.6,78
Fortaleza,CE,Bairro de Fatima,apartamento,venda,setembro/2026,outubro/2026,8718,8662,-0.6,10
São Paulo,SP,Vila Nova Mazzei,apartamento,venda,setembro/2026,outubro/2026,7510,7462,-0.6,18
Uberaba,MG,Centro,apartamento,venda,setembro/2026,outubro/2026,2966,2947,-0.6,292
Guarulhos,SP,Jardim Bom Clima,apartamento,venda,setembro/2026,outubro/2026,5582,5546,-0.6,56
Guarulhos,SP,Centro,apartamento,venda,setembro/2026,outubro/2026,7304,7257,-0.7,382
São José,SC,Ipiranga,apartamento,venda,setembro/2026,outubro/2026,6819,6774,-0.7,58
Fortaleza,CE,Guararapes,apartamento,venda,setembro/2026,outubro/2026,10297,10229,-0.7,188
São Paulo,SP,Vila Guilhermina,apartamento,venda,setembro/2026,outubro/2026,7388,7338,-0.7,30
Rio de Janeiro,RJ,Guaratiba,apartamento,venda,setembro/2026,outubro/2026,3104,3083,-0.7,49
Rio de Janeiro,RJ,Bonsucesso,apartamento,venda,setembro/2026,outubro/2026,4908,4875,-0.7,52
Ponta Grossa,PR,Uvaranas,apartamento,venda,setembro/2026,outubro/2026,4270,4241,-0.7,177
Belo Horizonte,MG,Indaiá,apartamento,venda,setembro/2026,outubro/2026,8503,8445,-0.7,59
São Paulo,SP,Vila Paulicéia,apartamento,venda,setembro/2026,outubro/2026,9204,9142,-0.7,41
São Paulo,SP,Itaquera,apartamento,venda,setembro/2026,outubro/2026,6000,5958,-0.7,82
Guarulhos,SP,Vila Augusta,apartamento,venda,setembro/2026,outubro/2026,9155,9091,-0.7,303
Guarulhos,SP,Jardim Flor da Montanha,apartamento,venda,setembro/2026,outubro/2026,9809,9740,-0.7,185
Jundiaí,SP,Recanto Quarto Centenário,apartamento,venda,setembro/2026,outubro/2026,6827,6779,-0.7,41
João Pessoa,PB,Altiplano Cabo Branco,apartamento,venda,setembro/2026,outubro/2026,10750,10674,-0.7,385
Chapecó,SC,Bom Pastor,apartamento,venda,setembro/2026,outubro/2026,6250,6206,-0.7,11
Limeira,SP,Vila Independência,apartamento,venda,setembro/2026,outubro/2026,3791,3764,-0.7,22
Salvador,BA,Cidade Jardim,apartamento,venda,setembro/2026,outubro/2026,8491,8430,-0.7,105
Salvador,BA,Centro,apartamento,venda,setembro/2026,outubro/2026,4840,4805,-0.7,48
Guarulhos,SP,Jardim Bela Vista,apartamento,venda,setembro/2026,outubro/2026,6453,6406,-0.7,23
Guarulhos,SP,Jardim Tranqüilidade,apartamento,venda,setembro/2026,outubro/2026,4217,4186,-0.7,28
Campinas,SP,Mansões Santo Antônio,apartamento,venda,setembro/2026,outubro/2026,9897,9823,-0.7,131
Palhoça,SC,Praia do Sonho,apartamento,venda,setembro/2026,outubro/2026,8014,7954,-0.7,26
Jundiaí,SP,Parque do Colégio,apartamento,venda,setembro/2026,outubro/2026,9236,9167,-0.7,47
São José,SC,Forquilhas,apartamento,venda,setembro/2026,outubro/2026,6357,6310,-0.8,64
Rio de Janeiro,RJ,Jardim Oceânico,apartamento,venda,setembro/2026,outubro/2026,11682,11594,-0.8,41
São Paulo,SP,Jardim Santa Terezinha,apartamento,venda,setembro/2026,outubro/2026,5500,5458,-0.8,35
São Paulo,SP,Cidade Antônio Estevão de Carvalho,apartamento,venda,setembro/2026,outubro/2026,6323,6274,-0.8,21
Uberaba,MG,São Benedito,apartamento,venda,setembro/2026,outubro/2026,4094,4062,-0.8,212
São Paulo,SP,Vila Nair,apartamento,venda,setembro/2026,outubro/2026,9173,9100,-0.8,32
Belo Horizonte,MG,Padre Eustáquio,apartamento,venda,setembro/2026,outubro/2026,7365,7307,-0.8,155
João Pessoa,PB,Gramame,apartamento,venda,setembro/2026,outubro/2026,3546,3517,-0.8,41
Florianópolis,SC,Barra da Lagoa,apartamento,venda,setembro/2026,outubro/2026,13333,13226,-0.8,31
Canoas,RS,Olaria,apartamento,venda,setembro/2026,outubro/2026,3800,3769,-0.8,99
Belo Horizonte,MG,Havaí,apartamento,venda,setembro/2026,outubro/2026,6158,6108,-0.8,78
Rio de Janeiro,RJ,Del Castilho,apartamento,venda,setembro/2026,outubro/2026,5848,5800,-0.8,94
Guarulhos,SP,Parque Cecap,apartamento,venda,setembro/2026,outubro/2026,5537,5492,-0.8,43
Guarulhos,SP,Jardim Santa Mena,apartamento,venda,setembro/2026,outubro/2026,6804,6748,-0.8,68
Guarulhos,SP,Cidade Nova Bonsucesso,apartamento,venda,setembro/2026,outubro/2026,4912,4872,-0.8,12
São Paulo,SP,Belém,apartamento,venda,setembro/2026,outubro/2026,10723,10634,-0.8,51
Limeira,SP,Vila Cidade Jardim,apartamento,venda,setembro/2026,outubro/2026,3732,3701,-0.8,26
Maceió,AL,Gruta de Lourdes,apartamento,venda,setembro/2026,outubro/2026,6521,6466,-0.8,36
Uberaba,MG,Conjunto Umuarama,apartamento,venda,setembro/2026,outubro/2026,3586,3556,-0.8,16
Jundiaí,SP,Centro,apartamento,venda,setembro/2026,outubro/2026,6118,6066,-0.9,154
São Paulo,SP,Fazenda Morumbi,apartamento,venda,setembro/2026,outubro/2026,5188,5143,-0.9,13
São Paulo,SP,São Judas,apartamento,venda,setembro/2026,outubro/2026,10088,10000,-0.9,42
Guarulhos,SP,Cidade Maia,apartamento,venda,setembro/2026,outubro/2026,10849,10755,-0.9,59
Salvador,BA,Parque Bela Vista,apartamento,venda,setembro/2026,outubro/2026,6071,6018,-0.9,87
Recife,PE,Imbiribeira,apartamento,venda,setembro/2026,outubro/2026,7405,7340,-0.9,103
Uberaba,MG,Manoel Mendes,apartamento,venda,setembro/2026,outubro/2026,3864,3830,-0.9,27
Salvador,BA,Sussuarana,apartamento,venda,setembro/2026,outubro/2026,4355,4316,-0.9,49
São Paulo,SP,Vila Cordeiro,apartamento,venda,setembro/2026,outubro/2026,15406,15270,-0.9,14
Belo Horizonte,MG,Canaã,apartamento,venda,setembro/2026,outubro/2026,4298,4258,-0.9,16
Jundiaí,SP,Horto Florestal,apartamento,venda,setembro/2026,outubro/2026,9858,9768,-0.9,42
Fortaleza,CE,Aldeota,apartamento,venda,setembro/2026,outubro/2026,9861,9770,-0.9,523
Jundiaí,SP,Jardim Ermida I,apartamento,venda,setembro/2026,outubro/2026,9808,9717,-0.9,14
Rio de Janeiro,RJ,Campinho,apartamento,venda,setembro/2026,outubro/2026,3098,3069,-0.9,73
Rio de Janeiro,RJ,São Cristóvão,apartamento,venda,setembro/2026,outubro/2026,6500,6440,-0.9,81
Jundiaí,SP,Jardim Ana Maria,apartamento,venda,setembro/2026,outubro/2026,10583,10484,-0.9,90
Rio de Janeiro,RJ,Curicica,apartamento,venda,setembro/2026,outubro/2026,5602,5549,-0.9,77
Recife,PE,Zumbi,apartamento,venda,setembro/2026,outubro/2026,8675,8594,-0.9,10
Maceió,AL,Ponta Verde,apartamento,venda,setembro/2026,outubro/2026,12114,12000,-0.9,467
Campinas,SP,Parque Rural Fazenda Santa Cândida,apartamento,venda,setembro/2026,outubro/2026,11540,11429,-1.0,19
Belo Horizonte,MG,Diamante,apartamento,venda,setembro/2026,outubro/2026,5994,5935,-1.0,111
Recife,PE,Casa Amarela,apartamento,venda,setembro/2026,outubro/2026,8140,8060,-1.0,141
Belo Horizonte,MG,Coração Eucarístico,apartamento,venda,setembro/2026,outubro/2026,6962,6893,-1.0,128
Balneário Camboriú,SC,São Judas Tadeu,apartamento,venda,setembro/2026,outubro/2026,9645,9549,-1.0,10
Belo Horizonte,MG,Cinquentenário,apartamento,venda,setembro/2026,outubro/2026,6250,6188,-1.0,54
Guarulhos,SP,Jardim Nova Taboão,apartamento,venda,setembro/2026,outubro/2026,7089,7018,-1.0,14
João Pessoa,PB,Bessa,apartamento,venda,setembro/2026,outubro/2026,9821,9721,-1.0,645
Cuiabá,MT,Carumbé,apartamento,venda,setembro/2026,outubro/2026,5169,5116,-1.0,48
Belo Horizonte,MG,Goiânia,apartamento,venda,setembro/2026,outubro/2026,5386,5330,-1.0,32
Manaus,AM,Japiim,apartamento,venda,setembro/2026,outubro/2026,4858,4808,-1.0,20
São Paulo,SP,Vila Zilda (Tatuapé),apartamento,venda,setembro/2026,outubro/2026,11468,11350,-1.0,44
Belo Horizonte,MG,Monsenhor Messias,apartamento,venda,setembro/2026,outubro/2026,5866,5805,-1.0,64
Recife,PE,Paissandu,apartamento,venda,setembro/2026,outubro/2026,9115,9019,-1.1,22
Belo Horizonte,MG,Santa Amélia,apartamento,venda,setembro/2026,outubro/2026,5972,5909,-1.1,160
Guarulhos,SP,Vila Miriam,apartamento,venda,setembro/2026,outubro/2026,8484,8393,-1.1,10
Cuiabá,MT,Jardim Cuiabá,apartamento,venda,setembro/2026,outubro/2026,10337,10225,-1.1,33
João Pessoa,PB,Jardim Luna,apartamento,venda,setembro/2026,outubro/2026,9347,9246,-1.1,44
Balneário Camboriú,SC,Praia dos Amores,apartamento,venda,setembro/2026,outubro/2026,16694,16514,-1.1,60
Uberaba,MG,Loteamento Reserva Ushuaia,apartamento,venda,setembro/2026,outubro/2026,3859,3817,-1.1,40
Salvador,BA,Barbalho,apartamento,venda,setembro/2026,outubro/2026,4474,4425,-1.1,41
Maceió,AL,Feitosa,apartamento,venda,setembro/2026,outubro/2026,3571,3532,-1.1,15
Guarulhos,SP,Vila Nova Bonsucesso,apartamento,venda,setembro/2026,outubro/2026,4872,4818,-1.1,103
Belo Horizonte,MG,Milionários,apartamento,venda,setembro/2026,outubro/2026,6059,5993,-1.1,74
Rio de Janeiro,RJ,Jardim Carioca,apartamento,venda,setembro/2026,outubro/2026,5136,5079,-1.1,72
Limeira,SP,Vila Primavera,apartamento,venda,setembro/2026,outubro/2026,8749,8652,-1.1,22
Brasília,DF,Setor de Habitações Individuais Norte,apartamento,venda,setembro/2026,outubro/2026,12951,12807,-1.1,17
Salvador,BA,Acupe de Brotas,apartamento,venda,setembro/2026,outubro/2026,5000,4944,-1.1,80
Cascavel,PR,Pioneiros Catarinenses,apartamento,venda,setembro/2026,outubro/2026,5239,5181,-1.1,61
Belo Horizonte,MG,Guarani,apartamento,venda,setembro/2026,outubro/2026,5652,5589,-1.1,47
Campo Grande,MS,Monte Castelo,apartamento,venda,setembro/2026,outubro/2026,5556,5493,-1.1,57
João Pessoa,PB,Miramar,apartamento,venda,setembro/2026,outubro/2026,9552,9444,-1.1,197
Palhoça,SC,Jardim Eldorado,apartamento,venda,setembro/2026,outubro/2026,6317,6245,-1.1,32
Ponta Grossa,PR,Neves,apartamento,venda,setembro/2026,outubro/2026,4275,4227,-1.1,35
Fortaleza,CE,Parque Dois Irmãos,apartamento,venda,setembro/2026,outubro/2026,5246,5185,-1.2,33
Belo Horizonte,MG,Ouro Preto,apartamento,venda,setembro/2026,outubro/2026,7431,7346,-1.2,293
São Paulo,SP,Interlagos,apartamento,venda,setembro/2026,outubro/2026,8672,8571,-1.2,14
Guarulhos,SP,Vila Venditti,apartamento,venda,setembro/2026,outubro/2026,6867,6787,-1.2,27
Rio de Janeiro,RJ,Praia da Bandeira,apartamento,venda,setembro/2026,outubro/2026,5181,5120,-1.2,67
Guarulhos,SP,Gopoúva,apartamento,venda,setembro/2026,outubro/2026,7109,7024,-1.2,203
Piracicaba,SP,Vila Sônia,apartamento,venda,setembro/2026,outubro/2026,3191,3152,-1.2,46
São Paulo,SP,Vila Vera,apartamento,venda,setembro/2026,outubro/2026,7292,7203,-1.2,35
Campinas,SP,Vila Brandina,apartamento,venda,setembro/2026,outubro/2026,10237,10113,-1.2,32
Salvador,BA,Graça,apartamento,venda,setembro/2026,outubro/2026,7624,7531,-1.2,284
Florianópolis,SC,Morro das Pedras,apartamento,venda,setembro/2026,outubro/2026,15778,15584,-1.2,57
Chapecó,SC,Paraíso,apartamento,venda,setembro/2026,outubro/2026,5831,5759,-1.2,46
Uberaba,MG,Conjunto Chica Ferreira,apartamento,venda,setembro/2026,outubro/2026,4110,4059,-1.2,19
São Paulo,SP,Chácara Inglesa,apartamento,venda,setembro/2026,outubro/2026,10714,10582,-1.2,175
Piracicaba,SP,São Dimas,apartamento,venda,setembro/2026,outubro/2026,7819,7722,-1.2,109
São Paulo,SP,Jardim Brasil (Zona Norte),apartamento,venda,setembro/2026,outubro/2026,7167,7077,-1.2,11
Rio de Janeiro,RJ,Ribeira,apartamento,venda,setembro/2026,outubro/2026,5500,5431,-1.2,62
Piracicaba,SP,Jardim Santa Isabel,apartamento,venda,setembro/2026,outubro/2026,3369,3326,-1.3,15
São Paulo,SP,Parada Inglesa,apartamento,venda,setembro/2026,outubro/2026,9417,9298,-1.3,119
Rio de Janeiro,RJ,Barra Olímpica,apartamento,venda,setembro/2026,outubro/2026,9462,9343,-1.3,171
Rio de Janeiro,RJ,Vila da Penha,apartamento,venda,setembro/2026,outubro/2026,4220,4167,-1.3,102
São Paulo,SP,Socorro,apartamento,venda,setembro/2026,outubro/2026,8722,8611,-1.3,18
João Pessoa,PB,Bairro dos Estados,apartamento,venda,setembro/2026,outubro/2026,7419,7324,-1.3,149
Jundiaí,SP,Bosque dos Jacarandás,apartamento,venda,setembro/2026,outubro/2026,8688,8576,-1.3,11
Belo Horizonte,MG,Tirol,apartamento,venda,setembro/2026,outubro/2026,5880,5804,-1.3,53
São Paulo,SP,Itaim Paulista,apartamento,venda,setembro/2026,outubro/2026,4893,4830,-1.3,12
Cascavel,PR,Universitário,apartamento,venda,setembro/2026,outubro/2026,5207,5139,-1.3,34
Limeira,SP,Jardim Adélia Cavicchia Grotta,apartamento,venda,setembro/2026,outubro/2026,5971,5893,-1.3,14
Guarulhos,SP,Parque Renato Maia,apartamento,venda,setembro/2026,outubro/2026,8500,8388,-1.3,51
São Paulo,SP,Vila Santo Estéfano,apartamento,venda,setembro/2026,outubro/2026,7400,7302,-1.3,35
Campinas,SP,Centro,apartamento,venda,setembro/2026,outubro/2026,4955,4889,-1.3,302
Palhoça,SC,Guarda do Cubatão,apartamento,venda,setembro/2026,outubro/2026,5336,5264,-1.3,30
Belo Horizonte,MG,Belvedere,apartamento,venda,setembro/2026,outubro/2026,15357,15149,-1.4,108
Rio de Janeiro,RJ,Turiaçu,apartamento,venda,setembro/2026,outubro/2026,2276,2245,-1.4,35
Rio de Janeiro,RJ,Lagoa,apartamento,venda,setembro/2026,outubro/2026,16016,15796,-1.4,181
Uberaba,MG,Vila Olímpica,apartamento,venda,setembro/2026,outubro/2026,3549,3500,-1.4,56
São Paulo,SP,Jardim Íris,apartamento,venda,setembro/2026,outubro/2026,7906,7797,-1.4,12
Barra Velha,SC,Praia do Tabuleiro,apartamento,venda,setembro/2026,outubro/2026,13850,13659,-1.4,14
Belo Horizonte,MG,Carmo,apartamento,venda,setembro/2026,outubro/2026,13493,13305,-1.4,210
Brasília,DF,Samambaia Sul,apartamento,venda,setembro/2026,outubro/2026,5955,5872,-1.4,34
Belo Horizonte,MG,Sagrada Família,apartamento,venda,setembro/2026,outubro/2026,6602,6510,-1.4,202
Salvador,BA,Barris,apartamento,venda,setembro/2026,outubro/2026,3444,3395,-1.4,17
Belo Horizonte,MG,Prado,apartamento,venda,setembro/2026,outubro/2026,10053,9909,-1.4,292
Fortaleza,CE,Cidade 2000,apartamento,venda,setembro/2026,outubro/2026,7123,7022,-1.4,19
São Bento do Sul,SC,Progresso,apartamento,venda,setembro/2026,outubro/2026,6035,5948,-1.4,14
Belo Horizonte,MG,São Gabriel,apartamento,venda,setembro/2026,outubro/2026,5437,5359,-1.4,26
Cuiabá,MT,Bandeirantes,apartamento,venda,setembro/2026,outubro/2026,4805,4736,-1.4,15
Rio de Janeiro,RJ,Flamengo,apartamento,venda,setembro/2026,outubro/2026,11908,11736,-1.4,224
Rio de Janeiro,RJ,Anil,apartamento,venda,setembro/2026,outubro/2026,5204,5129,-1.5,78
Jundiaí,SP,Jardim Guanabara,apartamento,venda,setembro/2026,outubro/2026,7389,7281,-1.5,13
Uberaba,MG,Recreio dos Bandeirantes,apartamento,venda,setembro/2026,outubro/2026,3450,3400,-1.5,50
Penha,SC,Praia Alegre,apartamento,venda,setembro/2026,outubro/2026,11374,11208,-1.5,39
Fortaleza,CE,Fátima,apartamento,venda,setembro/2026,outubro/2026,7857,7742,-1.5,153
Canoas,RS,Igara,apartamento,venda,setembro/2026,outubro/2026,4653,4584,-1.5,225
Jundiaí,SP,Medeiros,apartamento,venda,setembro/2026,outubro/2026,8142,8021,-1.5,71
Belo Horizonte,MG,Cenáculo,apartamento,venda,setembro/2026,outubro/2026,5261,5182,-1.5,10
Fortaleza,CE,Engenheiro Luciano Cavalcante,apartamento,venda,setembro/2026,outubro/2026,9464,9322,-1.5,100
Piracicaba,SP,Jardim Nova Iguaçu,apartamento,venda,setembro/2026,outubro/2026,4434,4367,-1.5,26
São Paulo,SP,Pacaembu,apartamento,venda,setembro/2026,outubro/2026,10292,10136,-1.5,26
Limeira,SP,Jardim Aquárius,apartamento,venda,setembro/2026,outubro/2026,11404,11230,-1.5,21
Curitiba,PR,Boa Vista,apartamento,venda,setembro/2026,outubro/2026,9551,9405,-1.5,51
Brasília,DF,Setor Industrial (Gama),apartamento,venda,setembro/2026,outubro/2026,5712,5625,-1.5,12
São Paulo,SP,Vila Guarani (Zona Sul),apartamento,venda,setembro/2026,outubro/2026,9902,9750,-1.5,138
Manaus,AM,Parque 10 de Novembro,apartamento,venda,setembro/2026,outubro/2026,6432,6333,-1.5,66
Limeira,SP,Boa Vista,apartamento,venda,setembro/2026,outubro/2026,4286,4220,-1.5,20
São Paulo,SP,Lauzane Paulista,apartamento,venda,setembro/2026,outubro/2026,8490,8359,-1.5,88
Rio de Janeiro,RJ,Ramos,apartamento,venda,setembro/2026,outubro/2026,4194,4129,-1.5,66
Salvador,BA,Corredor da Vitória,apartamento,venda,setembro/2026,outubro/2026,15714,15470,-1.6,27
Vitória,ES,Barro Vermelho,apartamento,venda,setembro/2026,outubro/2026,16587,16326,-1.6,90
Salvador,BA,Santa Teresa,apartamento,venda,setembro/2026,outubro/2026,7944,7818,-1.6,71
São Paulo,SP,Jardim Helena,apartamento,venda,setembro/2026,outubro/2026,6944,6833,-1.6,10
Rio de Janeiro,RJ,Abolição,apartamento,venda,setembro/2026,outubro/2026,3649,3589,-1.6,75
São Paulo,SP,Vila Nova Cachoeirinha,apartamento,venda,setembro/2026,outubro/2026,6933,6820,-1.6,24
Jundiaí,SP,Ponte de São João,apartamento,venda,setembro/2026,outubro/2026,6482,6376,-1.6,46
Balneário Piçarras,SC,Santo Antônio,apartamento,venda,setembro/2026,outubro/2026,9112,8963,-1.6,36
Florianópolis,SC,Capoeiras,apartamento,venda,setembro/2026,outubro/2026,8252,8116,-1.7,140
Uberaba,MG,Santa Maria,apartamento,venda,setembro/2026,outubro/2026,4942,4860,-1.7,322
São Paulo,SP,Morro dos Ingleses,apartamento,venda,setembro/2026,outubro/2026,9508,9346,-1.7,28
Jundiaí,SP,Jardim Bonfiglioli,apartamento,venda,setembro/2026,outubro/2026,10106,9933,-1.7,37
Rio de Janeiro,RJ,Vidigal,apartamento,venda,setembro/2026,outubro/2026,7267,7143,-1.7,31
Salvador,BA,Pituaçu,apartamento,venda,setembro/2026,outubro/2026,11012,10822,-1.7,94
Recife,PE,Monteiro,apartamento,venda,setembro/2026,outubro/2026,9474,9310,-1.7,93
Chapecó,SC,Efapi,apartamento,venda,setembro/2026,outubro/2026,5422,5328,-1.7,50
Curitiba,PR,Bairro Alto,apartamento,venda,setembro/2026,outubro/2026,7846,7710,-1.7,14
Fortaleza,CE,Parquelândia,apartamento,venda,setembro/2026,outubro/2026,8480,8333,-1.7,91
Salvador,BA,Uruguai,apartamento,venda,setembro/2026,outubro/2026,1802,1771,-1.7,20
Belo Horizonte,MG,Cardoso,apartamento,venda,setembro/2026,outubro/2026,5180,5090,-1.7,11
Rio de Janeiro,RJ,Taquara,apartamento,venda,setembro/2026,outubro/2026,4682,4600,-1.7,113
Porto Belo,SC,Vivapark,apartamento,venda,setembro/2026,outubro/2026,18246,17926,-1.8,37
Limeira,SP,Jardim Nossa Senhora de Fátima,apartamento,venda,setembro/2026,outubro/2026,9270,9107,-1.8,12
Cuiabá,MT,Centro Norte,apartamento,venda,setembro/2026,outubro/2026,4097,4025,-1.8,52
São Paulo,SP,Vila Bela,apartamento,venda,setembro/2026,outubro/2026,7569,7434,-1.8,18
Recife,PE,Arruda,apartamento,venda,setembro/2026,outubro/2026,3850,3781,-1.8,24
Rio de Janeiro,RJ,São Francisco Xavier,apartamento,venda,setembro/2026,outubro/2026,4025,3953,-1.8,48
Campinas,SP,Jardim Myrian Moreira da Costa,apartamento,venda,setembro/2026,outubro/2026,7367,7234,-1.8,14
Belo Horizonte,MG,Dom Silvério,apartamento,venda,setembro/2026,outubro/2026,3958,3886,-1.8,14
Balneário Piçarras,SC,Nossa Senhora da Paz,apartamento,venda,setembro/2026,outubro/2026,8215,8064,-1.8,41
Jundiaí,SP,Vila Rio Branco,apartamento,venda,setembro/2026,outubro/2026,8584,8426,-1.8,10
Recife,PE,Várzea,apartamento,venda,setembro/2026,outubro/2026,6277,6160,-1.9,91
João Pessoa,PB,Jardim Oceania,apartamento,venda,setembro/2026,outubro/2026,11651,11433,-1.9,819
São Paulo,SP,Vila Formosa,apartamento,venda,setembro/2026,outubro/2026,8416,8258,-1.9,245
Guarulhos,SP,Vila das Palmeiras,apartamento,venda,setembro/2026,outubro/2026,7772,7627,-1.9,34
Maceió,AL,Jatiúca,apartamento,venda,setembro/2026,outubro/2026,12088,11862,-1.9,374
Uberaba,MG,Santa Marta,apartamento,venda,setembro/2026,outubro/2026,4482,4398,-1.9,29
Maceió,AL,Ipioca,apartamento,venda,setembro/2026,outubro/2026,13610,13353,-1.9,20
Piracicaba,SP,Cidade Alta,apartamento,venda,setembro/2026,outubro/2026,5300,5200,-1.9,85
Recife,PE,Soledade,apartamento,venda,setembro/2026,outubro/2026,8812,8646,-1.9,51
Florianópolis,SC,Bom Abrigo,apartamento,venda,setembro/2026,outubro/2026,9729,9544,-1.9,48
Vitória,ES,Praia do Suá,apartamento,venda,setembro/2026,outubro/2026,13971,13704,-1.9,33
Belo Horizonte,MG,Jardim Guanabara,apartamento,venda,setembro/2026,outubro/2026,6090,5973,-1.9,33
São Paulo,SP,Cidade Tiradentes,apartamento,venda,setembro/2026,outubro/2026,3488,3421,-1.9,29
Campinas,SP,Jardim Paraíso,apartamento,venda,setembro/2026,outubro/2026,5631,5523,-1.9,15
Brasília,DF,Ceilândia Norte,apartamento,venda,setembro/2026,outubro/2026,5200,5100,-1.9,23
Cuiabá,MT,Duque de Caxias,apartamento,venda,setembro/2026,outubro/2026,8534,8368,-1.9,143
Piracicaba,SP,Parque Conceição II,apartamento,venda,setembro/2026,outubro/2026,5014,4917,-2.0,19
Belo Horizonte,MG,Anchieta,apartamento,venda,setembro/2026,outubro/2026,12354,12111,-2.0,264
Belém,PA,São Brás,apartamento,venda,setembro/2026,outubro/2026,7846,7692,-2.0,28
Itajaí,SC,Fiúza Lima,apartamento,venda,setembro/2026,outubro/2026,10358,10154,-2.0,13
São Paulo,SP,Água Fria,apartamento,venda,setembro/2026,outubro/2026,8462,8294,-2.0,97
Canoas,RS,Centro,apartamento,venda,setembro/2026,outubro/2026,5505,5394,-2.0,700
Cascavel,PR,Claudete,apartamento,venda,setembro/2026,outubro/2026,5556,5444,-2.0,17
Recife,PE,Boa Viagem,apartamento,venda,setembro/2026,outubro/2026,8868,8689,-2.0,977
Uberaba,MG,Conjunto Manoel Mendes,apartamento,venda,setembro/2026,outubro/2026,4067,3984,-2.0,62
Campinas,SP,Jardim do Lago,apartamento,venda,setembro/2026,outubro/2026,5976,5854,-2.0,23
São Paulo,SP,Vila do Encontro,apartamento,venda,setembro/2026,outubro/2026,6508,6375,-2.0,12
Belo Horizonte,MG,Parque São Pedro,apartamento,venda,setembro/2026,outubro/2026,4857,4757,-2.1,10
Jundiaí,SP,Jardim Santa Teresa,apartamento,venda,setembro/2026,outubro/2026,6765,6625,-2.1,17
Guarulhos,SP,Parque Primavera,apartamento,venda,setembro/2026,outubro/2026,4562,4467,-2.1,18
São Paulo,SP,Vila Santa Isabel,apartamento,venda,setembro/2026,outubro/2026,7056,6909,-2.1,16
Florianópolis,SC,Canto,apartamento,venda,setembro/2026,outubro/2026,10660,10439,-2.1,124
Salvador,BA,Boca da Mata,apartamento,venda,setembro/2026,outubro/2026,4304,4214,-2.1,17
Fortaleza,CE,Presidente Kennedy,apartamento,venda,setembro/2026,outubro/2026,7810,7647,-2.1,97
Guarulhos,SP,Jardim Testae,apartamento,venda,setembro/2026,outubro/2026,5382,5269,-2.1,19
Rio de Janeiro,RJ,Senador Camará,apartamento,venda,setembro/2026,outubro/2026,2128,2083,-2.1,15
Limeira,SP,Jardim Residencial Roseira,apartamento,venda,setembro/2026,outubro/2026,5660,5542,-2.1,13
Fortaleza,CE,Papicu,apartamento,venda,setembro/2026,outubro/2026,4849,4747,-2.1,151
Rio de Janeiro,RJ,Bento Ribeiro,apartamento,venda,setembro/2026,outubro/2026,3284,3214,-2.1,48
João Pessoa,PB,Aeroclube,apartamento,venda,setembro/2026,outubro/2026,9062,8870,-2.1,290
Palhoça,SC,São Sebastião,apartamento,venda,setembro/2026,outubro/2026,5461,5345,-2.1,60
São Paulo,SP,Jardim Amaralina,apartamento,venda,setembro/2026,outubro/2026,6250,6117,-2.1,11
Rio de Janeiro,RJ,Vigário Geral,apartamento,venda,setembro/2026,outubro/2026,2611,2556,-2.1,14
São Paulo,SP,Vila Marieta,apartamento,venda,setembro/2026,outubro/2026,6710,6568,-2.1,15
Belo Horizonte,MG,Coqueiros,apartamento,venda,setembro/2026,outubro/2026,5436,5320,-2.1,28
Guarulhos,SP,Itapegica,apartamento,venda,setembro/2026,outubro/2026,8128,7953,-2.2,19
Limeira,SP,Vila Queiroz,apartamento,venda,setembro/2026,outubro/2026,4959,4852,-2.2,24
Rio de Janeiro,RJ,Inhaúma,apartamento,venda,setembro/2026,outubro/2026,3723,3643,-2.2,75
São José,SC,Roçado,apartamento,venda,setembro/2026,outubro/2026,8125,7949,-2.2,62
Rio de Janeiro,RJ,Praça da Bandeira,apartamento,venda,setembro/2026,outubro/2026,6133,6000,-2.2,105
São Paulo,SP,Jaçanã,apartamento,venda,setembro/2026,outubro/2026,6969,6816,-2.2,50
Manaus,AM,Alvorada,apartamento,venda,setembro/2026,outubro/2026,6087,5952,-2.2,10
São Paulo,SP,Vila Nhocune,apartamento,venda,setembro/2026,outubro/2026,6413,6271,-2.2,12
Rio de Janeiro,RJ,Maracanã,apartamento,venda,setembro/2026,outubro/2026,6013,5879,-2.2,145
Fortaleza,CE,Jóquei Clube,apartamento,venda,setembro/2026,outubro/2026,6837,6684,-2.2,29
Belo Horizonte,MG,Venda Nova,apartamento,venda,setembro/2026,outubro/2026,4536,4434,-2.2,34
Belo Horizonte,MG,Concórdia,apartamento,venda,setembro/2026,outubro/2026,6200,6061,-2.2,24
Blumenau,SC,Salto Weissbach,apartamento,venda,setembro/2026,outubro/2026,5328,5208,-2.2,30
Campo Grande,MS,Santa Fé,apartamento,venda,setembro/2026,outubro/2026,11033,10784,-2.3,28
Belo Horizonte,MG,Nova Granada,apartamento,venda,setembro/2026,outubro/2026,8374,8185,-2.3,80
Chapecó,SC,Líder,apartamento,venda,setembro/2026,outubro/2026,6776,6622,-2.3,37
Belo Horizonte,MG,Nova Suíssa,apartamento,venda,setembro/2026,outubro/2026,8943,8739,-2.3,157
Santos,SP,Macuco,apartamento,venda,setembro/2026,outubro/2026,8154,7967,-2.3,55
Piracicaba,SP,Santa Terezinha,apartamento,venda,setembro/2026,outubro/2026,4013,3921,-2.3,30
Cuiabá,MT,Grande Terceiro,apartamento,venda,setembro/2026,outubro/2026,8537,8340,-2.3,47
João Pessoa,PB,Ponta do Seixas,apartamento,venda,setembro/2026,outubro/2026,16155,15780,-2.3,55
Manaus,AM,Nossa Senhora das Graças,apartamento,venda,setembro/2026,outubro/2026,6726,6569,-2.3,54
Campo Grande,MS,Jardim dos Estados,apartamento,venda,setembro/2026,outubro/2026,11293,11029,-2.3,70
Cuiabá,MT,Rodoviária Parque,apartamento,venda,setembro/2026,outubro/2026,6296,6148,-2.4,27
Campinas,SP,Jardim Brasil,apartamento,venda,setembro/2026,outubro/2026,12360,12067,-2.4,27
Rio de Janeiro,RJ,Cascadura,apartamento,venda,setembro/2026,outubro/2026,3500,3417,-2.4,63
Jundiaí,SP,Jardim Campos Elísios,apartamento,venda,setembro/2026,outubro/2026,13121,12805,-2.4,15
Guarulhos,SP,Jardim Adriana,apartamento,venda,setembro/2026,outubro/2026,5806,5667,-2.4,23
Fortaleza,CE,Sapiranga,apartamento,venda,setembro/2026,outubro/2026,6408,6253,-2.4,26
Campinas,SP,Vila Proost de Souza,apartamento,venda,setembro/2026,outubro/2026,4992,4871,-2.4,17
Jundiaí,SP,Vila das Hortências,apartamento,venda,setembro/2026,outubro/2026,9110,8889,-2.4,24
Salvador,BA,Narandiba,apartamento,venda,setembro/2026,outubro/2026,7368,7189,-2.4,41
São Paulo,SP,Vila Maria Alta,apartamento,venda,setembro/2026,outubro/2026,8582,8373,-2.4,38
Piracicaba,SP,Paulista,apartamento,venda,setembro/2026,outubro/2026,5157,5029,-2.5,75
Rio de Janeiro,RJ,Vargem Grande,apartamento,venda,setembro/2026,outubro/2026,5397,5263,-2.5,39
Fortaleza,CE,Jacarecanga,apartamento,venda,setembro/2026,outubro/2026,5511,5374,-2.5,23
Rio de Janeiro,RJ,Cachambi,apartamento,venda,setembro/2026,outubro/2026,5091,4964,-2.5,111
São Paulo,SP,Vila Industrial,apartamento,venda,setembro/2026,outubro/2026,6250,6094,-2.5,25
São Paulo,SP,Vila Brasilina,apartamento,venda,setembro/2026,outubro/2026,6956,6783,-2.5,11
Rio de Janeiro,RJ,Cosme Velho,apartamento,venda,setembro/2026,outubro/2026,10256,10000,-2.5,57
São Paulo,SP,Paraisópolis,apartamento,venda,setembro/2026,outubro/2026,5046,4918,-2.5,22
Limeira,SP,Jardim Parque Novo Mundo,apartamento,venda,setembro/2026,outubro/2026,5000,4873,-2.5,21
Recife,PE,Jardim São Paulo,apartamento,venda,setembro/2026,outubro/2026,6326,6164,-2.6,32
Itapema,SC,Alto São Bento,apartamento,venda,setembro/2026,outubro/2026,12057,11748,-2.6,17
Porto Belo,SC,Centro,apartamento,venda,setembro/2026,outubro/2026,15940,15532,-2.6,91
Recife,PE,Ponto de Parada,apartamento,venda,setembro/2026,outubro/2026,11200,10912,-2.6,17
Fortaleza,CE,Tauape,apartamento,venda,setembro/2026,outubro/2026,3763,3667,-2.6,15
Rio de Janeiro,RJ,Santo Cristo,apartamento,venda,setembro/2026,outubro/2026,11231,10942,-2.6,58
Guarulhos,SP,Portal dos Gramados,apartamento,venda,setembro/2026,outubro/2026,6905,6727,-2.6,33
Salvador,BA,Cabula,apartamento,venda,setembro/2026,outubro/2026,6843,6667,-2.6,78
São Paulo,SP,Jardim Patente Novo,apartamento,venda,setembro/2026,outubro/2026,4801,4677,-2.6,12
Navegantes,SC,Gravatá,apartamento,venda,setembro/2026,outubro/2026,9621,9372,-2.6,586
Salvador,BA,Itaigara,apartamento,venda,setembro/2026,outubro/2026,8199,7987,-2.6,146
Santos,SP,Estuário,apartamento,venda,setembro/2026,outubro/2026,9491,9245,-2.6,31
Chapecó,SC,Jardim Itália,apartamento,venda,setembro/2026,outubro/2026,8324,8108,-2.6,164
João Pessoa,PB,Cuiá,apartamento,venda,setembro/2026,outubro/2026,3726,3630,-2.6,12
Cascavel,PR,Centro,apartamento,venda,setembro/2026,outubro/2026,6786,6609,-2.6,963
Piracicaba,SP,Nova Piracicaba,apartamento,venda,setembro/2026,outubro/2026,8214,8000,-2.6,18
Campinas,SP,Conjunto Residencial Souza Queiroz,apartamento,venda,setembro/2026,outubro/2026,3382,3293,-2.6,11
Rio de Janeiro,RJ,Freguesia (Jacarepaguá),apartamento,venda,setembro/2026,outubro/2026,5447,5305,-2.6,271
São Paulo,SP,Panamby,apartamento,venda,setembro/2026,outubro/2026,9514,9265,-2.6,38
São Paulo,SP,Nova Klabin,apartamento,venda,setembro/2026,outubro/2026,13492,13138,-2.6,17
Santos,SP,Vila Rica,apartamento,venda,setembro/2026,outubro/2026,11152,10857,-2.6,23
Belo Horizonte,MG,Cidade Nova,apartamento,venda,setembro/2026,outubro/2026,8692,8462,-2.7,175
Cascavel,PR,Parque Verde,apartamento,venda,setembro/2026,outubro/2026,4858,4729,-2.7,11
Rio de Janeiro,RJ,Realengo,apartamento,venda,setembro/2026,outubro/2026,3425,3333,-2.7,55
Rio de Janeiro,RJ,Jacarepaguá,apartamento,venda,setembro/2026,outubro/2026,8808,8571,-2.7,117
Cuiabá,MT,Centro Político Administrativo,apartamento,venda,setembro/2026,outubro/2026,14090,13710,-2.7,12
Brasília,DF,Águas Claras Sul,apartamento,venda,setembro/2026,outubro/2026,9032,8788,-2.7,69
Maceió,AL,Cidade Universitária,apartamento,venda,setembro/2026,outubro/2026,4889,4756,-2.7,21
Rio de Janeiro,RJ,Piedade,apartamento,venda,setembro/2026,outubro/2026,3571,3474,-2.7,39
Navegantes,SC,Centro,apartamento,venda,setembro/2026,outubro/2026,9726,9461,-2.7,354
Maceió,AL,Mangabeiras,apartamento,venda,setembro/2026,outubro/2026,9115,8866,-2.7,75
Rio de Janeiro,RJ,Tomás Coelho,apartamento,venda,setembro/2026,outubro/2026,2879,2800,-2.7,71
Recife,PE,Derby,apartamento,venda,setembro/2026,outubro/2026,4268,4151,-2.7,31
São Paulo,SP,Canindé,apartamento,venda,setembro/2026,outubro/2026,7639,7429,-2.7,14
Rio de Janeiro,RJ,Lapa,apartamento,venda,setembro/2026,outubro/2026,9000,8752,-2.8,57
São Paulo,SP,Conjunto Habitacional Padre Manoel da Nóbrega,apartamento,venda,setembro/2026,outubro/2026,4896,4760,-2.8,38
São Paulo,SP,Vila Esperança,apartamento,venda,setembro/2026,outubro/2026,8000,7778,-2.8,41
Limeira,SP,Parque Novo Mundo,apartamento,venda,setembro/2026,outubro/2026,5000,4861,-2.8,29
Manaus,AM,Morada do Sol,apartamento,venda,setembro/2026,outubro/2026,10747,10448,-2.8,12
Guarulhos,SP,Bosque Maia,apartamento,venda,setembro/2026,outubro/2026,11066,10755,-2.8,87
Recife,PE,San Martin,apartamento,venda,setembro/2026,outubro/2026,6204,6028,-2.8,14
Campo Grande,MS,Itanhangá Park,apartamento,venda,setembro/2026,outubro/2026,11310,10988,-2.8,25
Recife,PE,Recife,apartamento,venda,setembro/2026,outubro/2026,13496,13111,-2.9,16
Limeira,SP,Residencial Rubi,apartamento,venda,setembro/2026,outubro/2026,4212,4091,-2.9,24
Vitória,ES,Praia de Santa Helena,apartamento,venda,setembro/2026,outubro/2026,14712,14286,-2.9,12
Belo Horizonte,MG,Esplanada,apartamento,venda,setembro/2026,outubro/2026,6752,6556,-2.9,61
Florianópolis,SC,Rio Tavares,apartamento,venda,setembro/2026,outubro/2026,14834,14400,-2.9,23
Belo Horizonte,MG,Palmares,apartamento,venda,setembro/2026,outubro/2026,6556,6364,-2.9,163
Rio de Janeiro,RJ,Estácio,apartamento,venda,setembro/2026,outubro/2026,5000,4853,-2.9,45
Salvador,BA,Monte Serrat,apartamento,venda,setembro/2026,outubro/2026,3053,2963,-2.9,14
São Paulo,SP,Jardim Santa Emília,apartamento,venda,setembro/2026,outubro/2026,6204,6021,-2.9,35
Ponta Grossa,PR,Olarias,apartamento,venda,setembro/2026,outubro/2026,5152,5000,-3.0,52
Fortaleza,CE,Novo Mondubim,apartamento,venda,setembro/2026,outubro/2026,3516,3412,-3.0,14
Belo Horizonte,MG,Palmeiras,apartamento,venda,setembro/2026,outubro/2026,7391,7172,-3.0,84
João Pessoa,PB,Tambaú,apartamento,venda,setembro/2026,outubro/2026,11287,10951,-3.0,354
São Paulo,SP,Alto do Pari,apartamento,venda,setembro/2026,outubro/2026,8654,8396,-3.0,13
São Paulo,SP,Brooklin Novo,apartamento,venda,setembro/2026,outubro/2026,15594,15128,-3.0,98
Chapecó,SC,Centro,apartamento,venda,setembro/2026,outubro/2026,8217,7971,-3.0,782
São Paulo,SP,Quarta Parada,apartamento,venda,setembro/2026,outubro/2026,12364,11993,-3.0,17
Cuiabá,MT,Porto,apartamento,venda,setembro/2026,outubro/2026,5556,5389,-3.0,53
São Paulo,SP,Chácara Califórnia,apartamento,venda,setembro/2026,outubro/2026,9107,8833,-3.0,83
Uberaba,MG,Quinta Boa Esperança,apartamento,venda,setembro/2026,outubro/2026,4583,4444,-3.0,46
Guarulhos,SP,Vila Paulista,apartamento,venda,setembro/2026,outubro/2026,7260,7041,-3.0,27
Palhoça,SC,Ponte do Imaruim,apartamento,venda,setembro/2026,outubro/2026,6833,6627,-3.0,38
Chapecó,SC,Maria Goretti,apartamento,venda,setembro/2026,outubro/2026,9692,9399,-3.0,88
Salvador,BA,Caminho de Areia,apartamento,venda,setembro/2026,outubro/2026,2927,2838,-3.0,21
Rio de Janeiro,RJ,Penha,apartamento,venda,setembro/2026,outubro/2026,4035,3913,-3.0,78
São José,SC,Centro,apartamento,venda,setembro/2026,outubro/2026,9459,9172,-3.0,44
São Paulo,SP,Jardim Santa Cruz (Sacomã),apartamento,venda,setembro/2026,outubro/2026,5250,5091,-3.0,13
São Paulo,SP,Colônia,apartamento,venda,setembro/2026,outubro/2026,5409,5245,-3.0,34
Recife,PE,Santana,apartamento,venda,setembro/2026,outubro/2026,10403,10086,-3.0,47
Ponta Grossa,PR,Centro,apartamento,venda,setembro/2026,outubro/2026,4700,4556,-3.1,510
Campinas,SP,Vila Nova,apartamento,venda,setembro/2026,outubro/2026,7429,7200,-3.1,17
Florianópolis,SC,Abraão,apartamento,venda,setembro/2026,outubro/2026,10750,10419,-3.1,85
Barra Velha,SC,São Cristóvão,apartamento,venda,setembro/2026,outubro/2026,6077,5890,-3.1,37
Cascavel,PR,São Cristóvão,apartamento,venda,setembro/2026,outubro/2026,5643,5469,-3.1,55
São José,SC,Bela Vista,apartamento,venda,setembro/2026,outubro/2026,7368,7141,-3.1,27
Limeira,SP,Jardim Esteves,apartamento,venda,setembro/2026,outubro/2026,6450,6250,-3.1,18
Campo Grande,MS,Rita Vieira,apartamento,venda,setembro/2026,outubro/2026,5915,5732,-3.1,16
Fortaleza,CE,Dionisio Torres,apartamento,venda,setembro/2026,outubro/2026,7361,7131,-3.1,143
Blumenau,SC,Vila Formosa,apartamento,venda,setembro/2026,outubro/2026,7894,7647,-3.1,38
Belo Horizonte,MG,Camargos,apartamento,venda,setembro/2026,outubro/2026,5835,5652,-3.1,78
São Paulo,SP,Jardim Brasil,apartamento,venda,setembro/2026,outubro/2026,7669,7430,-3.1,15
São José,SC,Praia Comprida,apartamento,venda,setembro/2026,outubro/2026,8500,8233,-3.1,83
Belo Horizonte,MG,Santa Mônica,apartamento,venda,setembro/2026,outubro/2026,5711,5531,-3.1,158
Balneário Camboriú,SC,Nova Esperança,apartamento,venda,setembro/2026,outubro/2026,8930,8649,-3.1,20
Jundiaí,SP,Jardim Tamoio,apartamento,venda,setembro/2026,outubro/2026,6625,6416,-3.2,21
Piracicaba,SP,São Judas,apartamento,venda,setembro/2026,outubro/2026,9158,8869,-3.2,95
Fortaleza,CE,Monte Castelo,apartamento,venda,setembro/2026,outubro/2026,5544,5368,-3.2,38
Cascavel,PR,Pacaembu,apartamento,venda,setembro/2026,outubro/2026,5452,5278,-3.2,28
São Paulo,SP,Imirim,apartamento,venda,setembro/2026,outubro/2026,7596,7353,-3.2,44
Campo Grande,MS,Centro,apartamento,venda,setembro/2026,outubro/2026,5304,5132,-3.2,121
São Paulo,SP,Vila Gomes Cardim,apartamento,venda,setembro/2026,outubro/2026,11038,10680,-3.2,218
Rio de Janeiro,RJ,Copacabana,apartamento,venda,setembro/2026,outubro/2026,12227,11830,-3.2,564
São Paulo,SP,Vila Nova Curuçá,apartamento,venda,setembro/2026,outubro/2026,5156,4988,-3.2,19
Chapecó,SC,Seminário,apartamento,venda,setembro/2026,outubro/2026,5274,5102,-3.3,14
Campinas,SP,Jardim Chapadão,apartamento,venda,setembro/2026,outubro/2026,6000,5804,-3.3,45
Chapecó,SC,São Cristóvão,apartamento,venda,setembro/2026,outubro/2026,7512,7265,-3.3,92
Belo Horizonte,MG,Sinimbu,apartamento,venda,setembro/2026,outubro/2026,6743,6522,-3.3,11
Rio de Janeiro,RJ,Cacuia,apartamento,venda,setembro/2026,outubro/2026,5114,4946,-3.3,41
Aracaju,SE,Farolândia,apartamento,venda,setembro/2026,outubro/2026,6480,6267,-3.3,112
Recife,PE,Poço da Panela,apartamento,venda,setembro/2026,outubro/2026,10760,10404,-3.3,41
Uberaba,MG,Jardim Libânio,apartamento,venda,setembro/2026,outubro/2026,4310,4167,-3.3,14
Uberaba,MG,Conjunto Frei Eugênio,apartamento,venda,setembro/2026,outubro/2026,5217,5044,-3.3,59
São Paulo,SP,Parque da Vila Prudente,apartamento,venda,setembro/2026,outubro/2026,10136,9800,-3.3,27
Belo Horizonte,MG,Caiçara-Adelaide,apartamento,venda,setembro/2026,outubro/2026,7458,7210,-3.3,43
São Paulo,SP,Vila Moreira,apartamento,venda,setembro/2026,outubro/2026,7857,7596,-3.3,13
Cascavel,PR,Bairro Coqueiral,apartamento,venda,setembro/2026,outubro/2026,8814,8521,-3.3,11
Piracicaba,SP,Vila Independência,apartamento,venda,setembro/2026,outubro/2026,7436,7187,-3.3,69
Cascavel,PR,Neva,apartamento,venda,setembro/2026,outubro/2026,6250,6040,-3.4,165
Cuiabá,MT,Parque Ohara,apartamento,venda,setembro/2026,outubro/2026,5174,5000,-3.4,32
São Paulo,SP,Vila Azevedo,apartamento,venda,setembro/2026,outubro/2026,9571,9250,-3.4,21
Aracaju,SE,Luzia,apartamento,venda,setembro/2026,outubro/2026,6062,5857,-3.4,92
Cuiabá,MT,Santa Rosa,apartamento,venda,setembro/2026,outubro/2026,8271,7990,-3.4,51
São Paulo,SP,Cidade Patriarca,apartamento,venda,setembro/2026,outubro/2026,8043,7768,-3.4,86
São Paulo,SP,Água Rasa,apartamento,venda,setembro/2026,outubro/2026,9474,9150,-3.4,24
Aracaju,SE,São José,apartamento,venda,setembro/2026,outubro/2026,3020,2917,-3.4,45
Cuiabá,MT,Morada do Ouro,apartamento,venda,setembro/2026,outubro/2026,7128,6881,-3.5,60
Belo Horizonte,MG,Santa Helena,apartamento,venda,setembro/2026,outubro/2026,7452,7189,-3.5,29
Guarulhos,SP,Vila Itapegica,apartamento,venda,setembro/2026,outubro/2026,9264,8936,-3.5,31
São Paulo,SP,Vila Sônia,apartamento,venda,setembro/2026,outubro/2026,8907,8589,-3.6,39
Cascavel,PR,Santa Cruz,apartamento,venda,setembro/2026,outubro/2026,5000,4822,-3.6,27
Maceió,AL,São Jorge,apartamento,venda,setembro/2026,outubro/2026,7335,7073,-3.6,38
Canoas,RS,Marechal Rondon,apartamento,venda,setembro/2026,outubro/2026,6346,6119,-3.6,447
Rio de Janeiro,RJ,Inhoaíba,apartamento,venda,setembro/2026,outubro/2026,2803,2702,-3.6,75
Guarulhos,SP,Vila Zanardi,apartamento,venda,setembro/2026,outubro/2026,5333,5140,-3.6,13
Fortaleza,CE,Paupina,apartamento,venda,setembro/2026,outubro/2026,4574,4407,-3.6,18
Jundiaí,SP,Vila Virgínia,apartamento,venda,setembro/2026,outubro/2026,8834,8511,-3.7,24
São Paulo,SP,Vila Madalena,apartamento,venda,setembro/2026,outubro/2026,16662,16050,-3.7,278
São Paulo,SP,Jardim Danfer,apartamento,venda,setembro/2026,outubro/2026,5909,5691,-3.7,13
Guarulhos,SP,Vila Santo Antônio,apartamento,venda,setembro/2026,outubro/2026,7979,7681,-3.7,18
Salvador,BA,Itapuã,apartamento,venda,setembro/2026,outubro/2026,7183,6915,-3.7,108
Rio de Janeiro,RJ,Cordovil,apartamento,venda,setembro/2026,outubro/2026,3072,2958,-3.7,70
Jundiaí,SP,Portal do Paraíso II,apartamento,venda,setembro/2026,outubro/2026,12168,11710,-3.8,11
Blumenau,SC,Ribeirão Fresco,apartamento,venda,setembro/2026,outubro/2026,5969,5744,-3.8,16
Uberaba,MG,Parque Hiléia,apartamento,venda,setembro/2026,outubro/2026,3182,3061,-3.8,15
Manaus,AM,Dom Pedro,apartamento,venda,setembro/2026,outubro/2026,7909,7609,-3.8,36
Piracicaba,SP,Pompéia,apartamento,venda,setembro/2026,outubro/2026,4182,4022,-3.8,43
João Pessoa,PB,Cabo Branco,apartamento,venda,setembro/2026,outubro/2026,14323,13771,-3.9,564
Manaus,AM,Lírio do Vale,apartamento,venda,setembro/2026,outubro/2026,6092,5857,-3.9,10
Cascavel,PR,Alto Alegre,apartamento,venda,setembro/2026,outubro/2026,5700,5480,-3.9,67
Belo Horizonte,MG,Madre Gertrudes,apartamento,venda,setembro/2026,outubro/2026,4000,3845,-3.9,15
Brasília,DF,Riacho Fundo II,apartamento,venda,setembro/2026,outubro/2026,4127,3967,-3.9,19
Cascavel,PR,Canadá,apartamento,venda,setembro/2026,outubro/2026,5779,5553,-3.9,36
Guarulhos,SP,Jardim São Ricardo,apartamento,venda,setembro/2026,outubro/2026,8750,8407,-3.9,13
Piracicaba,SP,Parque São Matheus,apartamento,venda,setembro/2026,outubro/2026,4483,4307,-3.9,14
Rio de Janeiro,RJ,Méier,apartamento,venda,setembro/2026,outubro/2026,4662,4479,-3.9,100
Canoas,RS,Rio Branco,apartamento,venda,setembro/2026,outubro/2026,3222,3095,-3.9,47
Belo Horizonte,MG,Aeroporto,apartamento,venda,setembro/2026,outubro/2026,8383,8052,-3.9,68
Salvador,BA,Stiep,apartamento,venda,setembro/2026,outubro/2026,7308,7018,-4.0,105
João Pessoa,PB,Mangabeira,apartamento,venda,setembro/2026,outubro/2026,4380,4204,-4.0,38
São Paulo,SP,Vila Matilde,apartamento,venda,setembro/2026,outubro/2026,8088,7763,-4.0,71
Campinas,SP,Jardim do Lago Continuação,apartamento,venda,setembro/2026,outubro/2026,5314,5100,-4.0,23
Belo Horizonte,MG,Nova Floresta,apartamento,venda,setembro/2026,outubro/2026,6618,6349,-4.1,52
São Paulo,SP,Freguesia do Ó,apartamento,venda,setembro/2026,outubro/2026,8339,8000,-4.1,39
Salvador,BA,Trobogy,apartamento,venda,setembro/2026,outubro/2026,6269,6013,-4.1,59
Cuiabá,MT,Paiaguás,apartamento,venda,setembro/2026,outubro/2026,7377,7076,-4.1,25
Curitiba,PR,Capão Raso,apartamento,venda,setembro/2026,outubro/2026,8462,8115,-4.1,21
Recife,PE,Parnamirim,apartamento,venda,setembro/2026,outubro/2026,9044,8673,-4.1,132
Canoas,RS,Estância Velha,apartamento,venda,setembro/2026,outubro/2026,4433,4250,-4.1,136
São Paulo,SP,Vila Costa Melo,apartamento,venda,setembro/2026,outubro/2026,6112,5860,-4.1,10
São Paulo,SP,Vila Amélia,apartamento,venda,setembro/2026,outubro/2026,6302,6042,-4.1,14
Belo Horizonte,MG,Pompéia,apartamento,venda,setembro/2026,outubro/2026,6482,6212,-4.2,24
Maceió,AL,Cruz das Almas,apartamento,venda,setembro/2026,outubro/2026,13393,12832,-4.2,179
São Paulo,SP,Campo Belo,apartamento,venda,setembro/2026,outubro/2026,13168,12615,-4.2,464
Blumenau,SC,Salto do Norte,apartamento,venda,setembro/2026,outubro/2026,5724,5484,-4.2,38
Santos,SP,José Menino,apartamento,venda,setembro/2026,outubro/2026,8624,8261,-4.2,198
Limeira,SP,Jardim Campo Belo,apartamento,venda,setembro/2026,outubro/2026,4583,4388,-4.3,28
Belo Horizonte,MG,Grajaú,apartamento,venda,setembro/2026,outubro/2026,8271,7917,-4.3,109
Belo Horizonte,MG,Buritis,apartamento,venda,setembro/2026,outubro/2026,8099,7748,-4.3,651
Fortaleza,CE,Praia do Futuro,apartamento,venda,setembro/2026,outubro/2026,6302,6028,-4.3,72
São Paulo,SP,Vila Parque Jabaquara,apartamento,venda,setembro/2026,outubro/2026,7710,7375,-4.3,41
Aracaju,SE,Zona de Expansão (Aruana),apartamento,venda,setembro/2026,outubro/2026,4611,4410,-4.4,12
Belo Horizonte,MG,Vila Cloris,apartamento,venda,setembro/2026,outubro/2026,5647,5400,-4.4,72
Florianópolis,SC,Santinho,apartamento,venda,setembro/2026,outubro/2026,13766,13160,-4.4,18
São Paulo,SP,Vila Romana,apartamento,venda,setembro/2026,outubro/2026,13939,13324,-4.4,60
Santos,SP,Campo Grande,apartamento,venda,setembro/2026,outubro/2026,6317,6037,-4.4,110
Fortaleza,CE,Manoel Dias Branco,apartamento,venda,setembro/2026,outubro/2026,7695,7354,-4.4,21
Recife,PE,Rosarinho,apartamento,venda,setembro/2026,outubro/2026,9524,9100,-4.4,135
Florianópolis,SC,Córrego Grande,apartamento,venda,setembro/2026,outubro/2026,11700,11176,-4.5,108
São Paulo,SP,Vila Irmãos Arnoni,apartamento,venda,setembro/2026,outubro/2026,9048,8642,-4.5,16
Campo Grande,MS,Vivendas do Parque,apartamento,venda,setembro/2026,outubro/2026,7538,7200,-4.5,19
Florianópolis,SC,Estreito,apartamento,venda,setembro/2026,outubro/2026,10779,10294,-4.5,239
Chapecó,SC,Presidente Médici,apartamento,venda,setembro/2026,outubro/2026,7469,7130,-4.5,208
Belo Horizonte,MG,Coração de Jesus,apartamento,venda,setembro/2026,outubro/2026,7274,6944,-4.5,95
Belo Horizonte,MG,Mantiqueira,apartamento,venda,setembro/2026,outubro/2026,5594,5339,-4.5,48
Belo Horizonte,MG,Colégio Batista,apartamento,venda,setembro/2026,outubro/2026,6737,6429,-4.6,65
Cascavel,PR,Parque São Paulo,apartamento,venda,setembro/2026,outubro/2026,5764,5500,-4.6,67
São Paulo,SP,Jardim Oriental,apartamento,venda,setembro/2026,outubro/2026,6987,6667,-4.6,12
Cuiabá,MT,Jardim Aclimação,apartamento,venda,setembro/2026,outubro/2026,8929,8517,-4.6,113
Fortaleza,CE,Cambeba,apartamento,venda,setembro/2026,outubro/2026,7686,7329,-4.6,71
Uberaba,MG,Jardim do Lago,apartamento,venda,setembro/2026,outubro/2026,5783,5514,-4.6,117
São Paulo,SP,Casa Verde,apartamento,venda,setembro/2026,outubro/2026,10027,9561,-4.7,44
São Paulo,SP,Vila Ré,apartamento,venda,setembro/2026,outubro/2026,7111,6780,-4.7,29
Salvador,BA,Paralela,apartamento,venda,setembro/2026,outubro/2026,11206,10682,-4.7,96
Guarulhos,SP,Vila Leonor,apartamento,venda,setembro/2026,outubro/2026,8121,7741,-4.7,80
São Paulo,SP,Limão,apartamento,venda,setembro/2026,outubro/2026,8108,7727,-4.7,19
Maceió,AL,Santa Amélia,apartamento,venda,setembro/2026,outubro/2026,3854,3672,-4.7,27
Fortaleza,CE,Mucuripe,apartamento,venda,setembro/2026,outubro/2026,13492,12850,-4.8,149
Belo Horizonte,MG,Gutierrez,apartamento,venda,setembro/2026,outubro/2026,10755,10243,-4.8,297
Guarulhos,SP,Vila São Jorge,apartamento,venda,setembro/2026,outubro/2026,6607,6292,-4.8,14
Uberaba,MG,Lourdes,apartamento,venda,setembro/2026,outubro/2026,3991,3800,-4.8,24
Navegantes,SC,São Pedro,apartamento,venda,setembro/2026,outubro/2026,10386,9890,-4.8,25
Campinas,SP,Bosque,apartamento,venda,setembro/2026,outubro/2026,5816,5538,-4.8,87
Piracicaba,SP,Jardim Maria,apartamento,venda,setembro/2026,outubro/2026,3479,3312,-4.8,10
Fortaleza,CE,De Lourdes,apartamento,venda,setembro/2026,outubro/2026,9871,9398,-4.8,18
São Paulo,SP,Jardim Bela Vista (Zona Norte),apartamento,venda,setembro/2026,outubro/2026,7321,6970,-4.8,12
Campinas,SP,Jardim Ipaussurama,apartamento,venda,setembro/2026,outubro/2026,6503,6190,-4.8,17
Piracicaba,SP,Alemães,apartamento,venda,setembro/2026,outubro/2026,7647,7279,-4.8,49
Belo Horizonte,MG,Paquetá,apartamento,venda,setembro/2026,outubro/2026,6789,6462,-4.8,171
Rio de Janeiro,RJ,Tijuca,apartamento,venda,setembro/2026,outubro/2026,7059,6717,-4.8,405
Belo Horizonte,MG,Jardim Leblon,apartamento,venda,setembro/2026,outubro/2026,4778,4546,-4.9,59
Santos,SP,Gonzaga,apartamento,venda,setembro/2026,outubro/2026,9040,8600,-4.9,392
Recife,PE,Santo Amaro,apartamento,venda,setembro/2026,outubro/2026,9634,9160,-4.9,72
São Paulo,SP,Jardim Modelo,apartamento,venda,setembro/2026,outubro/2026,7234,6877,-4.9,12
Campo Grande,MS,Pioneiros,apartamento,venda,setembro/2026,outubro/2026,4531,4307,-4.9,19
São Paulo,SP,Parque Novo Mundo,apartamento,venda,setembro/2026,outubro/2026,6820,6483,-4.9,33
Rio de Janeiro,RJ,Sampaio,apartamento,venda,setembro/2026,outubro/2026,3506,3333,-4.9,43
Guaramirim,SC,Beira Rio,apartamento,venda,setembro/2026,outubro/2026,5238,4978,-5.0,11
Canoas,RS,Fátima,apartamento,venda,setembro/2026,outubro/2026,4405,4185,-5.0,124
São Paulo,SP,Cidade Jardim,apartamento,venda,setembro/2026,outubro/2026,22023,20922,-5.0,12
Rio de Janeiro,RJ,Rio Comprido,apartamento,venda,setembro/2026,outubro/2026,5200,4939,-5.0,137
Itapema,SC,Várzea,apartamento,venda,setembro/2026,outubro/2026,13506,12821,-5.1,18
Brasília,DF,Areal,apartamento,venda,setembro/2026,outubro/2026,7147,6783,-5.1,20
Curitiba,PR,Centro,apartamento,venda,setembro/2026,outubro/2026,11235,10659,-5.1,84
Santos,SP,Vila Matias,apartamento,venda,setembro/2026,outubro/2026,6000,5690,-5.2,63
Fortaleza,CE,Patriolino Ribeiro,apartamento,venda,setembro/2026,outubro/2026,9375,8889,-5.2,13
Campo Grande,MS,Parque Residencial Rita Vieira,apartamento,venda,setembro/2026,outubro/2026,5650,5357,-5.2,23
Belo Horizonte,MG,Floresta,apartamento,venda,setembro/2026,outubro/2026,7333,6951,-5.2,111
São Paulo,SP,Perdizes,apartamento,venda,setembro/2026,outubro/2026,13072,12391,-5.2,472
Belo Horizonte,MG,Teixeira Dias,apartamento,venda,setembro/2026,outubro/2026,6207,5882,-5.2,38
Belo Horizonte,MG,Solar do Barreiro (Barreiro),apartamento,venda,setembro/2026,outubro/2026,3989,3778,-5.3,15
São Paulo,SP,Granja Julieta,apartamento,venda,setembro/2026,outubro/2026,13670,12944,-5.3,29
Piracicaba,SP,Higienópolis,apartamento,venda,setembro/2026,outubro/2026,4531,4289,-5.3,34
Belo Horizonte,MG,Barroca,apartamento,venda,setembro/2026,outubro/2026,7863,7441,-5.4,116
São Paulo,SP,Vila Granada,apartamento,venda,setembro/2026,outubro/2026,7319,6925,-5.4,10
Campo Grande,MS,Royal Park,apartamento,venda,setembro/2026,outubro/2026,15000,14189,-5.4,32
Belo Horizonte,MG,Boa Viagem,apartamento,venda,setembro/2026,outubro/2026,13067,12360,-5.4,131
Vitória,ES,Santa Luíza,apartamento,venda,setembro/2026,outubro/2026,24749,23406,-5.4,28
Uberaba,MG,Nossa Senhora da Abadia,apartamento,venda,setembro/2026,outubro/2026,4378,4141,-5.4,96
São Paulo,SP,Sé,apartamento,venda,setembro/2026,outubro/2026,7407,7000,-5.5,21
Belo Horizonte,MG,Mangueiras,apartamento,venda,setembro/2026,outubro/2026,5733,5417,-5.5,17
Guarulhos,SP,Jardim Dourado,apartamento,venda,setembro/2026,outubro/2026,5270,4979,-5.5,17
São Paulo,SP,Vila Gomes,apartamento,venda,setembro/2026,outubro/2026,9351,8825,-5.6,10
São Paulo,SP,Jardim Boa Vista (Zona Oeste),apartamento,venda,setembro/2026,outubro/2026,5942,5606,-5.7,22
São Paulo,SP,Jardim das Acácias,apartamento,venda,setembro/2026,outubro/2026,17708,16705,-5.7,73
Chapecó,SC,Universitário,apartamento,venda,setembro/2026,outubro/2026,7017,6618,-5.7,32
Uberaba,MG,Bom Retiro,apartamento,venda,setembro/2026,outubro/2026,3482,3283,-5.7,37
São Paulo,SP,Jardim Bonfiglioli,apartamento,venda,setembro/2026,outubro/2026,8567,8075,-5.7,14
Itapoá,SC,Maresia,apartamento,venda,setembro/2026,outubro/2026,9161,8635,-5.7,12
Salvador,BA,Campinas de Brotas,apartamento,venda,setembro/2026,outubro/2026,4286,4035,-5.9,21
São Paulo,SP,Vila Andrade,apartamento,venda,setembro/2026,outubro/2026,8056,7579,-5.9,253
São Paulo,SP,Parque Munhoz,apartamento,venda,setembro/2026,outubro/2026,5930,5578,-5.9,42
São Paulo,SP,Parque Bristol,apartamento,venda,setembro/2026,outubro/2026,5849,5500,-6.0,11
Belo Horizonte,MG,Jardim dos Comerciários (Venda Nova),apartamento,venda,setembro/2026,outubro/2026,6364,5983,-6.0,19
Maceió,AL,Tabuleiro do Martins,apartamento,venda,setembro/2026,outubro/2026,4744,4459,-6.0,46
Rio de Janeiro,RJ,Vila Valqueire,apartamento,venda,setembro/2026,outubro/2026,4839,4546,-6.1,72
Guarulhos,SP,Vila Rio de Janeiro,apartamento,venda,setembro/2026,outubro/2026,6276,5895,-6.1,86
Canoas,RS,Harmonia,apartamento,venda,setembro/2026,outubro/2026,4779,4489,-6.1,29
Cuiabá,MT,Cachoeira das Garças,apartamento,venda,setembro/2026,outubro/2026,4936,4634,-6.1,14
Guarulhos,SP,Parque Santo Antônio,apartamento,venda,setembro/2026,outubro/2026,3878,3639,-6.2,10
São Paulo,SP,Vila Califórnia,apartamento,venda,setembro/2026,outubro/2026,7805,7319,-6.2,21
Rio de Janeiro,RJ,Lins de Vasconcelos,apartamento,venda,setembro/2026,outubro/2026,3333,3125,-6.2,73
Vitória,ES,Santa Lúcia,apartamento,venda,setembro/2026,outubro/2026,13067,12248,-6.3,56
São Paulo,SP,Conceição,apartamento,venda,setembro/2026,outubro/2026,10811,10120,-6.4,33
São Paulo,SP,Vila Santa Clara,apartamento,venda,setembro/2026,outubro/2026,8452,7907,-6.4,22
Campo Grande,MS,Carandá Bosque,apartamento,venda,setembro/2026,outubro/2026,10431,9759,-6.4,34
Salvador,BA,Daniel Lisboa,apartamento,venda,setembro/2026,outubro/2026,4865,4551,-6.4,31
Belo Horizonte,MG,Ipiranga,apartamento,venda,setembro/2026,outubro/2026,7407,6925,-6.5,117
Fortaleza,CE,Varjota,apartamento,venda,setembro/2026,outubro/2026,5877,5493,-6.5,63
João Pessoa,PB,Manaíra,apartamento,venda,setembro/2026,outubro/2026,8917,8333,-6.5,539
Uberaba,MG,Cidade Jardim,apartamento,venda,setembro/2026,outubro/2026,3864,3611,-6.5,23
Campo Grande,MS,Jardim Veraneio,apartamento,venda,setembro/2026,outubro/2026,7885,7368,-6.6,16
Fortaleza,CE,Cajazeiras,apartamento,venda,setembro/2026,outubro/2026,4038,3770,-6.6,39
São Paulo,SP,Parque São Jorge,apartamento,venda,setembro/2026,outubro/2026,11478,10715,-6.6,80
Campinas,SP,Vila Rossi,apartamento,venda,setembro/2026,outubro/2026,7174,6694,-6.7,17
São Paulo,SP,Aricanduva,apartamento,venda,setembro/2026,outubro/2026,7037,6556,-6.8,26
Jundiaí,SP,Jardim Paris,apartamento,venda,setembro/2026,outubro/2026,9184,8556,-6.8,15
Belo Horizonte,MG,Miramar,apartamento,venda,setembro/2026,outubro/2026,7629,7103,-6.9,18
Belo Horizonte,MG,União,apartamento,venda,setembro/2026,outubro/2026,6846,6369,-7.0,161
Belo Horizonte,MG,Castelo,apartamento,venda,setembro/2026,outubro/2026,8000,7438,-7.0,524
Cuiabá,MT,Terra Nova,apartamento,venda,setembro/2026,outubro/2026,4718,4386,-7.0,41
Florianópolis,SC,Santo Antônio de Lisboa,apartamento,venda,setembro/2026,outubro/2026,15937,14815,-7.0,40
Jundiaí,SP,Cidade Nova,apartamento,venda,setembro/2026,outubro/2026,7717,7174,-7.0,11
Canoas,RS,Mato Grande,apartamento,venda,setembro/2026,outubro/2026,4075,3788,-7.1,104
Piracicaba,SP,Vila Rezende,apartamento,venda,setembro/2026,outubro/2026,7611,7074,-7.1,56
Rio de Janeiro,RJ,Madureira,apartamento,venda,setembro/2026,outubro/2026,3500,3253,-7.1,81
Rio de Janeiro,RJ,Santa Cruz,apartamento,venda,setembro/2026,outubro/2026,2802,2604,-7.1,74
Salvador,BA,Roma,apartamento,venda,setembro/2026,outubro/2026,3363,3123,-7.1,14
Brasília,DF,Setor Habitacional Vicente Pires,apartamento,venda,setembro/2026,outubro/2026,6382,5925,-7.2,16
São Paulo,SP,Sítio da Figueira,apartamento,venda,setembro/2026,outubro/2026,8617,8000,-7.2,11
Campinas,SP,Jardim Amazonas,apartamento,venda,setembro/2026,outubro/2026,5490,5097,-7.2,12
Fortaleza,CE,Edson Queiroz,apartamento,venda,setembro/2026,outubro/2026,8913,8272,-7.2,43
Guaramirim,SC,Ilha da Figueira,apartamento,venda,setembro/2026,outubro/2026,5317,4934,-7.2,12
São Paulo,SP,Jardim das Perdizes,apartamento,venda,setembro/2026,outubro/2026,18983,17610,-7.2,10
Guarulhos,SP,Jardim São Judas Tadeu,apartamento,venda,setembro/2026,outubro/2026,6154,5708,-7.3,24
Belo Horizonte,MG,Serra,apartamento,venda,setembro/2026,outubro/2026,10675,9900,-7.3,452
São Paulo,SP,Lapa de Baixo,apartamento,venda,setembro/2026,outubro/2026,7891,7312,-7.3,12
Florianópolis,SC,Balneário,apartamento,venda,setembro/2026,outubro/2026,10741,9948,-7.4,108
Itapema,SC,Andorinha,apartamento,venda,setembro/2026,outubro/2026,17273,15994,-7.4,13
São Paulo,SP,Vila Regente Feijó,apartamento,venda,setembro/2026,outubro/2026,10498,9718,-7.4,215
São Paulo,SP,Jaraguá,apartamento,venda,setembro/2026,outubro/2026,6120,5663,-7.5,27
Salvador,BA,Vitória,apartamento,venda,setembro/2026,outubro/2026,16250,15027,-7.5,111
Belém,PA,Umarizal,apartamento,venda,setembro/2026,outubro/2026,11968,11063,-7.6,136
Santos,SP,Encruzilhada,apartamento,venda,setembro/2026,outubro/2026,6538,6044,-7.6,47
São Paulo,SP,Vila Santa Catarina,apartamento,venda,setembro/2026,outubro/2026,7735,7150,-7.6,52
São Paulo,SP,São Lucas,apartamento,venda,setembro/2026,outubro/2026,7428,6864,-7.6,57
Rio de Janeiro,RJ,Praça Seca,apartamento,venda,setembro/2026,outubro/2026,2857,2640,-7.6,96
Rio de Janeiro,RJ,Urca,apartamento,venda,setembro/2026,outubro/2026,16494,15235,-7.6,81
Brasília,DF,Águas Claras Norte,apartamento,venda,setembro/2026,outubro/2026,9628,8893,-7.6,92
Canoas,RS,Guajuviras,apartamento,venda,setembro/2026,outubro/2026,2928,2704,-7.6,53
Guarulhos,SP,Vila Silveira,apartamento,venda,setembro/2026,outubro/2026,6814,6290,-7.7,34
Limeira,SP,Jardim Senador Vergueiro,apartamento,venda,setembro/2026,outubro/2026,8333,7692,-7.7,19
São Paulo,SP,Pinheiros,apartamento,venda,setembro/2026,outubro/2026,17246,15916,-7.7,470
São Paulo,SP,Chácara Santo Antônio (Zona Sul),apartamento,venda,setembro/2026,outubro/2026,15320,14138,-7.7,88
São Paulo,SP,Vila Curuçá,apartamento,venda,setembro/2026,outubro/2026,5750,5306,-7.7,17
Campinas,SP,Jardim Campos Elíseos,apartamento,venda,setembro/2026,outubro/2026,4446,4102,-7.7,30
Blumenau,SC,Itoupavazinha,apartamento,venda,setembro/2026,outubro/2026,5192,4790,-7.7,32
Fortaleza,CE,Barroso,apartamento,venda,setembro/2026,outubro/2026,4773,4402,-7.8,21
Rio de Janeiro,RJ,Bangu,apartamento,venda,setembro/2026,outubro/2026,3163,2917,-7.8,56
São Paulo,SP,Vila Morumbi,apartamento,venda,setembro/2026,outubro/2026,7274,6702,-7.9,16
Santos,SP,Vila Belmiro,apartamento,venda,setembro/2026,outubro/2026,6364,5862,-7.9,37
São Paulo,SP,Ermelino Matarazzo,apartamento,venda,setembro/2026,outubro/2026,6516,6000,-7.9,32
São Paulo,SP,Jardim Prudência,apartamento,venda,setembro/2026,outubro/2026,11054,10179,-7.9,24
Cascavel,PR,Cancelli,apartamento,venda,setembro/2026,outubro/2026,6460,5948,-7.9,184
Campinas,SP,Loteamento Residencial Vila Bella,apartamento,venda,setembro/2026,outubro/2026,10000,9190,-8.1,14
Rio de Janeiro,RJ,Grajaú,apartamento,venda,setembro/2026,outubro/2026,5572,5120,-8.1,130
Rio de Janeiro,RJ,Leblon,apartamento,venda,setembro/2026,outubro/2026,22500,20642,-8.3,178
Rio de Janeiro,RJ,Maria da Graça,apartamento,venda,setembro/2026,outubro/2026,3964,3636,-8.3,41
Blumenau,SC,Salto,apartamento,venda,setembro/2026,outubro/2026,7110,6521,-8.3,17
Cascavel,PR,Floresta,apartamento,venda,setembro/2026,outubro/2026,4421,4054,-8.3,23
Fortaleza,CE,Lagoa Redonda,apartamento,venda,setembro/2026,outubro/2026,5231,4795,-8.3,13
Salvador,BA,Cosme de Farias,apartamento,venda,setembro/2026,outubro/2026,4200,3850,-8.3,13
Belém,PA,Parque Verde,apartamento,venda,setembro/2026,outubro/2026,7386,6771,-8.3,17
Rio de Janeiro,RJ,Ilha do Governador,apartamento,venda,setembro/2026,outubro/2026,4680,4289,-8.4,12
São Paulo,SP,Jardim Independência,apartamento,venda,setembro/2026,outubro/2026,10311,9446,-8.4,32
São Paulo,SP,Jardim Caboré,apartamento,venda,setembro/2026,outubro/2026,9693,8870,-8.5,18
Blumenau,SC,Ponta Aguda,apartamento,venda,setembro/2026,outubro/2026,8431,7714,-8.5,139
Belo Horizonte,MG,Pampulha,apartamento,venda,setembro/2026,outubro/2026,10687,9775,-8.5,40
Fortaleza,CE,São João do Tauape,apartamento,venda,setembro/2026,outubro/2026,3763,3441,-8.6,17
Belo Horizonte,MG,Funcionários,apartamento,venda,setembro/2026,outubro/2026,14568,13320,-8.6,367
Brasília,DF,Taguatinga Norte,apartamento,venda,setembro/2026,outubro/2026,5667,5179,-8.6,43
Canoas,RS,Nossa Senhora das Graças,apartamento,venda,setembro/2026,outubro/2026,6086,5560,-8.6,298
Fortaleza,CE,Benfica,apartamento,venda,setembro/2026,outubro/2026,6524,5958,-8.7,67
Curitiba,PR,Orleans,apartamento,venda,setembro/2026,outubro/2026,11069,10104,-8.7,17
Curitiba,PR,Tingui,apartamento,venda,setembro/2026,outubro/2026,7657,6989,-8.7,11
São Paulo,SP,Jardim São Paulo (Zona Leste),apartamento,venda,setembro/2026,outubro/2026,4339,3958,-8.8,19
Florianópolis,SC,Ribeirão da Ilha,apartamento,venda,setembro/2026,outubro/2026,10478,9557,-8.8,54
Cascavel,PR,Country,apartamento,venda,setembro/2026,outubro/2026,8110,7393,-8.8,169
Rio de Janeiro,RJ,Campo Grande,apartamento,venda,setembro/2026,outubro/2026,3622,3301,-8.9,285
Blumenau,SC,Tribess,apartamento,venda,setembro/2026,outubro/2026,6222,5669,-8.9,18
Rio de Janeiro,RJ,Todos Os Santos,apartamento,venda,setembro/2026,outubro/2026,5208,4737,-9.0,85
Fortaleza,CE,Joaquim Távora,apartamento,venda,setembro/2026,outubro/2026,5786,5262,-9.0,87
Canoas,RS,Niterói,apartamento,venda,setembro/2026,outubro/2026,5323,4838,-9.1,83
Belo Horizonte,MG,Santa Efigênia,apartamento,venda,setembro/2026,outubro/2026,10625,9656,-9.1,209
Florianópolis,SC,Itacorubi,apartamento,venda,setembro/2026,outubro/2026,11127,10110,-9.1,250
Cuiabá,MT,Jardim Imperial II,apartamento,venda,setembro/2026,outubro/2026,5909,5369,-9.1,11
Belo Horizonte,MG,Cruzeiro,apartamento,venda,setembro/2026,outubro/2026,11687,10617,-9.2,256
Campinas,SP,Jardim Belo Horizonte,apartamento,venda,setembro/2026,outubro/2026,15126,13735,-9.2,27
São Paulo,SP,Jardim Têxtil,apartamento,venda,setembro/2026,outubro/2026,8475,7695,-9.2,16
São Paulo,SP,Jardim Paraíso,apartamento,venda,setembro/2026,outubro/2026,9143,8301,-9.2,18
Fortaleza,CE,Centro,apartamento,venda,setembro/2026,outubro/2026,8772,7963,-9.2,64
São Paulo,SP,Jardim Fonte do Morumbi,apartamento,venda,setembro/2026,outubro/2026,13014,11803,-9.3,19
Campinas,SP,Vila João Jorge,apartamento,venda,setembro/2026,outubro/2026,6542,5929,-9.4,31
Rio de Janeiro,RJ,Encantado,apartamento,venda,setembro/2026,outubro/2026,4406,3992,-9.4,74
Fortaleza,CE,José Bonifácio,apartamento,venda,setembro/2026,outubro/2026,9267,8396,-9.4,40
Blumenau,SC,Boa Vista,apartamento,venda,setembro/2026,outubro/2026,6782,6136,-9.5,19
Salvador,BA,Mussurunga I,apartamento,venda,setembro/2026,outubro/2026,5429,4906,-9.6,14
Blumenau,SC,Fortaleza,apartamento,venda,setembro/2026,outubro/2026,7000,6324,-9.7,83
Guarulhos,SP,Vila Harmonia,apartamento,venda,setembro/2026,outubro/2026,5416,4892,-9.7,10
Maceió,AL,Barro Duro,apartamento,venda,setembro/2026,outubro/2026,7875,7111,-9.7,34
Blumenau,SC,Passo Manso,apartamento,venda,setembro/2026,outubro/2026,5255,4738,-9.8,28
Salvador,BA,Praia do Flamengo,apartamento,venda,setembro/2026,outubro/2026,9885,8911,-9.8,59
Itapoá,SC,Centro,apartamento,venda,setembro/2026,outubro/2026,9550,8599,-10.0,49
São Paulo,SP,Jardim Brasília (Zona Leste),apartamento,venda,setembro/2026,outubro/2026,6071,5461,-10.0,11
Salvador,BA,Stella Maris,apartamento,venda,setembro/2026,outubro/2026,8706,7830,-10.1,89
Salvador,BA,Amaralina,apartamento,venda,setembro/2026,outubro/2026,6500,5846,-10.1,71
Fortaleza,CE,Jangurussu,apartamento,venda,setembro/2026,outubro/2026,3548,3190,-10.1,26
Rio de Janeiro,RJ,Riachuelo,apartamento,venda,setembro/2026,outubro/2026,3895,3500,-10.1,57
São Paulo,SP,Cidade Mãe do Céu,apartamento,venda,setembro/2026,outubro/2026,14586,13097,-10.2,42
Curitiba,PR,Bacacheri,apartamento,venda,setembro/2026,outubro/2026,9156,8220,-10.2,56
Guarulhos,SP,Mikail II,apartamento,venda,setembro/2026,outubro/2026,4753,4267,-10.2,12
São Paulo,SP,Vila Bertioga,apartamento,venda,setembro/2026,outubro/2026,11237,10083,-10.3,28
Guarulhos,SP,Bom Clima,apartamento,venda,setembro/2026,outubro/2026,5818,5221,-10.3,15
Belém,PA,Reduto,apartamento,venda,setembro/2026,outubro/2026,8178,7333,-10.3,23
Cuiabá,MT,Jardim Guanabara,apartamento,venda,setembro/2026,outubro/2026,7000,6277,-10.3,10
Curitiba,PR,Guabirotuba,apartamento,venda,setembro/2026,outubro/2026,9938,8906,-10.4,13
São Paulo,SP,Brooklin,apartamento,venda,setembro/2026,outubro/2026,16558,14815,-10.5,281
Rio de Janeiro,RJ,Brás de Pina,apartamento,venda,setembro/2026,outubro/2026,2962,2649,-10.6,77
São Paulo,SP,Jardim Japão,apartamento,venda,setembro/2026,outubro/2026,8516,7605,-10.7,17
São Paulo,SP,Chácara Nossa Senhora do Bom Conselho,apartamento,venda,setembro/2026,outubro/2026,7000,6250,-10.7,23
Curitiba,PR,Pinheirinho,apartamento,venda,setembro/2026,outubro/2026,7166,6398,-10.7,30
Florianópolis,SC,João Paulo,apartamento,venda,setembro/2026,outubro/2026,14313,12763,-10.8,187
Belo Horizonte,MG,Savassi,apartamento,venda,setembro/2026,outubro/2026,17320,15441,-10.8,318
Belém,PA,Nazaré,apartamento,venda,setembro/2026,outubro/2026,9789,8721,-10.9,97
Blumenau,SC,Badenfurt,apartamento,venda,setembro/2026,outubro/2026,5667,5048,-10.9,24
Curitiba,PR,Novo Mundo,apartamento,venda,setembro/2026,outubro/2026,9623,8553,-11.1,48
Curitiba,PR,Boqueirão,apartamento,venda,setembro/2026,outubro/2026,7382,6554,-11.2,10
São Paulo,SP,Consolação,apartamento,venda,setembro/2026,outubro/2026,12880,11411,-11.4,292
Belo Horizonte,MG,São Geraldo,apartamento,venda,setembro/2026,outubro/2026,6980,6181,-11.5,24
Cascavel,PR,Fag,apartamento,venda,setembro/2026,outubro/2026,5758,5096,-11.5,26
Curitiba,PR,Portão,apartamento,venda,setembro/2026,outubro/2026,10565,9351,-11.5,45
Belo Horizonte,MG,Centro,apartamento,venda,setembro/2026,outubro/2026,7635,6757,-11.5,224
Belém,PA,Marambaia,apartamento,venda,setembro/2026,outubro/2026,7947,7031,-11.5,10
Florianópolis,SC,Coloninha,apartamento,venda,setembro/2026,outubro/2026,10625,9398,-11.6,17
Cuiabá,MT,Miguel Sutil,apartamento,venda,setembro/2026,outubro/2026,4500,3980,-11.6,28
Rio de Janeiro,RJ,Recreio dos Bandeirantes,apartamento,venda,setembro/2026,outubro/2026,7408,6546,-11.6,334
São Paulo,SP,Jardim Anália Franco,apartamento,venda,setembro/2026,outubro/2026,12282,10850,-11.7,387
Fortaleza,CE,Mondubim,apartamento,venda,setembro/2026,outubro/2026,5381,4750,-11.7,67
Manaus,AM,Da Paz,apartamento,venda,setembro/2026,outubro/2026,5476,4833,-11.7,11
Itapoá,SC,Paese,apartamento,venda,setembro/2026,outubro/2026,8791,7756,-11.8,35
Balneário Camboriú,SC,Barra,apartamento,venda,setembro/2026,outubro/2026,11589,10224,-11.8,14
Santos,SP,Aparecida,apartamento,venda,setembro/2026,outubro/2026,9559,8429,-11.8,208
Campinas,SP,São Bernardo,apartamento,venda,setembro/2026,outubro/2026,6220,5482,-11.9,53
Fortaleza,CE,Parreão,apartamento,venda,setembro/2026,outubro/2026,6859,6034,-12.0,20
Itapoá,SC,Rainha do Mar,apartamento,venda,setembro/2026,outubro/2026,10909,9589,-12.1,53
São Paulo,SP,Guapira,apartamento,venda,setembro/2026,outubro/2026,5544,4865,-12.2,15
Campo Grande,MS,Jardim São Lourenço,apartamento,venda,setembro/2026,outubro/2026,4745,4164,-12.2,14
Florianópolis,SC,Campeche,apartamento,venda,setembro/2026,outubro/2026,17096,15000,-12.3,320
Santos,SP,Boqueirão,apartamento,venda,setembro/2026,outubro/2026,10000,8772,-12.3,399
Fortaleza,CE,Parangaba,apartamento,venda,setembro/2026,outubro/2026,6381,5595,-12.3,38
Curitiba,PR,Xaxim,apartamento,venda,setembro/2026,outubro/2026,6035,5283,-12.5,12
Rio de Janeiro,RJ,Cavalcanti,apartamento,venda,setembro/2026,outubro/2026,2604,2279,-12.5,41
Belo Horizonte,MG,São Bento,apartamento,venda,setembro/2026,outubro/2026,14322,12520,-12.6,27
Blumenau,SC,Vorstadt,apartamento,venda,setembro/2026,outubro/2026,8581,7492,-12.7,45
Maceió,AL,Centro,apartamento,venda,setembro/2026,outubro/2026,6000,5236,-12.7,11
Curitiba,PR,Campina do Siqueira,apartamento,venda,setembro/2026,outubro/2026,14031,12231,-12.8,53
Florianópolis,SC,Pântano do Sul,apartamento,venda,setembro/2026,outubro/2026,14297,12421,-13.1,34
Curitiba,PR,Rebouças,apartamento,venda,setembro/2026,outubro/2026,11087,9630,-13.1,52
Uberaba,MG,Residencial Doutor Abel Reis,apartamento,venda,setembro/2026,outubro/2026,4832,4196,-13.2,16
São Paulo,SP,Jardim Brasília,apartamento,venda,setembro/2026,outubro/2026,5893,5115,-13.2,12
Fortaleza,CE,Barra do Ceará,apartamento,venda,setembro/2026,outubro/2026,5647,4900,-13.2,15
Blumenau,SC,Fortaleza Alta,apartamento,venda,setembro/2026,outubro/2026,6619,5735,-13.3,18
Campo Grande,MS,Chácara Cachoeira,apartamento,venda,setembro/2026,outubro/2026,11084,9600,-13.4,22
Belém,PA,Coqueiro,apartamento,venda,setembro/2026,outubro/2026,5846,5056,-13.5,18
Curitiba,PR,Juvevê,apartamento,venda,setembro/2026,outubro/2026,13756,11892,-13.6,81
Recife,PE,Guabiraba,apartamento,venda,setembro/2026,outubro/2026,4452,3846,-13.6,16
Blumenau,SC,Victor Konder,apartamento,venda,setembro/2026,outubro/2026,9078,7842,-13.6,261
Rio de Janeiro,RJ,Ipanema,apartamento,venda,setembro/2026,outubro/2026,21910,18842,-14.0,178
Rio de Janeiro,RJ,Colégio,apartamento,venda,setembro/2026,outubro/2026,4130,3550,-14.0,38
Salvador,BA,Alphaville II,apartamento,venda,setembro/2026,outubro/2026,8673,7442,-14.2,11
Blumenau,SC,Itoupava Central,apartamento,venda,setembro/2026,outubro/2026,6338,5435,-14.3,95
Rio de Janeiro,RJ,Barra da Tijuca,apartamento,venda,setembro/2026,outubro/2026,14167,12138,-14.3,676
Curitiba,PR,Cristo Rei,apartamento,venda,setembro/2026,outubro/2026,11061,9464,-14.4,93
Curitiba,PR,Guaíra,apartamento,venda,setembro/2026,outubro/2026,7138,6102,-14.5,38
Florianópolis,SC,Rio Vermelho,apartamento,venda,setembro/2026,outubro/2026,8742,7470,-14.5,24
Curitiba,PR,Mercês,apartamento,venda,setembro/2026,outubro/2026,14722,12547,-14.8,19
São Paulo,SP,Jardim Leonor Mendes de Barros,apartamento,venda,setembro/2026,outubro/2026,9520,8111,-14.8,21
São Paulo,SP,Parque Rebouças,apartamento,venda,setembro/2026,outubro/2026,8411,7162,-14.9,21
Rio de Janeiro,RJ,Anchieta,apartamento,venda,setembro/2026,outubro/2026,2429,2065,-15.0,53
São Paulo,SP,Vila Ester (Zona Norte),apartamento,venda,setembro/2026,outubro/2026,11063,9390,-15.1,32
Uberaba,MG,Residencial Estados Unidos,apartamento,venda,setembro/2026,outubro/2026,3500,2966,-15.3,17
Curitiba,PR,Campo Comprido,apartamento,venda,setembro/2026,outubro/2026,10579,8941,-15.5,33
Blumenau,SC,Garcia,apartamento,venda,setembro/2026,outubro/2026,6036,5096,-15.6,84
Salvador,BA,Federação,apartamento,venda,setembro/2026,outubro/2026,7824,6600,-15.6,114
Curitiba,PR,Cajuru,apartamento,venda,setembro/2026,outubro/2026,7865,6613,-15.9,30
Blumenau,SC,Vila Nova,apartamento,venda,setembro/2026,outubro/2026,8271,6952,-15.9,277
Florianópolis,SC,Coqueiros,apartamento,venda,setembro/2026,outubro/2026,11391,9573,-16.0,206
Belo Horizonte,MG,Lourdes,apartamento,venda,setembro/2026,outubro/2026,15806,13250,-16.2,520
São Paulo,SP,Barro Branco (Zona Norte),apartamento,venda,setembro/2026,outubro/2026,7333,6147,-16.2,25
Blumenau,SC,Água Verde,apartamento,venda,setembro/2026,outubro/2026,6739,5645,-16.2,109
Campinas,SP,Vila Mimosa,apartamento,venda,setembro/2026,outubro/2026,5926,4960,-16.3,14
São Paulo,SP,Chácara Santo Antônio (Zona Leste),apartamento,venda,setembro/2026,outubro/2026,10439,8696,-16.7,43
Blumenau,SC,Escola Agrícola,apartamento,venda,setembro/2026,outubro/2026,7530,6269,-16.7,118
Santos,SP,Embaré,apartamento,venda,setembro/2026,outubro/2026,9288,7719,-16.9,252
Cascavel,PR,Ciro Nardi,apartamento,venda,setembro/2026,outubro/2026,7460,6190,-17.0,11
Fortaleza,CE,Serrinha,apartamento,venda,setembro/2026,outubro/2026,5259,4364,-17.0,18
Curitiba,PR,São Francisco,apartamento,venda,setembro/2026,outubro/2026,11860,9834,-17.1,53
Blumenau,SC,Itoupava Norte,apartamento,venda,setembro/2026,outubro/2026,7274,6001,-17.5,100
Belo Horizonte,MG,São Francisco,apartamento,venda,setembro/2026,outubro/2026,6833,5635,-17.5,29
Santos,SP,Marapé,apartamento,venda,setembro/2026,outubro/2026,7804,6429,-17.6,123
Brasília,DF,Samambaia Norte,apartamento,venda,setembro/2026,outubro/2026,6109,5000,-18.2,14
Guarulhos,SP,Vila Camargos,apartamento,venda,setembro/2026,outubro/2026,7639,6250,-18.2,12
Blumenau,SC,Velha,apartamento,venda,setembro/2026,outubro/2026,8557,6975,-18.5,333
Santos,SP,Ponta da Praia,apartamento,venda,setembro/2026,outubro/2026,10166,8262,-18.7,226
Piracicaba,SP,Morumbi,apartamento,venda,setembro/2026,outubro/2026,4516,3664,-18.9,41
São Paulo,SP,Parque São Domingos,apartamento,venda,setembro/2026,outubro/2026,14500,11739,-19.0,18
Belo Horizonte,MG,São Cristóvão,apartamento,venda,setembro/2026,outubro/2026,11084,8920,-19.5,23
Curitiba,PR,Hugo Lange,apartamento,venda,setembro/2026,outubro/2026,12647,10143,-19.8,64
Curitiba,PR,Fanny,apartamento,venda,setembro/2026,outubro/2026,7321,5857,-20.0,19
Salvador,BA,Sete de Abril,apartamento,venda,setembro/2026,outubro/2026,3897,3111,-20.2,13
Blumenau,SC,Itoupava Seca,apartamento,venda,setembro/2026,outubro/2026,9335,7394,-20.8,200
Curitiba,PR,Atuba,apartamento,venda,setembro/2026,outubro/2026,7130,5625,-21.1,12
Blumenau,SC,Centro,apartamento,venda,setembro/2026,outubro/2026,10177,8014,-21.2,170
Fortaleza,CE,Praia do Futuro I,apartamento,venda,setembro/2026,outubro/2026,5689,4462,-21.6,24
Belo Horizonte,MG,Santo Antônio,apartamento,venda,setembro/2026,outubro/2026,12000,9384,-21.8,473
Curitiba,PR,Vila Izabel,apartamento,venda,setembro/2026,outubro/2026,12067,9372,-22.3,33
Curitiba,PR,Ahú,apartamento,venda,setembro/2026,outubro/2026,15625,11981,-23.3,10
São Paulo,SP,Vila Santo Estevão,apartamento,venda,setembro/2026,outubro/2026,10060,7693,-23.5,20
Salvador,BA,Cajazeiras XI,apartamento,venda,setembro/2026,outubro/2026,3333,2524,-24.3,10
Blumenau,SC,Bom Retiro,apartamento,venda,setembro/2026,outubro/2026,9751,7273,-25.4,28
Curitiba,PR,Alto da Glória,apartamento,venda,setembro/2026,outubro/2026,13925,10238,-26.5,72
São Paulo,SP,Conjunto Habitacional Santa Etelvina III,apartamento,venda,setembro/2026,outubro/2026,4780,3478,-27.2,11
Vitória,ES,Maruípe,apartamento,venda,setembro/2026,outubro/2026,7101,5085,-28.4,13
Fortaleza,CE,José de Alencar,apartamento,venda,setembro/2026,outubro/2026,6833,4454,-34.8,17
Rio de Janeiro,RJ,Glória,apartamento,venda,setembro/2026,outubro/2026,19253,12379,-35.7,64
Campinas,SP,Jardim São Vicente,apartamento,venda,setembro/2026,outubro/2026,8077,5182,-35.8,12
