cidade,bairro,tipo,modo,mediana_rs_m2,p25,p75,n_anuncios,yield_anual_pct,coleta
São Paulo,Aclimação,casa,venda,7254.0,5696.4,8637.5,92,6.95,outubro/2026
São Paulo,Aclimação,casa,aluguel,42.0,32.1,52.3,27,6.95,outubro/2026
São Paulo,Água Branca,casa,venda,7798.2,6246.0,10250.0,7,5.32,outubro/2026
São Paulo,Água Branca,casa,aluguel,34.6,28.9,42.0,6,5.32,outubro/2026
São Paulo,Água Fria,casa,venda,5909.1,4444.4,7481.3,87,6.58,outubro/2026
São Paulo,Água Fria,casa,aluguel,32.4,28.1,44.2,20,6.58,outubro/2026
São Paulo,Água Funda,casa,venda,4780.0,3969.7,4956.6,7,,outubro/2026
São Paulo,Água Rasa,casa,venda,6348.0,4512.5,8055.4,39,5.86,outubro/2026
São Paulo,Água Rasa,casa,aluguel,31.0,26.3,38.7,8,5.86,outubro/2026
São Paulo,Alto da Boa Vista,casa,venda,9335.7,7975.5,12444.4,57,6.02,outubro/2026
São Paulo,Alto da Boa Vista,casa,aluguel,46.8,32.1,60.4,14,6.02,outubro/2026
São Paulo,Alto da Lapa,casa,venda,8567.4,7270.8,9933.3,47,5.83,outubro/2026
São Paulo,Alto da Lapa,casa,aluguel,41.6,29.9,53.1,16,5.83,outubro/2026
São Paulo,Alto da Mooca,casa,venda,5536.7,4812.0,7835.8,57,6.35,outubro/2026
São Paulo,Alto da Mooca,casa,aluguel,29.3,24.2,39.7,15,6.35,outubro/2026
São Paulo,Alto da Riviera,casa,venda,3036.8,2555.0,4138.4,6,,outubro/2026
São Paulo,Alto de Pinheiros,casa,venda,12990.0,10204.1,16863.1,189,5.2,outubro/2026
São Paulo,Alto de Pinheiros,casa,aluguel,56.3,40.0,64.0,25,5.2,outubro/2026
São Paulo,Alto de Santana,casa,venda,4743.0,4056.0,5362.5,6,,outubro/2026
São Paulo,Altos de Vila Prudente,casa,venda,3466.7,2937.5,3974.8,10,,outubro/2026
São Paulo,Americanópolis,casa,venda,4394.2,3375.0,5629.4,30,6.69,outubro/2026
São Paulo,Americanópolis,casa,aluguel,24.5,22.2,30.2,9,6.69,outubro/2026
São Paulo,Anhangüera,casa,venda,4568.5,3693.8,5063.7,6,,outubro/2026
São Paulo,Aricanduva,casa,venda,4642.1,3478.6,5715.3,32,,outubro/2026
São Paulo,Artur Alvim,casa,venda,4722.2,3730.2,6048.4,29,7.32,outubro/2026
São Paulo,Artur Alvim,casa,aluguel,28.8,19.7,32.5,9,7.32,outubro/2026
São Paulo,Associação Sobradinho,casa,venda,2213.9,1606.9,3662.5,6,,outubro/2026
São Paulo,Balneário Mar Paulista,casa,venda,3565.2,2519.4,4852.9,5,,outubro/2026
São Paulo,Balneário São Francisco,casa,venda,3872.8,3013.0,6108.3,7,,outubro/2026
São Paulo,Balneário São José,casa,venda,3120.0,2656.2,3560.0,11,,outubro/2026
São Paulo,Barra Funda,casa,venda,6180.0,5850.4,8622.2,6,8.99,outubro/2026
São Paulo,Barra Funda,casa,aluguel,46.3,29.5,68.2,5,8.99,outubro/2026
São Paulo,Barro Branco (Zona Norte),casa,venda,5312.5,4622.0,6250.0,29,,outubro/2026
São Paulo,Bela Aliança,casa,venda,7331.6,6159.2,8777.9,40,,outubro/2026
São Paulo,Bela Vista,casa,venda,6629.6,4410.5,9609.6,184,10.26,outubro/2026
São Paulo,Bela Vista,casa,aluguel,56.7,40.2,66.6,21,10.26,outubro/2026
São Paulo,Belém,casa,venda,5350.0,4226.2,6535.7,11,7.58,outubro/2026
São Paulo,Belém,casa,aluguel,33.8,26.4,50.5,8,7.58,outubro/2026
São Paulo,Belenzinho,casa,venda,5598.3,5186.4,6841.6,26,,outubro/2026
São Paulo,Boaçava,casa,venda,12486.2,10209.0,14895.4,20,4.44,outubro/2026
São Paulo,Boaçava,casa,aluguel,46.2,42.0,56.9,6,4.44,outubro/2026
São Paulo,Bortolândia,casa,venda,4333.3,3468.4,5838.7,47,,outubro/2026
São Paulo,Bosque da Saúde,casa,venda,6278.3,4922.2,7711.1,142,5.94,outubro/2026
São Paulo,Bosque da Saúde,casa,aluguel,31.1,24.1,41.0,36,5.94,outubro/2026
São Paulo,Brás,casa,venda,6689.0,5589.4,8194.4,11,,outubro/2026
São Paulo,Brasilândia,casa,venda,2805.8,2387.0,3610.9,20,10.65,outubro/2026
São Paulo,Brasilândia,casa,aluguel,24.9,21.6,34.4,6,10.65,outubro/2026
São Paulo,Brooklin,casa,venda,9818.2,7201.7,12500.0,134,5.52,outubro/2026
São Paulo,Brooklin,casa,aluguel,45.2,37.9,51.7,47,5.52,outubro/2026
São Paulo,Brooklin Novo,casa,venda,10000.0,8818.2,12543.9,35,4.55,outubro/2026
São Paulo,Brooklin Novo,casa,aluguel,37.9,31.8,48.3,5,4.55,outubro/2026
São Paulo,Brooklin Paulista,casa,venda,8421.1,6383.0,12349.8,89,6.71,outubro/2026
São Paulo,Brooklin Paulista,casa,aluguel,47.1,35.6,58.9,19,6.71,outubro/2026
São Paulo,Brooklin Velho,casa,venda,7058.8,6118.0,10173.6,15,,outubro/2026
São Paulo,Burgo Paulista,casa,venda,4807.7,3617.8,6363.6,30,,outubro/2026
São Paulo,Butantã,casa,venda,5138.1,3930.0,6469.6,232,8.03,outubro/2026
São Paulo,Butantã,casa,aluguel,34.4,25.1,40.6,43,8.03,outubro/2026
São Paulo,Cachoeirinha,casa,venda,3629.6,2969.4,4873.9,21,,outubro/2026
São Paulo,Cambuci,casa,venda,5246.5,3994.3,7162.1,94,7.59,outubro/2026
São Paulo,Cambuci,casa,aluguel,33.2,25.8,39.6,22,7.59,outubro/2026
São Paulo,Campininha,casa,venda,6782.4,5016.7,8636.9,10,,outubro/2026
São Paulo,Campo Belo,casa,venda,7500.0,5833.3,9875.0,537,6.93,outubro/2026
São Paulo,Campo Belo,casa,aluguel,43.3,36.1,55.7,80,6.93,outubro/2026
São Paulo,Campo Grande,casa,venda,6174.2,4719.1,6634.1,23,5.83,outubro/2026
São Paulo,Campo Grande,casa,aluguel,30.0,28.6,36.3,8,5.83,outubro/2026
São Paulo,Campo Limpo,casa,venda,5240.3,4006.9,6457.4,94,9.34,outubro/2026
São Paulo,Campo Limpo,casa,aluguel,40.8,32.5,43.8,6,9.34,outubro/2026
São Paulo,Cangaíba,casa,venda,4400.0,3430.4,5561.4,43,7.17,outubro/2026
São Paulo,Cangaíba,casa,aluguel,26.3,21.5,30.1,18,7.17,outubro/2026
São Paulo,Canindé,casa,venda,8500.0,7929.1,9279.4,7,,outubro/2026
São Paulo,Capão do Embira,casa,venda,4050.0,3282.3,5142.5,22,,outubro/2026
São Paulo,Capão Redondo,casa,venda,3698.5,2808.9,4295.5,14,,outubro/2026
São Paulo,Capela do Socorro,casa,venda,6252.2,4117.9,6913.5,7,,outubro/2026
São Paulo,Carandiru,casa,venda,5353.8,4010.7,6331.8,15,8.41,outubro/2026
São Paulo,Carandiru,casa,aluguel,37.5,30.0,41.7,5,8.41,outubro/2026
São Paulo,Casa Verde,casa,venda,5656.2,3918.8,6486.0,28,5.75,outubro/2026
São Paulo,Casa Verde,casa,aluguel,27.1,25.0,32.8,12,5.75,outubro/2026
São Paulo,Casa Verde Alta,casa,venda,4570.0,3541.7,6518.8,19,8.74,outubro/2026
São Paulo,Casa Verde Alta,casa,aluguel,33.3,22.0,34.3,5,8.74,outubro/2026
São Paulo,Casa Verde Média,casa,venda,5555.6,4166.7,6666.7,21,,outubro/2026
São Paulo,Catumbi,casa,venda,8833.3,6785.7,9890.1,5,,outubro/2026
São Paulo,Caxingui,casa,venda,6600.0,5285.4,9070.3,15,5.42,outubro/2026
São Paulo,Caxingui,casa,aluguel,29.8,15.9,33.0,6,5.42,outubro/2026
São Paulo,Cerqueira César,casa,venda,14350.9,10670.3,15227.3,8,,outubro/2026
São Paulo,Chácara Belenzinho,casa,venda,4800.0,3518.5,6500.0,101,5.62,outubro/2026
São Paulo,Chácara Belenzinho,casa,aluguel,22.5,20.2,27.3,11,5.62,outubro/2026
São Paulo,Chácara Califórnia,casa,venda,6202.0,5156.2,8146.4,24,,outubro/2026
São Paulo,Chácara Cocaia,casa,venda,2000.0,1933.3,3921.6,5,,outubro/2026
São Paulo,Chácara Cruzeiro do Sul,casa,venda,5433.1,3777.8,6030.5,17,,outubro/2026
São Paulo,Chácara das Corujas,casa,venda,3230.0,2929.9,3400.0,5,,outubro/2026
São Paulo,Chácara do Encosto,casa,venda,5500.0,3611.1,7000.0,21,,outubro/2026
São Paulo,Chácara Figueira Grande,casa,venda,3542.4,3168.8,4532.8,10,,outubro/2026
São Paulo,Chácara Flora,casa,venda,15652.3,11608.2,17512.7,7,,outubro/2026
São Paulo,Chácara Inglesa,casa,venda,6376.7,4595.8,7458.3,64,6.57,outubro/2026
São Paulo,Chácara Inglesa,casa,aluguel,34.9,28.4,39.2,8,6.57,outubro/2026
São Paulo,Chácara Japonesa,casa,venda,6909.7,5475.1,8065.0,42,,outubro/2026
São Paulo,Chácara Klabin,casa,venda,9025.3,7763.9,10123.0,23,5.93,outubro/2026
São Paulo,Chácara Klabin,casa,aluguel,44.6,42.8,48.9,6,5.93,outubro/2026
São Paulo,Chácara Mafalda,casa,venda,5357.1,4471.4,6969.7,53,4.77,outubro/2026
São Paulo,Chácara Mafalda,casa,aluguel,21.3,18.9,22.6,6,4.77,outubro/2026
São Paulo,Chácara Monte Alegre,casa,venda,8316.5,5052.1,10702.7,24,,outubro/2026
São Paulo,Chácara Nossa Senhora Aparecida,casa,venda,5273.3,3883.7,6839.5,12,,outubro/2026
São Paulo,Chácara Nossa Senhora do Bom Conselho,casa,venda,5377.4,4996.0,6051.0,21,,outubro/2026
São Paulo,Chácara Santa Etelvina,casa,venda,4400.0,3840.0,4600.0,5,,outubro/2026
São Paulo,Chácara Santa Maria,casa,venda,3585.7,2761.1,4284.3,18,,outubro/2026
São Paulo,Chácara Santana,casa,venda,4300.0,3181.8,5250.0,18,,outubro/2026
São Paulo,Chácara Santo Antônio (Zona Leste),casa,venda,6351.5,4834.6,8692.6,24,,outubro/2026
São Paulo,Chácara Santo Antônio (Zona Sul),casa,venda,9090.9,7445.7,10830.7,43,4.7,outubro/2026
São Paulo,Chácara Santo Antônio (Zona Sul),casa,aluguel,35.6,29.3,49.3,12,4.7,outubro/2026
São Paulo,Chácara São João,casa,venda,3553.3,2612.5,4916.4,22,,outubro/2026
São Paulo,Chácara Seis de Outubro,casa,venda,5408.3,4310.6,6706.3,19,4.88,outubro/2026
São Paulo,Chácara Seis de Outubro,casa,aluguel,22.0,21.9,26.7,5,4.88,outubro/2026
São Paulo,Chácara Tatuapé,casa,venda,7919.4,6154.4,9307.2,16,,outubro/2026
São Paulo,Chora Menino,casa,venda,4680.9,4052.5,5765.1,30,,outubro/2026
São Paulo,Cidade Ademar,casa,venda,4400.0,3280.9,5732.1,27,,outubro/2026
São Paulo,Cidade Antônio Estevão de Carvalho,casa,venda,4182.0,3285.9,5506.4,28,,outubro/2026
São Paulo,Cidade Centenário,casa,venda,4333.3,3200.0,5000.0,13,,outubro/2026
São Paulo,Cidade Continental,casa,venda,4087.3,3030.1,6459.2,16,,outubro/2026
São Paulo,Cidade Dabril,casa,venda,3635.5,2875.0,4611.1,10,,outubro/2026
São Paulo,Cidade Domitila,casa,venda,3177.3,2413.5,3969.4,26,,outubro/2026
São Paulo,Cidade dos Bandeirantes,casa,venda,4417.3,3706.8,4950.0,14,8.04,outubro/2026
São Paulo,Cidade dos Bandeirantes,casa,aluguel,29.6,28.3,34.5,5,8.04,outubro/2026
São Paulo,Cidade Dutra,casa,venda,4621.4,3611.1,5484.4,30,5.19,outubro/2026
São Paulo,Cidade Dutra,casa,aluguel,20.0,17.6,33.3,13,5.19,outubro/2026
São Paulo,Cidade Ipava,casa,venda,3066.7,2200.0,3214.3,5,,outubro/2026
São Paulo,Cidade Jardim,casa,venda,12526.1,8255.3,16321.2,51,5.71,outubro/2026
São Paulo,Cidade Jardim,casa,aluguel,59.6,45.1,73.4,8,5.71,outubro/2026
São Paulo,Cidade Júlia,casa,venda,3020.0,2511.2,4965.0,8,,outubro/2026
São Paulo,Cidade Kemel,casa,venda,3282.4,2785.7,3712.5,21,8.04,outubro/2026
São Paulo,Cidade Kemel,casa,aluguel,22.0,17.8,22.0,5,8.04,outubro/2026
São Paulo,Cidade Líder,casa,venda,4885.1,3461.5,5600.0,65,7.42,outubro/2026
São Paulo,Cidade Líder,casa,aluguel,30.2,20.0,38.5,8,7.42,outubro/2026
São Paulo,Cidade Mãe do Céu,casa,venda,6288.9,5044.9,8335.5,58,5.27,outubro/2026
São Paulo,Cidade Mãe do Céu,casa,aluguel,27.6,19.4,42.9,19,5.27,outubro/2026
São Paulo,Cidade Monções,casa,venda,9446.4,8444.6,11700.0,16,,outubro/2026
São Paulo,Cidade Nitro Operária,casa,venda,4103.7,2700.0,5191.8,12,,outubro/2026
São Paulo,Cidade Nova São Miguel,casa,venda,4621.4,4161.8,5064.3,8,,outubro/2026
São Paulo,Cidade Patriarca,casa,venda,5000.0,4235.8,6484.1,106,6.94,outubro/2026
São Paulo,Cidade Patriarca,casa,aluguel,28.9,25.0,34.2,10,6.94,outubro/2026
São Paulo,Cidade São Francisco,casa,venda,5560.7,4665.9,6820.7,40,7.19,outubro/2026
São Paulo,Cidade São Francisco,casa,aluguel,33.3,27.3,37.1,11,7.19,outubro/2026
São Paulo,Cidade São Mateus,casa,venda,3888.9,2888.4,4722.5,23,8.08,outubro/2026
São Paulo,Cidade São Mateus,casa,aluguel,26.2,22.5,29.4,6,8.08,outubro/2026
São Paulo,Cidade São Miguel,casa,venda,4324.4,3499.5,5366.7,6,,outubro/2026
São Paulo,Cidade Satélite Santa Bárbara,casa,venda,3206.7,2617.4,3676.7,14,,outubro/2026
São Paulo,Cidade Tiradentes,casa,venda,2171.8,2098.4,2528.8,10,,outubro/2026
São Paulo,Cidade Vargas,casa,venda,5131.0,3753.3,6688.6,36,,outubro/2026
São Paulo,City América,casa,venda,5334.3,4514.4,6491.2,74,6.61,outubro/2026
São Paulo,City América,casa,aluguel,29.4,22.3,31.4,6,6.61,outubro/2026
São Paulo,City Recanto Anastácio,casa,venda,6770.8,5773.8,7636.8,27,,outubro/2026
São Paulo,Colônia (Zona Sul),casa,venda,2000.0,1200.0,2613.5,15,,outubro/2026
São Paulo,Conceição,casa,venda,7000.0,6444.4,11011.2,5,,outubro/2026
São Paulo,Conjunto Habitacional A e Carvalho,casa,venda,3440.4,2477.9,4711.1,5,,outubro/2026
São Paulo,Conjunto Habitacional Águia de Haia,casa,venda,2805.7,2500.0,3022.5,5,,outubro/2026
São Paulo,Conjunto Habitacional Barreira Grande,casa,venda,3120.8,2955.3,4094.5,8,,outubro/2026
São Paulo,Conjunto Habitacional Brigadeiro Faria Lima,casa,venda,3312.5,2461.5,4285.7,21,,outubro/2026
São Paulo,Conjunto Habitacional Castro Alves,casa,venda,2160.0,1800.0,2659.6,13,,outubro/2026
São Paulo,Conjunto Habitacional Inácio Monteiro,casa,venda,2119.6,1794.9,2529.8,18,,outubro/2026
São Paulo,Conjunto Habitacional Instituto Adventista,casa,venda,2875.0,1900.0,3333.3,9,,outubro/2026
São Paulo,Conjunto Habitacional Jardim São Bento,casa,venda,3307.7,3040.0,5000.0,9,,outubro/2026
São Paulo,Conjunto Habitacional Jova Rural,casa,venda,3300.0,2510.8,3875.0,11,,outubro/2026
São Paulo,Conjunto Habitacional Juscelino Kubitschek,casa,venda,1800.0,1374.6,2076.9,17,,outubro/2026
São Paulo,Conjunto Habitacional Marechal Mascarenhas de Morais,casa,venda,3446.3,3042.3,4458.3,28,,outubro/2026
São Paulo,Conjunto Habitacional Padre José de Anchieta,casa,venda,4153.8,3846.2,4640.0,9,,outubro/2026
São Paulo,Conjunto Habitacional Sitio Conceição,casa,venda,1894.6,1575.0,1997.3,6,,outubro/2026
São Paulo,Conjunto Habitacional Teotonio Vilela,casa,venda,4114.3,3267.3,4778.7,6,,outubro/2026
São Paulo,Conjunto Habitacional Turística,casa,venda,3500.0,2642.9,4738.7,11,,outubro/2026
São Paulo,Conjunto Promorar Sapopemba,casa,venda,2678.2,1523.5,4040.0,8,,outubro/2026
São Paulo,Conjunto Residencial Alpes do Jaraguá,casa,venda,3040.0,2350.0,3937.5,7,,outubro/2026
São Paulo,Conjunto Residencial Jardim Canaã,casa,venda,4353.3,3492.1,5340.3,62,,outubro/2026
São Paulo,Conjunto Residencial José Bonifácio,casa,venda,2963.2,2500.0,3564.3,8,,outubro/2026
São Paulo,Conjunto Residencial Novo Pacaembu,casa,venda,5695.2,4668.6,7192.6,14,,outubro/2026
São Paulo,Conjunto Residencial Prestes Maia,casa,venda,2111.2,1946.7,2766.2,10,,outubro/2026
São Paulo,Conjunto Residencial Salvador Tolezani,casa,venda,5284.1,3584.3,6546.5,8,,outubro/2026
São Paulo,Conjunto Residencial Santa Terezinha,casa,venda,6809.3,5333.3,8100.0,25,,outubro/2026
São Paulo,Conjunto Residencial Sitio Oratório,casa,venda,4075.0,3220.2,4546.9,16,,outubro/2026
São Paulo,Conjunto Residencial Vista Verde,casa,venda,5000.0,4416.7,5561.8,33,,outubro/2026
São Paulo,Consolação,casa,venda,9000.0,7366.1,11666.8,11,7.96,outubro/2026
São Paulo,Consolação,casa,aluguel,59.7,53.1,77.6,9,7.96,outubro/2026
São Paulo,Cupecê,casa,venda,5600.0,4449.6,6363.6,21,,outubro/2026
São Paulo,Cursino,casa,venda,5497.8,4472.5,7213.2,68,,outubro/2026
São Paulo,Educandário,casa,venda,3587.7,3025.2,4545.5,5,,outubro/2026
São Paulo,Eldorado,casa,venda,2820.5,2000.0,4450.0,25,,outubro/2026
São Paulo,Engenheiro Goulart,casa,venda,4554.8,4035.3,5634.3,26,,outubro/2026
São Paulo,Ermelino Matarazzo,casa,venda,4674.6,3745.7,5822.7,62,5.13,outubro/2026
São Paulo,Ermelino Matarazzo,casa,aluguel,20.0,15.9,25.0,11,5.13,outubro/2026
São Paulo,Fazenda Aricanduva,casa,venda,4639.9,4251.3,5616.2,11,,outubro/2026
São Paulo,Fazenda da Juta,casa,venda,3190.0,2583.3,3292.7,13,,outubro/2026
São Paulo,Fazenda Morumbi,casa,venda,6680.0,5581.1,7262.2,11,,outubro/2026
São Paulo,Ferreira,casa,venda,6072.8,4975.0,7162.7,32,,outubro/2026
São Paulo,Flor da Cantareira,casa,venda,1900.5,1843.5,2205.3,7,,outubro/2026
São Paulo,Freguesia do Ó,casa,venda,4369.9,3529.4,5300.0,41,7.69,outubro/2026
São Paulo,Freguesia do Ó,casa,aluguel,28.0,22.6,33.0,26,7.69,outubro/2026
São Paulo,Furnas,casa,venda,3195.5,2368.4,3400.0,17,,outubro/2026
São Paulo,Grajaú,casa,venda,3135.1,2333.3,4214.3,25,,outubro/2026
São Paulo,Granja Julieta,casa,venda,11289.6,9516.7,12329.5,36,,outubro/2026
São Paulo,Guaianases,casa,venda,3348.3,2076.1,5066.7,20,,outubro/2026
São Paulo,Guaiaúna,casa,venda,4083.3,3768.9,4902.7,7,,outubro/2026
São Paulo,Guapira,casa,venda,3949.0,3474.1,4233.4,6,,outubro/2026
São Paulo,Guarapiranga,casa,venda,3889.6,3040.6,4693.0,11,,outubro/2026
São Paulo,Higienópolis,casa,venda,10592.7,8576.9,13463.7,18,8.55,outubro/2026
São Paulo,Higienópolis,casa,aluguel,75.5,50.9,92.7,18,8.55,outubro/2026
São Paulo,Horto,casa,venda,5375.0,4189.8,6150.8,23,,outubro/2026
São Paulo,Horto do Ipê,casa,venda,6292.1,5159.6,7166.7,11,,outubro/2026
São Paulo,Horto Florestal,casa,venda,5759.2,4559.2,7157.5,79,5.42,outubro/2026
São Paulo,Horto Florestal,casa,aluguel,26.0,25.0,41.7,8,5.42,outubro/2026
São Paulo,Imirim,casa,venda,5241.0,4372.5,6328.3,63,6.91,outubro/2026
São Paulo,Imirim,casa,aluguel,30.2,28.4,32.2,8,6.91,outubro/2026
São Paulo,Indaiatuba,casa,venda,8888.9,6794.6,11437.3,7,,outubro/2026
São Paulo,Indianópolis,casa,venda,7607.7,5860.5,9415.6,58,7.21,outubro/2026
São Paulo,Indianópolis,casa,aluguel,45.7,37.5,74.0,21,7.21,outubro/2026
São Paulo,Instituto de Previdência,casa,venda,5200.0,4222.2,7623.2,39,7.06,outubro/2026
São Paulo,Instituto de Previdência,casa,aluguel,30.6,26.3,41.0,6,7.06,outubro/2026
São Paulo,Interlagos,casa,venda,5172.4,4165.5,6600.8,115,7.93,outubro/2026
São Paulo,Interlagos,casa,aluguel,34.2,27.8,45.2,12,7.93,outubro/2026
São Paulo,Ipiranga,casa,venda,5747.1,4250.0,7844.5,711,7.31,outubro/2026
São Paulo,Ipiranga,casa,aluguel,35.0,26.0,44.0,66,7.31,outubro/2026
São Paulo,Itaberaba,casa,venda,5595.7,3923.6,6358.4,12,,outubro/2026
São Paulo,Itaim Bibi,casa,venda,15037.6,11225.0,18378.9,21,6.53,outubro/2026
São Paulo,Itaim Bibi,casa,aluguel,81.8,65.2,93.8,9,6.53,outubro/2026
São Paulo,Itaim Paulista,casa,venda,4160.3,2838.3,4707.2,30,,outubro/2026
São Paulo,Itaquera,casa,venda,5200.0,3909.1,5999.3,81,5.54,outubro/2026
São Paulo,Itaquera,casa,aluguel,24.0,18.8,34.1,37,5.54,outubro/2026
São Paulo,Jabaquara,casa,venda,5000.0,3750.0,6305.6,108,7.56,outubro/2026
São Paulo,Jabaquara,casa,aluguel,31.5,26.0,33.9,25,7.56,outubro/2026
São Paulo,Jaçanã,casa,venda,5142.9,4253.3,6333.3,65,,outubro/2026
São Paulo,Jaguaré,casa,venda,4355.4,3709.7,5653.3,81,8.6,outubro/2026
São Paulo,Jaguaré,casa,aluguel,31.2,20.8,37.8,19,8.6,outubro/2026
São Paulo,Jaraguá,casa,venda,3716.2,2900.0,5000.0,55,7.98,outubro/2026
São Paulo,Jaraguá,casa,aluguel,24.7,20.1,27.2,8,7.98,outubro/2026
São Paulo,Jardim Adalgisa,casa,venda,5300.0,5062.0,7260.1,7,,outubro/2026
São Paulo,Jardim Adutora,casa,venda,4104.6,3640.6,4574.7,8,,outubro/2026
São Paulo,Jardim Aeroporto,casa,venda,5360.0,4591.2,6070.5,31,6.67,outubro/2026
São Paulo,Jardim Aeroporto,casa,aluguel,29.8,20.8,35.7,9,6.67,outubro/2026
São Paulo,Jardim Aladim,casa,venda,2631.6,1960.8,3757.4,7,,outubro/2026
São Paulo,Jardim Almanara,casa,venda,4778.6,3564.3,5214.3,9,,outubro/2026
São Paulo,Jardim Alpino,casa,venda,3030.3,2640.0,4320.7,13,,outubro/2026
São Paulo,Jardim Alto Alegre (São Rafael),casa,venda,2652.4,1980.5,3079.3,7,,outubro/2026
São Paulo,Jardim Alto Pedroso,casa,venda,3812.5,3375.0,4101.3,15,,outubro/2026
São Paulo,Jardim Alviverde,casa,venda,1400.0,1140.0,2150.0,7,,outubro/2026
São Paulo,Jardim Alvorada (Zona Oeste),casa,venda,3840.0,3206.1,5156.5,47,,outubro/2026
São Paulo,Jardim Alzira,casa,venda,4525.6,3992.2,5929.4,22,,outubro/2026
São Paulo,Jardim Amália,casa,venda,3700.0,3591.3,4073.1,11,,outubro/2026
São Paulo,Jardim Amaralina,casa,venda,4912.3,4535.7,5590.9,6,,outubro/2026
São Paulo,Jardim América,casa,venda,13524.6,12725.0,16433.8,11,5.81,outubro/2026
São Paulo,Jardim América,casa,aluguel,65.5,58.1,75.7,6,5.81,outubro/2026
São Paulo,Jardim Ampliação,casa,venda,7246.4,4642.0,7959.2,6,,outubro/2026
São Paulo,Jardim Ana Lúcia,casa,venda,4160.0,3053.5,5208.3,11,,outubro/2026
São Paulo,Jardim Ana Maria,casa,venda,5200.0,4144.7,5814.0,29,,outubro/2026
São Paulo,Jardim Ana Rosa,casa,venda,5039.2,3533.3,6290.9,21,,outubro/2026
São Paulo,Jardim Anália Franco,casa,venda,7060.5,4879.0,9257.2,58,7.09,outubro/2026
São Paulo,Jardim Anália Franco,casa,aluguel,41.7,30.7,54.4,46,7.09,outubro/2026
São Paulo,Jardim Andaraí,casa,venda,3643.3,2853.0,6176.6,8,,outubro/2026
São Paulo,Jardim Ângela,casa,venda,4353.3,3120.4,5527.8,18,,outubro/2026
São Paulo,Jardim Angelina,casa,venda,3500.0,2400.0,3928.6,9,,outubro/2026
São Paulo,Jardim Anhangüera,casa,venda,5575.0,3703.0,6033.3,7,,outubro/2026
São Paulo,Jardim Aricanduva,casa,venda,5000.0,3992.6,6198.9,72,,outubro/2026
São Paulo,Jardim Arize,casa,venda,4688.2,3283.3,5362.5,16,,outubro/2026
São Paulo,Jardim Arizona,casa,venda,4687.5,4363.6,4921.2,5,,outubro/2026
São Paulo,Jardim Arpoador,casa,venda,4333.3,2896.6,5000.0,21,,outubro/2026
São Paulo,Jardim Artur Alvim,casa,venda,5267.9,3916.2,6223.2,40,,outubro/2026
São Paulo,Jardim Ataliba Leonel,casa,venda,3364.0,2591.6,4850.7,21,,outubro/2026
São Paulo,Jardim Aurélio,casa,venda,2712.4,2463.3,3058.0,6,,outubro/2026
São Paulo,Jardim Aurora (Zona Leste),casa,venda,4107.1,3355.3,4477.7,7,,outubro/2026
São Paulo,Jardim Avelino,casa,venda,6500.0,5173.6,7428.6,53,6.46,outubro/2026
São Paulo,Jardim Avelino,casa,aluguel,35.0,31.5,35.7,5,6.46,outubro/2026
São Paulo,Jardim Avenida,casa,venda,4718.8,3912.5,5335.0,20,,outubro/2026
São Paulo,Jardim Bandeirantes,casa,venda,2621.0,2560.0,5520.0,5,,outubro/2026
São Paulo,Jardim Bandeirantes (Zona Norte),casa,venda,4615.4,4230.8,4857.1,9,,outubro/2026
São Paulo,Jardim Bartira,casa,venda,2780.0,2425.7,3562.5,6,,outubro/2026
São Paulo,Jardim Batalha,casa,venda,5210.9,5120.0,6000.0,5,,outubro/2026
São Paulo,Jardim Beatriz,casa,venda,3647.1,3029.0,4107.1,19,,outubro/2026
São Paulo,Jardim Bela Vista (Zona Sul),casa,venda,4312.5,2894.7,4875.0,17,,outubro/2026
São Paulo,Jardim Belém,casa,venda,3653.6,2841.2,4833.3,8,,outubro/2026
São Paulo,Jardim Bélgica,casa,venda,6254.6,5804.5,7458.3,22,,outubro/2026
São Paulo,Jardim Bibi,casa,venda,5882.4,4714.3,8097.2,13,,outubro/2026
São Paulo,Jardim Boa Esperança,casa,venda,4321.0,4266.7,5000.0,9,,outubro/2026
São Paulo,Jardim Boa Vista (Zona Oeste),casa,venda,3725.0,2297.3,4666.7,13,,outubro/2026
São Paulo,Jardim Boa Vista (Zona Sul),casa,venda,2932.1,2471.8,3354.3,6,,outubro/2026
São Paulo,Jardim Bom Refúgio,casa,venda,3533.3,2647.1,3785.7,13,,outubro/2026
São Paulo,Jardim Bonfiglioli,casa,venda,5000.0,3996.5,6272.2,86,7.01,outubro/2026
São Paulo,Jardim Bonfiglioli,casa,aluguel,29.2,25.8,35.9,30,7.01,outubro/2026
São Paulo,Jardim Botucatu,casa,venda,3718.8,2941.2,4308.9,17,,outubro/2026
São Paulo,Jardim Brasil,casa,venda,3809.2,3071.4,5120.0,41,8.6,outubro/2026
São Paulo,Jardim Brasil,casa,aluguel,27.3,25.7,33.4,11,8.6,outubro/2026
São Paulo,Jardim Brasil (Zona Norte),casa,venda,4166.7,3209.9,5388.9,45,,outubro/2026
São Paulo,Jardim Brasil (Zona Sul),casa,venda,5029.9,4260.6,7630.2,7,,outubro/2026
São Paulo,Jardim Brasília,casa,venda,5434.0,3818.8,6068.2,35,,outubro/2026
São Paulo,Jardim Brasília (Zona Leste),casa,venda,4595.1,4242.3,5237.8,20,,outubro/2026
São Paulo,Jardim Brasília (Zona Norte),casa,venda,4240.0,3316.7,4605.3,9,,outubro/2026
São Paulo,Jardim Britânia,casa,venda,4381.8,2795.3,4797.6,10,,outubro/2026
São Paulo,Jardim Cabuçu,casa,venda,3333.3,2206.9,4602.9,11,,outubro/2026
São Paulo,Jardim Cachoeira,casa,venda,4090.9,3266.7,5261.6,19,,outubro/2026
São Paulo,Jardim Caguassu,casa,venda,3431.2,2837.7,3977.9,6,,outubro/2026
São Paulo,Jardim Camargo Novo,casa,venda,2483.3,1875.0,3420.0,19,,outubro/2026
São Paulo,Jardim Cambara,casa,venda,4448.8,3493.9,4775.3,11,,outubro/2026
São Paulo,Jardim Campo Grande,casa,venda,6923.0,5889.0,7745.8,14,,outubro/2026
São Paulo,Jardim Campo Limpo,casa,venda,4812.1,4078.9,5962.3,16,,outubro/2026
São Paulo,Jardim Campo Limpo (Zona Norte),casa,venda,4160.0,2884.6,5095.5,17,,outubro/2026
São Paulo,Jardim Campos,casa,venda,3600.0,2542.4,3840.0,9,,outubro/2026
São Paulo,Jardim Capão Redondo,casa,venda,3352.9,2840.0,3676.5,13,,outubro/2026
São Paulo,Jardim Capelinha,casa,venda,3541.9,2963.2,4145.2,6,,outubro/2026
São Paulo,Jardim Caravelas,casa,venda,7666.7,7475.0,9183.7,9,,outubro/2026
São Paulo,Jardim Carlu,casa,venda,4611.0,3750.8,5387.2,28,5.78,outubro/2026
São Paulo,Jardim Carlu,casa,aluguel,22.2,22.2,22.9,5,5.78,outubro/2026
São Paulo,Jardim Carolina,casa,venda,4181.9,3124.6,5299.7,6,,outubro/2026
São Paulo,Jardim Carombé,casa,venda,2289.3,1651.2,2886.0,12,,outubro/2026
São Paulo,Jardim Casa Grande,casa,venda,2400.0,2107.1,2500.0,5,,outubro/2026
São Paulo,Jardim Casa Pintada,casa,venda,3157.9,2635.8,4500.0,11,,outubro/2026
São Paulo,Jardim Casablanca,casa,venda,4000.0,2966.7,5000.0,9,,outubro/2026
São Paulo,Jardim Castro Alves,casa,venda,2283.3,2131.7,2768.2,6,,outubro/2026
São Paulo,Jardim Catanduva,casa,venda,4620.8,3545.6,5756.5,56,,outubro/2026
São Paulo,Jardim Catarina,casa,venda,4000.0,3530.8,4600.0,15,,outubro/2026
São Paulo,Jardim Cecy,casa,venda,3975.7,2835.8,5150.0,6,,outubro/2026
São Paulo,Jardim Celeste,casa,venda,4337.8,3508.3,5132.9,50,,outubro/2026
São Paulo,Jardim Centenário,casa,venda,3579.1,2709.7,5635.7,26,,outubro/2026
São Paulo,Jardim Cidade Pirituba,casa,venda,5065.1,4083.3,6038.5,35,,outubro/2026
São Paulo,Jardim Cidália,casa,venda,5630.8,4822.1,6827.5,24,,outubro/2026
São Paulo,Jardim Cláudia,casa,venda,4792.9,3542.3,5695.0,16,,outubro/2026
São Paulo,Jardim Clímax,casa,venda,3038.6,2774.6,3484.4,30,,outubro/2026
São Paulo,Jardim Cliper,casa,venda,4400.0,3100.0,5202.7,27,,outubro/2026
São Paulo,Jardim Coimbra,casa,venda,4545.5,3111.0,5808.2,31,,outubro/2026
São Paulo,Jardim Colombo,casa,venda,5000.0,4054.1,6204.4,21,,outubro/2026
São Paulo,Jardim Colonial,casa,venda,3125.0,2962.5,4302.9,11,,outubro/2026
São Paulo,Jardim Colorado,casa,venda,4142.9,2866.8,5440.5,26,,outubro/2026
São Paulo,Jardim Comercial,casa,venda,2360.0,2110.7,2664.3,7,,outubro/2026
São Paulo,Jardim Consolata,casa,venda,7611.1,4883.3,9054.9,7,,outubro/2026
São Paulo,Jardim Consórcio,casa,venda,4916.7,3585.4,5466.5,26,,outubro/2026
São Paulo,Jardim Cordeiro,casa,venda,10421.1,8571.4,11938.2,45,,outubro/2026
São Paulo,Jardim Cotching,casa,venda,5208.3,3114.3,5624.0,7,,outubro/2026
São Paulo,Jardim Cotiana,casa,venda,3647.2,2749.4,4788.5,35,,outubro/2026
São Paulo,Jardim Cotinha,casa,venda,4099.1,3204.3,5507.7,20,,outubro/2026
São Paulo,Jardim Cris,casa,venda,3427.5,3060.3,4503.4,6,,outubro/2026
São Paulo,Jardim Cristal,casa,venda,4742.3,4575.0,5200.0,5,,outubro/2026
São Paulo,Jardim Cruzeiro,casa,venda,3702.6,3590.0,4096.4,12,,outubro/2026
São Paulo,Jardim Cupecê,casa,venda,4538.5,4217.0,6416.2,19,,outubro/2026
São Paulo,Jardim da Campina,casa,venda,4572.4,2875.0,5350.0,17,,outubro/2026
São Paulo,Jardim da Conquista,casa,venda,3720.9,2539.2,4021.3,11,,outubro/2026
São Paulo,Jardim da Glória,casa,venda,6250.0,5100.0,7833.3,105,4.97,outubro/2026
São Paulo,Jardim da Glória,casa,aluguel,25.9,16.0,30.4,9,4.97,outubro/2026
São Paulo,Jardim da Pedreira,casa,venda,4482.8,3555.6,5128.7,23,,outubro/2026
São Paulo,Jardim da Saúde,casa,venda,5489.0,4446.1,7306.8,114,5.77,outubro/2026
São Paulo,Jardim da Saúde,casa,aluguel,26.4,21.2,37.7,8,5.77,outubro/2026
São Paulo,Jardim Dabril,casa,venda,3600.0,2937.5,4697.3,42,,outubro/2026
São Paulo,Jardim Damasceno,casa,venda,2171.3,1796.9,2803.2,8,,outubro/2026
São Paulo,Jardim Danfer,casa,venda,3548.3,2636.9,4241.9,32,,outubro/2026
São Paulo,Jardim das Acácias,casa,venda,7961.3,6855.5,10627.0,14,,outubro/2026
São Paulo,Jardim das Bandeiras,casa,venda,10221.2,8055.8,14311.5,24,,outubro/2026
São Paulo,Jardim das Camélias,casa,venda,4359.0,3368.1,4846.8,38,,outubro/2026
São Paulo,Jardim das Carmelitas,casa,venda,4042.6,3777.8,5375.0,5,,outubro/2026
São Paulo,Jardim das Flores,casa,venda,3785.7,2960.0,4829.5,13,,outubro/2026
São Paulo,Jardim das Imbuias,casa,venda,2900.0,2402.9,3916.7,26,,outubro/2026
São Paulo,Jardim das Laranjeiras,casa,venda,5300.0,4533.3,5650.0,21,,outubro/2026
São Paulo,Jardim das Oliveiras,casa,venda,3089.9,2103.0,4737.6,39,,outubro/2026
São Paulo,Jardim das Palmas,casa,venda,4941.8,3255.9,6072.1,10,,outubro/2026
São Paulo,Jardim das Palmeiras,casa,venda,2500.0,2303.0,2884.6,5,,outubro/2026
São Paulo,Jardim das Palmeiras (Zona Sul),casa,venda,4166.7,2018.2,5062.5,7,,outubro/2026
São Paulo,Jardim das Rosas,casa,venda,3000.0,2812.5,3840.0,5,,outubro/2026
São Paulo,Jardim das Rosas (Zona Norte),casa,venda,2549.1,2069.0,4320.0,8,,outubro/2026
São Paulo,Jardim das Vertentes,casa,venda,4629.6,3800.0,5357.1,33,8.76,outubro/2026
São Paulo,Jardim das Vertentes,casa,aluguel,33.8,25.8,40.5,8,8.76,outubro/2026
São Paulo,Jardim Daysy,casa,venda,3022.8,2281.3,4072.3,23,,outubro/2026
São Paulo,Jardim de Lorenzo,casa,venda,3729.7,2959.8,5073.8,10,,outubro/2026
São Paulo,Jardim do Colégio,casa,venda,6017.2,4439.0,7760.6,42,,outubro/2026
São Paulo,Jardim do Lago,casa,venda,4700.0,3800.0,5657.1,33,,outubro/2026
São Paulo,Jardim Dom Bosco,casa,venda,4904.2,4249.7,6997.4,6,,outubro/2026
São Paulo,Jardim Dom José,casa,venda,4000.0,3527.8,5000.0,17,,outubro/2026
São Paulo,Jardim Dona Sinhá,casa,venda,3716.2,3256.1,4239.5,11,,outubro/2026
São Paulo,Jardim Donária,casa,venda,2120.0,1820.0,2310.0,6,,outubro/2026
São Paulo,Jardim dos Álamos,casa,venda,2250.0,2000.0,2625.0,5,,outubro/2026
São Paulo,Jardim dos Bichinhos,casa,venda,4073.8,3550.9,4816.4,10,,outubro/2026
São Paulo,Jardim dos Estados,casa,venda,9702.8,8358.0,13787.0,30,5.18,outubro/2026
São Paulo,Jardim dos Estados,casa,aluguel,41.9,35.4,50.9,6,5.18,outubro/2026
São Paulo,Jardim dos Francos,casa,venda,2968.8,2646.2,3142.9,7,,outubro/2026
São Paulo,Jardim dos Manacás,casa,venda,3000.0,2596.3,3280.0,11,,outubro/2026
São Paulo,Jardim Dracena,casa,venda,4037.0,2727.5,4500.0,22,,outubro/2026
São Paulo,Jardim Duprat,casa,venda,3595.7,2686.5,4823.4,6,,outubro/2026
São Paulo,Jardim Edi,casa,venda,3174.6,2595.7,3767.8,7,,outubro/2026
São Paulo,Jardim Edilene,casa,venda,3095.2,1810.0,4067.2,10,,outubro/2026
São Paulo,Jardim Edith,casa,venda,3008.0,2298.4,3854.4,11,,outubro/2026
São Paulo,Jardim Egle,casa,venda,3178.6,2395.0,4363.9,45,,outubro/2026
São Paulo,Jardim Elba,casa,venda,2531.6,2127.3,3286.4,14,,outubro/2026
São Paulo,Jardim Eledy,casa,venda,3809.5,2805.6,4463.1,11,,outubro/2026
São Paulo,Jardim Eliana,casa,venda,2490.0,2060.0,2895.9,14,,outubro/2026
São Paulo,Jardim Eliane,casa,venda,5000.0,3750.0,5700.0,25,,outubro/2026
São Paulo,Jardim Elisa Maria,casa,venda,3040.0,2555.6,3454.5,9,,outubro/2026
São Paulo,Jardim Eliza,casa,venda,4959.5,4214.3,5662.9,8,,outubro/2026
São Paulo,Jardim Elizabeth,casa,venda,4226.5,3487.5,5400.4,30,,outubro/2026
São Paulo,Jardim Ernestina,casa,venda,6000.0,4747.3,7026.1,27,,outubro/2026
São Paulo,Jardim Esmeralda,casa,venda,4000.0,3146.9,4937.5,73,8.67,outubro/2026
São Paulo,Jardim Esmeralda,casa,aluguel,28.9,19.5,30.6,7,8.67,outubro/2026
São Paulo,Jardim Ester,casa,venda,5192.0,4233.3,6555.6,41,7.0,outubro/2026
São Paulo,Jardim Ester,casa,aluguel,30.3,29.2,40.2,8,7.0,outubro/2026
São Paulo,Jardim Ester Yolanda,casa,venda,4605.1,3936.3,5528.8,42,7.82,outubro/2026
São Paulo,Jardim Ester Yolanda,casa,aluguel,30.0,19.8,35.3,11,7.82,outubro/2026
São Paulo,Jardim Etelvina,casa,venda,2168.8,1764.0,2734.6,10,,outubro/2026
São Paulo,Jardim Europa,casa,venda,18452.8,13000.0,19285.7,9,5.85,outubro/2026
São Paulo,Jardim Europa,casa,aluguel,90.0,63.8,111.2,11,5.85,outubro/2026
São Paulo,Jardim Everest,casa,venda,10608.0,7412.4,15677.8,10,,outubro/2026
São Paulo,Jardim Faria Lima,casa,venda,4333.3,3107.3,4958.3,15,,outubro/2026
São Paulo,Jardim Felicidade (Zona Norte),casa,venda,5326.9,4190.5,6395.3,21,,outubro/2026
São Paulo,Jardim Felicidade (Zona Oeste),casa,venda,6500.0,4515.6,9500.0,23,,outubro/2026
São Paulo,Jardim Fernandes,casa,venda,4996.7,3752.4,5764.3,38,,outubro/2026
São Paulo,Jardim Figueira Grande,casa,venda,3071.4,1755.0,3739.3,15,,outubro/2026
São Paulo,Jardim Filhos da Terra,casa,venda,2246.5,1615.9,3143.9,10,,outubro/2026
São Paulo,Jardim Flor de Maio,casa,venda,3430.0,2261.4,5251.6,8,,outubro/2026
São Paulo,Jardim Floresta,casa,venda,6183.3,4574.4,7302.1,34,,outubro/2026
São Paulo,Jardim Fontalis,casa,venda,3200.3,2526.0,3678.6,12,,outubro/2026
São Paulo,Jardim Franca,casa,venda,6222.2,4926.4,7292.6,83,5.88,outubro/2026
São Paulo,Jardim Franca,casa,aluguel,30.5,27.6,32.6,7,5.88,outubro/2026
São Paulo,Jardim Francisco Mendes,casa,venda,3089.6,2793.7,4969.2,7,,outubro/2026
São Paulo,Jardim Fraternidade,casa,venda,4102.6,2669.4,4698.7,7,,outubro/2026
São Paulo,Jardim Germânia,casa,venda,4583.3,3708.0,6070.3,35,,outubro/2026
São Paulo,Jardim Gianetti,casa,venda,4296.8,3372.9,4808.3,8,,outubro/2026
São Paulo,Jardim Gonzaga,casa,venda,4274.5,3095.1,4705.6,16,,outubro/2026
São Paulo,Jardim Grimaldi,casa,venda,3940.2,3343.6,4682.3,14,,outubro/2026
São Paulo,Jardim Guacuri,casa,venda,1950.0,1800.0,3920.0,5,,outubro/2026
São Paulo,Jardim Guaianazes,casa,venda,2806.2,2133.3,4869.6,13,,outubro/2026
São Paulo,Jardim Guairaca,casa,venda,4062.5,3448.3,5300.3,39,,outubro/2026
São Paulo,Jardim Guanabara,casa,venda,3296.7,2200.0,4240.0,13,,outubro/2026
São Paulo,Jardim Guanca,casa,venda,5782.3,4765.5,6572.5,39,8.14,outubro/2026
São Paulo,Jardim Guanca,casa,aluguel,39.2,32.2,55.0,5,8.14,outubro/2026
São Paulo,Jardim Guanhembu,casa,venda,3439.1,2685.0,4972.8,35,,outubro/2026
São Paulo,Jardim Guapira,casa,venda,4365.5,3697.0,5099.5,58,,outubro/2026
São Paulo,Jardim Guarani,casa,venda,2847.8,2617.6,3652.8,14,,outubro/2026
São Paulo,Jardim Guarapiranga,casa,venda,4045.5,3505.4,5090.9,9,,outubro/2026
São Paulo,Jardim Guarau,casa,venda,3914.0,3038.0,5010.7,34,,outubro/2026
São Paulo,Jardim Guarujá,casa,venda,4127.1,2543.0,5239.4,22,,outubro/2026
São Paulo,Jardim Guedala,casa,venda,7915.6,6089.2,11190.5,48,5.25,outubro/2026
São Paulo,Jardim Guedala,casa,aluguel,34.6,28.5,48.5,18,5.25,outubro/2026
São Paulo,Jardim Helena,casa,venda,4123.1,2892.2,5592.1,23,,outubro/2026
São Paulo,Jardim Helga,casa,venda,4000.0,3651.5,4559.4,15,,outubro/2026
São Paulo,Jardim Hercilia,casa,venda,4948.1,3598.7,5706.0,20,,outubro/2026
São Paulo,Jardim Hípico,casa,venda,8967.7,8300.9,13225.0,14,,outubro/2026
São Paulo,Jardim Humaitá,casa,venda,5326.1,4499.5,6989.2,29,,outubro/2026
São Paulo,Jardim Iae,casa,venda,3333.3,3060.8,4275.8,7,,outubro/2026
São Paulo,Jardim Ibiratiba,casa,venda,5351.7,4744.0,5719.9,12,,outubro/2026
São Paulo,Jardim Ibitirama,casa,venda,5931.2,4006.3,7689.7,6,,outubro/2026
São Paulo,Jardim Icaraí,casa,venda,2250.0,2090.0,3280.0,15,,outubro/2026
São Paulo,Jardim Iguatemi,casa,venda,4699.4,3441.0,6374.4,6,,outubro/2026
São Paulo,Jardim Imbé,casa,venda,2800.0,2519.4,3445.5,7,,outubro/2026
São Paulo,Jardim Imperador,casa,venda,4256.0,2983.3,5378.2,21,,outubro/2026
São Paulo,Jardim Imperador (Zona Leste),casa,venda,3794.6,3155.3,4795.2,14,,outubro/2026
São Paulo,Jardim Indaiá,casa,venda,3460.0,3105.9,4341.7,6,,outubro/2026
São Paulo,Jardim Independência,casa,venda,5596.1,4372.7,6621.8,34,,outubro/2026
São Paulo,Jardim Ingá,casa,venda,3475.0,2889.5,5312.5,8,,outubro/2026
São Paulo,Jardim Internacional,casa,venda,6385.9,5881.3,7163.3,8,,outubro/2026
São Paulo,Jardim Ipanema,casa,venda,3280.0,2580.0,5130.0,11,,outubro/2026
São Paulo,Jardim Ipanema (Cidade Líder),casa,venda,4857.1,3865.5,5788.6,19,,outubro/2026
São Paulo,Jardim Ipanema (Zona Oeste),casa,venda,2866.7,2459.1,3800.0,10,,outubro/2026
São Paulo,Jardim Ipanema (Zona Sul),casa,venda,5179.9,3762.5,5693.0,15,,outubro/2026
São Paulo,Jardim Ipê,casa,venda,3960.0,2835.3,5176.3,30,,outubro/2026
São Paulo,Jardim Iporã,casa,venda,2000.0,1571.0,2663.0,7,,outubro/2026
São Paulo,Jardim Iporanga,casa,venda,3756.5,2693.0,4580.0,12,,outubro/2026
São Paulo,Jardim Iracema,casa,venda,5046.0,3824.8,6321.4,22,,outubro/2026
São Paulo,Jardim Irapiranga,casa,venda,2729.4,2123.6,3857.8,10,,outubro/2026
São Paulo,Jardim Itacolomi,casa,venda,3258.1,2981.4,4242.9,16,,outubro/2026
São Paulo,Jardim Itália,casa,venda,5555.2,5255.0,7663.8,6,,outubro/2026
São Paulo,Jardim Itapema,casa,venda,6414.3,3659.2,6953.6,6,,outubro/2026
São Paulo,Jardim Itapemirim,casa,venda,3658.2,3235.6,5300.8,22,,outubro/2026
São Paulo,Jardim Itapeva,casa,venda,6263.2,4731.6,7788.3,11,,outubro/2026
São Paulo,Jardim Itápolis,casa,venda,2625.0,2211.4,2764.7,5,,outubro/2026
São Paulo,Jardim Itapura,casa,venda,4356.8,2967.3,4756.9,14,,outubro/2026
São Paulo,Jardim Itatinga,casa,venda,7053.6,5559.1,10000.0,19,,outubro/2026
São Paulo,Jardim Iva,casa,venda,4142.2,2462.5,5150.6,26,,outubro/2026
São Paulo,Jardim Ivana,casa,venda,4160.7,3443.8,5306.7,16,,outubro/2026
São Paulo,Jardim Ivone,casa,venda,3998.9,3046.9,5250.3,12,,outubro/2026
São Paulo,Jardim Jabaquara,casa,venda,3981.2,3239.7,4711.8,22,,outubro/2026
São Paulo,Jardim Jaçanã,casa,venda,3133.3,2647.1,4751.7,21,,outubro/2026
São Paulo,Jardim Jamaica,casa,venda,5745.7,4562.5,6673.1,8,,outubro/2026
São Paulo,Jardim Japão,casa,venda,5581.9,3733.9,6770.8,30,8.6,outubro/2026
São Paulo,Jardim Japão,casa,aluguel,40.0,31.2,51.0,11,8.6,outubro/2026
São Paulo,Jardim Jaqueline,casa,venda,3100.0,2598.9,3948.0,8,,outubro/2026
São Paulo,Jardim Jaraguá,casa,venda,3227.8,2777.8,3962.3,21,,outubro/2026
São Paulo,Jardim Jaraguá (São Domingos),casa,venda,4399.2,3666.7,4687.5,5,,outubro/2026
São Paulo,Jardim Jaú (Zona Leste),casa,venda,3933.3,3288.3,5778.7,39,,outubro/2026
São Paulo,Jardim Joamar,casa,venda,3948.6,3246.2,5212.5,18,,outubro/2026
São Paulo,Jardim João Xxiii,casa,venda,4240.0,3750.0,4400.0,5,,outubro/2026
São Paulo,Jardim Juá,casa,venda,6666.7,5211.1,7976.4,12,,outubro/2026
São Paulo,Jardim Julieta,casa,venda,4222.2,3666.7,5066.7,9,,outubro/2026
São Paulo,Jardim Jussara,casa,venda,5134.9,3805.1,5616.5,30,,outubro/2026
São Paulo,Jardim Labitary,casa,venda,3550.0,2700.0,4145.0,7,,outubro/2026
São Paulo,Jardim Lajeado,casa,venda,3168.0,2602.1,3931.2,11,,outubro/2026
São Paulo,Jardim Lallo,casa,venda,4879.4,4007.7,6414.8,19,,outubro/2026
São Paulo,Jardim Laone,casa,venda,3666.7,3113.4,4520.5,7,,outubro/2026
São Paulo,Jardim Lar,casa,venda,5925.9,5000.0,7814.0,21,,outubro/2026
São Paulo,Jardim Leme,casa,venda,3283.5,3004.2,3872.5,6,,outubro/2026
São Paulo,Jardim Leônidas Moreira,casa,venda,3947.4,3055.6,4824.6,17,,outubro/2026
São Paulo,Jardim Leonor,casa,venda,7931.3,5925.1,11472.1,20,3.98,outubro/2026
São Paulo,Jardim Leonor,casa,aluguel,26.3,21.7,27.8,5,3.98,outubro/2026
São Paulo,Jardim Leonor Mendes de Barros,casa,venda,5980.9,4673.0,9031.2,61,,outubro/2026
São Paulo,Jardim Líbano,casa,venda,4648.8,3217.7,6101.2,34,,outubro/2026
São Paulo,Jardim Liderança,casa,venda,4846.4,3486.3,5732.2,20,,outubro/2026
São Paulo,Jardim Lídia,casa,venda,3428.6,2851.0,6872.2,7,,outubro/2026
São Paulo,Jardim Lisboa,casa,venda,5506.0,4554.9,6792.2,28,,outubro/2026
São Paulo,Jardim Londrina,casa,venda,5414.1,4208.8,6685.4,40,6.03,outubro/2026
São Paulo,Jardim Londrina,casa,aluguel,27.2,21.4,47.9,10,6.03,outubro/2026
São Paulo,Jardim Los Angeles,casa,venda,6500.0,3200.0,8192.8,9,,outubro/2026
São Paulo,Jardim Lourdes,casa,venda,2724.7,1975.0,3884.8,14,,outubro/2026
São Paulo,Jardim Luanda,casa,venda,5508.6,4536.4,6409.9,10,,outubro/2026
São Paulo,Jardim Lucélia,casa,venda,2625.0,1960.0,3240.0,7,,outubro/2026
São Paulo,Jardim Lúcia,casa,venda,3750.0,2789.1,4615.4,5,,outubro/2026
São Paulo,Jardim Luísa,casa,venda,3067.1,2762.0,3514.0,8,,outubro/2026
São Paulo,Jardim Luso,casa,venda,3200.0,2833.1,4396.0,11,,outubro/2026
São Paulo,Jardim Luzitânia,casa,venda,15638.6,11486.8,19104.7,18,,outubro/2026
São Paulo,Jardim Macedônia,casa,venda,2746.7,1771.1,3884.3,20,,outubro/2026
São Paulo,Jardim Mália II,casa,venda,2961.4,2626.3,4744.5,9,,outubro/2026
São Paulo,Jardim Mangalot,casa,venda,4428.7,3690.9,5342.9,30,,outubro/2026
São Paulo,Jardim Marabá,casa,venda,4285.7,3525.0,5273.3,35,,outubro/2026
São Paulo,Jardim Maracanã,casa,venda,3513.9,3061.1,4627.2,14,,outubro/2026
São Paulo,Jardim Marajoara,casa,venda,6583.4,6000.7,9147.9,20,6.96,outubro/2026
São Paulo,Jardim Marajoara,casa,aluguel,38.2,26.7,49.3,17,6.96,outubro/2026
São Paulo,Jardim Marcel,casa,venda,5515.7,5404.1,6197.8,6,,outubro/2026
São Paulo,Jardim Maria Augusta,casa,venda,4384.6,4047.6,5229.4,9,,outubro/2026
São Paulo,Jardim Maria Duarte,casa,venda,4223.8,3472.5,5018.4,28,8.52,outubro/2026
São Paulo,Jardim Maria Duarte,casa,aluguel,30.0,25.9,36.6,6,8.52,outubro/2026
São Paulo,Jardim Maria Estela,casa,venda,4275.0,3586.2,5337.4,33,,outubro/2026
São Paulo,Jardim Maria Luiza,casa,venda,3668.0,3136.9,4816.0,10,,outubro/2026
São Paulo,Jardim Maria Rita,casa,venda,4444.4,3409.1,5416.7,29,,outubro/2026
São Paulo,Jardim Maria Virginia,casa,venda,4785.7,4250.0,5526.3,21,,outubro/2026
São Paulo,Jardim Marilda,casa,venda,1692.7,1562.5,2320.0,9,,outubro/2026
São Paulo,Jardim Marília,casa,venda,3093.6,2583.3,4116.7,20,,outubro/2026
São Paulo,Jardim Mariliza,casa,venda,3681.7,3527.8,4239.5,10,,outubro/2026
São Paulo,Jardim Marilu,casa,venda,3231.6,2582.5,3510.0,8,,outubro/2026
São Paulo,Jardim Maringa,casa,venda,5163.0,3428.6,5880.9,33,6.04,outubro/2026
São Paulo,Jardim Maringa,casa,aluguel,26.0,23.0,32.0,6,6.04,outubro/2026
São Paulo,Jardim Marisa,casa,venda,5025.0,3543.1,6100.0,32,5.97,outubro/2026
São Paulo,Jardim Marisa,casa,aluguel,25.0,15.2,26.7,5,5.97,outubro/2026
São Paulo,Jardim Maristela,casa,venda,4889.3,3758.1,6465.0,24,,outubro/2026
São Paulo,Jardim Marquesa,casa,venda,5200.0,3950.0,5713.4,12,,outubro/2026
São Paulo,Jardim Martini,casa,venda,2857.1,2598.4,3437.5,5,,outubro/2026
São Paulo,Jardim Martinica,casa,venda,7571.4,6495.0,8660.0,5,,outubro/2026
São Paulo,Jardim Martins Silva,casa,venda,2500.0,2092.4,3031.1,6,,outubro/2026
São Paulo,Jardim Matarazzo,casa,venda,4199.8,3676.2,5280.6,12,,outubro/2026
São Paulo,Jardim Meliunas,casa,venda,4240.0,3600.0,5232.1,5,,outubro/2026
São Paulo,Jardim Melo,casa,venda,4848.5,4341.1,5200.0,5,,outubro/2026
São Paulo,Jardim Mimar,casa,venda,4029.6,2669.7,4897.2,22,,outubro/2026
São Paulo,Jardim Mirante,casa,venda,3441.2,3269.2,5116.3,5,,outubro/2026
São Paulo,Jardim Miriam,casa,venda,4214.3,2850.0,5555.6,22,5.69,outubro/2026
São Paulo,Jardim Miriam,casa,aluguel,20.0,15.6,20.0,5,5.69,outubro/2026
São Paulo,Jardim Mitsutani,casa,venda,3531.2,2985.9,4102.0,10,,outubro/2026
São Paulo,Jardim Modelo,casa,venda,3200.0,2270.8,4637.2,35,,outubro/2026
São Paulo,Jardim Monjolo,casa,venda,4193.5,3551.2,5664.7,30,,outubro/2026
São Paulo,Jardim Monte Alegre,casa,venda,4405.7,3388.5,5179.5,26,,outubro/2026
São Paulo,Jardim Monte Azul,casa,venda,5623.1,4236.5,6119.7,22,,outubro/2026
São Paulo,Jardim Monte Kemel,casa,venda,5732.1,4968.1,7139.8,54,5.76,outubro/2026
São Paulo,Jardim Monte Kemel,casa,aluguel,27.5,24.3,33.1,8,5.76,outubro/2026
São Paulo,Jardim Moreno,casa,venda,3443.3,3242.4,3653.2,6,,outubro/2026
São Paulo,Jardim Mutinga,casa,venda,4100.0,3403.5,5000.0,27,,outubro/2026
São Paulo,Jardim Myrna,casa,venda,2992.4,1958.3,4055.0,10,,outubro/2026
São Paulo,Jardim Nadir,casa,venda,5108.0,4425.0,5215.0,7,,outubro/2026
São Paulo,Jardim Nazareth,casa,venda,3522.2,3172.2,4432.7,14,,outubro/2026
São Paulo,Jardim Neila,casa,venda,4107.1,3293.2,5116.2,16,,outubro/2026
São Paulo,Jardim Nélia,casa,venda,3877.6,3028.0,5090.3,11,,outubro/2026
São Paulo,Jardim Nice,casa,venda,3450.0,2939.9,4032.1,14,,outubro/2026
São Paulo,Jardim Niteroi,casa,venda,4220.8,3905.0,5130.5,7,,outubro/2026
São Paulo,Jardim Nordeste,casa,venda,4534.0,3693.3,5435.0,22,,outubro/2026
São Paulo,Jardim Norma,casa,venda,4500.0,3420.6,4849.0,12,,outubro/2026
São Paulo,Jardim Noronha,casa,venda,2392.0,1666.7,2720.0,5,,outubro/2026
São Paulo,Jardim Nossa Senhora do Carmo,casa,venda,4925.0,3511.7,6403.0,66,5.73,outubro/2026
São Paulo,Jardim Nossa Senhora do Carmo,casa,aluguel,23.5,19.3,39.8,7,5.73,outubro/2026
São Paulo,Jardim Nosso Lar,casa,venda,5363.6,3993.3,6327.3,22,,outubro/2026
São Paulo,Jardim Nova Germania,casa,venda,3729.2,2900.0,4934.6,14,,outubro/2026
São Paulo,Jardim Nova São Paulo (São Rafael),casa,venda,2880.0,2750.0,3400.0,5,,outubro/2026
São Paulo,Jardim Nove de Julho,casa,venda,3117.6,2689.6,4102.9,20,,outubro/2026
São Paulo,Jardim Novo Carrão,casa,venda,3307.3,2204.5,3718.5,12,,outubro/2026
São Paulo,Jardim Novo Horizonte,casa,venda,2600.0,2571.4,2800.0,5,,outubro/2026
São Paulo,Jardim Novo Mundo,casa,venda,9333.3,8377.7,11601.6,25,,outubro/2026
São Paulo,Jardim Novo Parelheiros,casa,venda,1903.4,1433.3,2681.8,17,,outubro/2026
São Paulo,Jardim Odete,casa,venda,4805.6,3561.2,5839.8,8,,outubro/2026
São Paulo,Jardim Olinda,casa,venda,3333.3,3130.3,4801.7,15,,outubro/2026
São Paulo,Jardim Olympia,casa,venda,5371.2,4979.1,6482.5,30,4.13,outubro/2026
São Paulo,Jardim Olympia,casa,aluguel,18.5,18.0,20.0,5,4.13,outubro/2026
São Paulo,Jardim Ondina,casa,venda,3259.4,2425.7,4074.8,16,,outubro/2026
São Paulo,Jardim Oriental,casa,venda,4806.2,4000.0,6190.5,41,7.96,outubro/2026
São Paulo,Jardim Oriental,casa,aluguel,31.9,26.0,36.4,6,7.96,outubro/2026
São Paulo,Jardim Orly,casa,venda,4166.7,4000.0,4400.0,5,,outubro/2026
São Paulo,Jardim Palmares,casa,venda,6311.4,4695.8,6805.6,36,,outubro/2026
São Paulo,Jardim Palmares (Zona Norte),casa,venda,2800.0,1400.0,3360.0,5,,outubro/2026
São Paulo,Jardim Panorama,casa,venda,8771.3,5853.1,10557.7,10,,outubro/2026
São Paulo,Jardim Panorama (Zona Leste),casa,venda,3536.6,3282.9,5112.9,12,,outubro/2026
São Paulo,Jardim Paraguaçu,casa,venda,3047.4,2261.9,4074.1,13,,outubro/2026
São Paulo,Jardim Paraíso,casa,venda,5944.9,4624.3,6581.9,44,,outubro/2026
São Paulo,Jardim Paris,casa,venda,4340.6,3576.7,8805.1,7,,outubro/2026
São Paulo,Jardim Patente,casa,venda,4500.0,3458.5,5597.4,27,,outubro/2026
São Paulo,Jardim Patente Novo,casa,venda,3986.5,3557.0,5178.6,17,,outubro/2026
São Paulo,Jardim Paulista,casa,venda,15530.1,12454.2,18702.7,106,5.59,outubro/2026
São Paulo,Jardim Paulista,casa,aluguel,72.4,57.9,99.4,34,5.59,outubro/2026
São Paulo,Jardim Paulistano,casa,venda,16348.5,13971.4,17745.0,46,6.48,outubro/2026
São Paulo,Jardim Paulistano,casa,aluguel,88.3,81.7,97.3,18,6.48,outubro/2026
São Paulo,Jardim Pedra Branca,casa,venda,6608.7,5227.3,7000.0,9,,outubro/2026
São Paulo,Jardim Pedro José Nunes,casa,venda,4416.7,3879.9,6246.7,35,,outubro/2026
São Paulo,Jardim Penha,casa,venda,4090.9,3000.0,5416.7,37,,outubro/2026
São Paulo,Jardim Peri,casa,venda,3897.2,3088.2,5303.6,28,,outubro/2026
São Paulo,Jardim Peri Peri,casa,venda,5302.0,4615.4,6818.2,37,5.09,outubro/2026
São Paulo,Jardim Peri Peri,casa,aluguel,22.5,12.0,28.1,5,5.09,outubro/2026
São Paulo,Jardim Pérola I,casa,venda,2200.0,2045.5,2240.0,5,,outubro/2026
São Paulo,Jardim Petrópolis,casa,venda,8930.0,6897.3,10869.7,30,,outubro/2026
São Paulo,Jardim Picolo,casa,venda,6249.7,4730.0,7216.1,18,,outubro/2026
São Paulo,Jardim Pinheiros,casa,venda,5371.9,4437.5,7071.4,39,6.05,outubro/2026
São Paulo,Jardim Pinheiros,casa,aluguel,27.1,24.2,28.8,8,6.05,outubro/2026
São Paulo,Jardim Piqueroby,casa,venda,5094.5,4235.6,6017.9,36,,outubro/2026
São Paulo,Jardim Piraçuama,casa,venda,3529.4,2544.8,5526.6,11,,outubro/2026
São Paulo,Jardim Pirajussara,casa,venda,5784.4,5114.3,6536.9,20,,outubro/2026
São Paulo,Jardim Piratininga,casa,venda,4353.4,3708.3,4867.6,12,,outubro/2026
São Paulo,Jardim Pirituba,casa,venda,3871.2,2517.5,4780.6,44,,outubro/2026
São Paulo,Jardim Planalto,casa,venda,3195.0,2896.2,4919.1,15,,outubro/2026
São Paulo,Jardim Ponte Rasa,casa,venda,3735.6,2739.8,4370.8,40,,outubro/2026
São Paulo,Jardim Popular,casa,venda,4460.9,3750.0,5731.1,38,,outubro/2026
São Paulo,Jardim Portal I e II,casa,venda,13445.4,11261.3,13571.4,5,,outubro/2026
São Paulo,Jardim Porteira Grande,casa,venda,3488.0,2735.0,4947.5,22,,outubro/2026
São Paulo,Jardim Presidente,casa,venda,2549.0,1928.4,4105.7,11,,outubro/2026
São Paulo,Jardim Previdência,casa,venda,4616.0,3835.2,5377.8,14,,outubro/2026
São Paulo,Jardim Primavera,casa,venda,5093.4,3846.8,6085.8,46,,outubro/2026
São Paulo,Jardim Primavera (Zona Sul),casa,venda,3500.0,2940.0,4720.0,11,,outubro/2026
São Paulo,Jardim Princesa,casa,venda,3100.0,2987.0,3125.0,5,,outubro/2026
São Paulo,Jardim Progresso,casa,venda,3062.5,2068.2,3750.0,8,,outubro/2026
São Paulo,Jardim Promissão,casa,venda,5100.0,4390.0,5658.8,8,,outubro/2026
São Paulo,Jardim Prudência,casa,venda,6140.2,4922.1,8038.5,34,5.18,outubro/2026
São Paulo,Jardim Prudência,casa,aluguel,26.5,26.1,44.0,5,5.18,outubro/2026
São Paulo,Jardim Quisisana (Vila Nova Curuçá),casa,venda,2738.9,2192.3,2907.9,7,,outubro/2026
São Paulo,Jardim Raposo Tavares,casa,venda,4167.5,3014.6,5786.8,26,,outubro/2026
São Paulo,Jardim Recanto Verde,casa,venda,2321.4,1951.2,2925.0,7,,outubro/2026
São Paulo,Jardim Record,casa,venda,4999.8,3787.5,6662.5,26,,outubro/2026
São Paulo,Jardim Regina,casa,venda,5307.3,4597.7,6844.4,27,,outubro/2026
São Paulo,Jardim Regis,casa,venda,5000.0,3904.4,6146.9,29,,outubro/2026
São Paulo,Jardim Reimberg,casa,venda,2666.7,2097.6,3111.0,11,,outubro/2026
São Paulo,Jardim Represa,casa,venda,4772.7,3832.0,5319.1,21,,outubro/2026
São Paulo,Jardim República,casa,venda,3678.9,1500.0,3839.3,5,,outubro/2026
São Paulo,Jardim Rincão,casa,venda,2533.3,2153.0,3348.6,10,,outubro/2026
São Paulo,Jardim Rio Pequeno,casa,venda,6176.6,4597.0,6851.6,8,,outubro/2026
São Paulo,Jardim Riviera,casa,venda,3875.0,3750.0,6980.4,5,,outubro/2026
São Paulo,Jardim Rizzo,casa,venda,6265.8,5383.3,7200.0,37,,outubro/2026
São Paulo,Jardim Robru,casa,venda,2342.0,1883.3,3431.4,9,,outubro/2026
São Paulo,Jardim Rodolfo Pirani,casa,venda,2896.3,2349.0,3575.9,34,,outubro/2026
São Paulo,Jardim Rosa Maria,casa,venda,5159.7,3567.1,6000.0,62,,outubro/2026
São Paulo,Jardim Rosana,casa,venda,3076.9,2962.3,3591.7,7,,outubro/2026
São Paulo,Jardim Rossin,casa,venda,3500.4,2796.2,6758.9,12,,outubro/2026
São Paulo,Jardim Rubilene,casa,venda,3846.6,2807.7,4929.2,6,,outubro/2026
São Paulo,Jardim Rubio,casa,venda,3804.7,3647.8,3850.4,6,,outubro/2026
São Paulo,Jardim Sabará,casa,venda,7196.3,5973.5,8321.7,19,,outubro/2026
São Paulo,Jardim Samambaia,casa,venda,3080.0,2040.0,5065.0,6,,outubro/2026
São Paulo,Jardim Samara,casa,venda,4446.4,2813.6,5562.5,14,,outubro/2026
São Paulo,Jardim Sandra,casa,venda,4837.5,3860.5,6058.8,24,,outubro/2026
São Paulo,Jardim Santa Adelia,casa,venda,4082.8,3000.0,4910.7,33,,outubro/2026
São Paulo,Jardim Santa Bárbara,casa,venda,3714.3,3600.0,4307.7,5,,outubro/2026
São Paulo,Jardim Santa Cruz,casa,venda,4500.0,3439.1,5991.1,23,,outubro/2026
São Paulo,Jardim Santa Cruz (Campo Grande),casa,venda,6250.0,5230.8,7857.1,33,,outubro/2026
São Paulo,Jardim Santa Cruz (Sacomã),casa,venda,4166.7,3407.9,5331.9,35,,outubro/2026
São Paulo,Jardim Santa Cruz (Zona Norte),casa,venda,3530.8,2736.9,5180.4,18,,outubro/2026
São Paulo,Jardim Santa Edwiges (Grajaú),casa,venda,4833.3,3866.7,5119.0,6,,outubro/2026
São Paulo,Jardim Santa Efigênia,casa,venda,7176.5,5131.7,8006.2,11,,outubro/2026
São Paulo,Jardim Santa Emília,casa,venda,3954.8,3234.5,4862.9,22,6.52,outubro/2026
São Paulo,Jardim Santa Emília,casa,aluguel,21.5,20.7,22.5,6,6.52,outubro/2026
São Paulo,Jardim Santa Etelvina,casa,venda,3289.5,2800.0,3793.1,5,,outubro/2026
São Paulo,Jardim Santa Fé (Zona Oeste),casa,venda,3758.8,3413.3,4750.0,25,,outubro/2026
São Paulo,Jardim Santa Fé (Zona Sul),casa,venda,2175.4,1770.0,3259.8,14,,outubro/2026
São Paulo,Jardim Santa Francisca Cabrini,casa,venda,4280.0,2438.2,6283.7,7,,outubro/2026
São Paulo,Jardim Santa Helena,casa,venda,4689.1,4307.7,5928.6,13,,outubro/2026
São Paulo,Jardim Santa Inês,casa,venda,5696.7,5058.9,6275.9,15,,outubro/2026
São Paulo,Jardim Santa Lucrécia,casa,venda,3601.7,2464.3,4720.0,25,,outubro/2026
São Paulo,Jardim Santa Margarida,casa,venda,3344.2,2498.0,4481.3,10,,outubro/2026
São Paulo,Jardim Santa Maria,casa,venda,4813.9,3966.4,6841.3,52,,outubro/2026
São Paulo,Jardim Santa Mônica,casa,venda,4266.7,3228.3,4944.4,21,,outubro/2026
São Paulo,Jardim Santa Terezinha,casa,venda,3920.0,2600.0,4922.0,19,,outubro/2026
São Paulo,Jardim Santo Alberto,casa,venda,2260.3,2237.4,3349.3,5,,outubro/2026
São Paulo,Jardim Santo Amaro,casa,venda,7509.9,5971.9,9268.8,15,,outubro/2026
São Paulo,Jardim Santo André,casa,venda,3125.0,2102.8,4555.6,9,,outubro/2026
São Paulo,Jardim Santo Antoninho,casa,venda,5048.4,4512.2,5760.0,17,,outubro/2026
São Paulo,Jardim Santo Antônio,casa,venda,4466.7,3541.7,5156.2,13,,outubro/2026
São Paulo,Jardim Santo Elias,casa,venda,4944.4,3906.2,5882.4,65,7.35,outubro/2026
São Paulo,Jardim Santo Elias,casa,aluguel,30.3,20.2,35.8,6,7.35,outubro/2026
São Paulo,Jardim Santos Dumont,casa,venda,4088.1,3500.0,4687.5,17,,outubro/2026
São Paulo,Jardim São Bento,casa,venda,6655.3,5452.2,8524.0,20,,outubro/2026
São Paulo,Jardim São Bento Novo,casa,venda,2800.0,2200.0,3888.9,25,,outubro/2026
São Paulo,Jardim São Bernardo,casa,venda,5064.5,4380.0,5951.6,26,,outubro/2026
São Paulo,Jardim São Carlos,casa,venda,3257.2,2551.0,4041.8,42,,outubro/2026
São Paulo,Jardim São Cristóvão,casa,venda,3142.9,2598.4,3743.7,27,,outubro/2026
São Paulo,Jardim São Domingos,casa,venda,5454.5,3951.2,7521.5,15,,outubro/2026
São Paulo,Jardim São Francisco (Zona Leste),casa,venda,2247.4,2027.5,3562.5,12,,outubro/2026
São Paulo,Jardim São Gabriel,casa,venda,2857.1,2018.3,5398.6,11,,outubro/2026
São Paulo,Jardim São João,casa,venda,3627.2,2866.3,4350.0,8,,outubro/2026
São Paulo,Jardim São João (Jaraguá),casa,venda,4050.6,3484.8,4419.6,15,,outubro/2026
São Paulo,Jardim São João (Zona Norte),casa,venda,3846.2,3230.8,4173.1,6,,outubro/2026
São Paulo,Jardim São Jorge,casa,venda,3755.0,2670.5,5435.5,52,,outubro/2026
São Paulo,Jardim São José,casa,venda,4035.9,3569.2,5329.5,32,,outubro/2026
São Paulo,Jardim São José (São Mateus),casa,venda,3409.1,2618.7,4895.8,11,,outubro/2026
São Paulo,Jardim São José (Zona Norte),casa,venda,4830.1,3854.2,5326.8,28,,outubro/2026
São Paulo,Jardim São Judas Tadeu,casa,venda,3020.0,2580.0,3282.9,16,,outubro/2026
São Paulo,Jardim São Luís,casa,venda,4750.0,3472.2,5846.4,19,,outubro/2026
São Paulo,Jardim São Luís (Zona Leste),casa,venda,2758.3,1910.0,4029.2,6,,outubro/2026
São Paulo,Jardim São Manoel,casa,venda,3214.3,2983.9,3525.0,7,,outubro/2026
São Paulo,Jardim São Miguel,casa,venda,4076.7,3233.9,4821.9,24,,outubro/2026
São Paulo,Jardim São Nicolau,casa,venda,5022.2,3525.2,5944.6,30,,outubro/2026
São Paulo,Jardim São Paulo (Zona Leste),casa,venda,2679.5,1775.0,3233.3,16,,outubro/2026
São Paulo,Jardim São Paulo (Zona Norte),casa,venda,6538.5,5064.3,8347.8,125,6.61,outubro/2026
São Paulo,Jardim São Paulo (Zona Norte),casa,aluguel,36.0,27.1,40.0,17,6.61,outubro/2026
São Paulo,Jardim São Pedro,casa,venda,2476.9,2120.0,2977.9,10,,outubro/2026
São Paulo,Jardim São Rafael,casa,venda,2800.0,2288.7,4133.9,7,,outubro/2026
São Paulo,Jardim São Ricardo,casa,venda,5112.8,3988.8,6855.9,35,,outubro/2026
São Paulo,Jardim São Roberto,casa,venda,3929.1,2745.8,4354.0,6,,outubro/2026
São Paulo,Jardim São Roque,casa,venda,4160.0,2750.0,6400.0,9,,outubro/2026
São Paulo,Jardim São Savério,casa,venda,4102.9,2568.8,4583.3,5,,outubro/2026
São Paulo,Jardim São Sebastião,casa,venda,4446.2,3667.4,5169.9,6,,outubro/2026
São Paulo,Jardim São Vicente,casa,venda,3155.6,2531.0,4249.0,20,,outubro/2026
São Paulo,Jardim Sapopemba,casa,venda,3061.2,2436.0,4160.0,77,,outubro/2026
São Paulo,Jardim Sarah,casa,venda,4406.0,3660.0,5408.3,40,,outubro/2026
São Paulo,Jardim Satélite,casa,venda,5244.0,3776.1,6913.6,24,,outubro/2026
São Paulo,Jardim Seckler,casa,venda,3788.9,3049.7,4711.1,14,,outubro/2026
São Paulo,Jardim Selma,casa,venda,3109.8,2380.0,5124.1,8,,outubro/2026
São Paulo,Jardim Senice,casa,venda,2169.0,1989.8,2263.1,6,,outubro/2026
São Paulo,Jardim Sertãozinho,casa,venda,4568.9,3888.9,4866.7,9,,outubro/2026
São Paulo,Jardim Shangrilá (Zona Norte),casa,venda,2619.0,2315.6,2800.0,9,,outubro/2026
São Paulo,Jardim Shangrilá (Zona Sul),casa,venda,1984.6,1616.7,3198.7,10,,outubro/2026
São Paulo,Jardim Silva Teles,casa,venda,4033.3,2312.5,4773.4,12,,outubro/2026
São Paulo,Jardim Silveira,casa,venda,2107.6,1345.4,3067.7,6,,outubro/2026
São Paulo,Jardim Sônia (Zona Sul),casa,venda,4120.6,3456.9,5531.2,10,,outubro/2026
São Paulo,Jardim Sônia Inga,casa,venda,2411.0,2302.4,2680.8,6,,outubro/2026
São Paulo,Jardim Soraia,casa,venda,3708.1,2828.8,4148.0,22,,outubro/2026
São Paulo,Jardim Souza,casa,venda,3200.0,2897.7,3876.0,7,,outubro/2026
São Paulo,Jardim Suzana,casa,venda,5400.0,4248.2,6016.2,10,,outubro/2026
São Paulo,Jardim Sydney,casa,venda,2923.1,2195.1,3200.0,5,,outubro/2026
São Paulo,Jardim Taboão,casa,venda,4976.6,4197.9,5776.9,72,7.72,outubro/2026
São Paulo,Jardim Taboão,casa,aluguel,32.0,25.4,36.7,5,7.72,outubro/2026
São Paulo,Jardim Taipas,casa,venda,3658.2,2523.8,3846.2,9,,outubro/2026
São Paulo,Jardim Tango,casa,venda,4041.7,3500.0,4524.1,19,,outubro/2026
São Paulo,Jardim Tenani,casa,venda,5600.0,5440.0,7777.8,5,,outubro/2026
São Paulo,Jardim Teresa,casa,venda,5033.6,4113.6,6649.8,23,,outubro/2026
São Paulo,Jardim Têxtil,casa,venda,6427.2,5268.0,7879.3,62,6.24,outubro/2026
São Paulo,Jardim Têxtil,casa,aluguel,33.4,30.2,42.9,11,6.24,outubro/2026
São Paulo,Jardim Thomaz,casa,venda,4261.4,3600.0,5800.0,5,,outubro/2026
São Paulo,Jardim Tietê,casa,venda,3636.4,2830.2,4500.0,33,,outubro/2026
São Paulo,Jardim Toca,casa,venda,3200.0,2457.1,3928.6,9,,outubro/2026
São Paulo,Jardim Tremembé,casa,venda,3684.8,2683.4,5402.0,38,,outubro/2026
São Paulo,Jardim Três Marias,casa,venda,4370.4,3142.9,5650.0,25,,outubro/2026
São Paulo,Jardim Triana,casa,venda,5087.7,4591.7,6118.3,22,,outubro/2026
São Paulo,Jardim Trussardi,casa,venda,6470.6,5662.3,7269.5,31,5.56,outubro/2026
São Paulo,Jardim Trussardi,casa,aluguel,30.0,25.9,34.5,7,5.56,outubro/2026
São Paulo,Jardim Tuã,casa,venda,2480.0,2186.3,2918.3,11,,outubro/2026
São Paulo,Jardim Ubirajara,casa,venda,6067.0,4223.9,6865.4,14,,outubro/2026
São Paulo,Jardim Umarizal,casa,venda,5156.2,4080.1,5937.2,47,,outubro/2026
São Paulo,Jardim Umuarama,casa,venda,5562.5,4662.0,7591.0,23,,outubro/2026
São Paulo,Jardim Vale das Virtudes,casa,venda,3071.4,2062.5,3268.0,9,,outubro/2026
São Paulo,Jardim Varginha,casa,venda,2613.3,2084.1,2962.1,8,,outubro/2026
São Paulo,Jardim Vaz de Lima,casa,venda,3369.6,2625.0,3625.0,9,,outubro/2026
São Paulo,Jardim Vera Cruz,casa,venda,8361.2,4069.1,9574.7,12,,outubro/2026
São Paulo,Jardim Vera Cruz (Zona Leste),casa,venda,2559.2,1975.0,2947.0,19,,outubro/2026
São Paulo,Jardim Vergueiro (Sacomã),casa,venda,4381.0,3669.6,5222.7,35,,outubro/2026
São Paulo,Jardim Verônia,casa,venda,2333.3,2130.2,3222.6,7,,outubro/2026
São Paulo,Jardim Viana,casa,venda,10000.0,7750.0,11871.3,7,,outubro/2026
São Paulo,Jardim Vila Carrão,casa,venda,2978.3,2341.2,3379.1,24,,outubro/2026
São Paulo,Jardim Vila Rica,casa,venda,4695.0,3880.7,6682.2,8,,outubro/2026
São Paulo,Jardim Virgínia Bianca,casa,venda,4780.9,3833.3,5500.0,73,7.86,outubro/2026
São Paulo,Jardim Virgínia Bianca,casa,aluguel,31.3,27.7,36.4,6,7.86,outubro/2026
São Paulo,Jardim Vista Alegre,casa,venda,3122.0,2231.7,3568.9,15,,outubro/2026
São Paulo,Jardim Vista Linda,casa,venda,4733.3,3660.0,6027.6,28,,outubro/2026
São Paulo,Jardim Vitória Régia,casa,venda,5200.0,3075.5,8199.4,13,,outubro/2026
São Paulo,Jardim Vivan,casa,venda,4256.1,3524.4,4897.3,38,,outubro/2026
São Paulo,Jardim Yara,casa,venda,2494.9,2164.9,3171.4,8,,outubro/2026
São Paulo,Jardins,casa,venda,15735.2,14000.0,16000.0,5,,outubro/2026
São Paulo,Jordanópolis,casa,venda,4306.7,3654.7,5558.3,22,,outubro/2026
São Paulo,José Bonifácio,casa,venda,2526.7,2270.8,2789.4,6,,outubro/2026
São Paulo,Lajeado,casa,venda,3684.7,2293.8,5808.8,21,,outubro/2026
São Paulo,Lapa,casa,venda,7382.6,5149.0,8567.5,35,5.41,outubro/2026
São Paulo,Lapa,casa,aluguel,33.3,27.2,35.1,7,5.41,outubro/2026
São Paulo,Lapa de Baixo,casa,venda,5350.9,4333.3,6363.6,13,,outubro/2026
São Paulo,Lar,casa,venda,5661.8,4488.9,6380.1,7,,outubro/2026
São Paulo,Lauzane Paulista,casa,venda,4465.6,3178.6,5972.2,58,8.06,outubro/2026
São Paulo,Lauzane Paulista,casa,aluguel,30.0,24.8,32.5,11,8.06,outubro/2026
São Paulo,Liberdade,casa,venda,7716.7,4800.8,8955.6,7,,outubro/2026
São Paulo,Limão,casa,venda,5000.0,3612.1,6372.5,25,,outubro/2026
São Paulo,Limoeiro,casa,venda,3800.0,2927.7,5105.7,35,,outubro/2026
São Paulo,Mandaqui,casa,venda,5616.4,4348.5,6951.9,103,5.7,outubro/2026
São Paulo,Mandaqui,casa,aluguel,26.7,24.4,30.0,10,5.7,outubro/2026
São Paulo,Maranhão,casa,venda,6027.8,4435.5,7874.8,12,,outubro/2026
São Paulo,Mirandópolis,casa,venda,7333.3,6363.6,9230.8,141,6.2,outubro/2026
São Paulo,Mirandópolis,casa,aluguel,37.9,28.6,43.3,29,6.2,outubro/2026
São Paulo,Moema,casa,venda,9231.8,7348.0,12440.5,257,7.51,outubro/2026
São Paulo,Moema,casa,aluguel,57.8,42.1,74.8,50,7.51,outubro/2026
São Paulo,Mooca,casa,venda,6000.0,4559.7,8069.2,882,6.48,outubro/2026
São Paulo,Mooca,casa,aluguel,32.4,27.0,46.0,94,6.48,outubro/2026
São Paulo,Morro do Índio,casa,venda,2590.4,2037.0,3005.5,5,,outubro/2026
São Paulo,Morro dos Ingleses,casa,venda,9543.6,6998.1,12301.5,7,,outubro/2026
São Paulo,Morro Grande,casa,venda,4794.5,3194.4,6428.6,17,,outubro/2026
São Paulo,Morumbi,casa,venda,6900.0,5695.5,9657.1,83,6.52,outubro/2026
São Paulo,Morumbi,casa,aluguel,37.5,34.5,46.7,29,6.52,outubro/2026
São Paulo,Morumbi Sul,casa,venda,6324.8,5398.1,7010.3,8,,outubro/2026
São Paulo,Nossa Senhora do Ó,casa,venda,3872.8,3499.2,5082.6,8,,outubro/2026
São Paulo,Nova Klabin,casa,venda,6923.1,5865.9,7841.7,9,,outubro/2026
São Paulo,Nova Piraju,casa,venda,7600.0,6112.1,9565.3,15,,outubro/2026
São Paulo,Pacaembu,casa,venda,10274.6,8284.9,12500.0,152,6.23,outubro/2026
São Paulo,Pacaembu,casa,aluguel,53.3,42.7,65.8,27,6.23,outubro/2026
São Paulo,Palmas do Tremembé,casa,venda,4806.5,4646.9,6205.8,15,,outubro/2026
São Paulo,Parada Inglesa,casa,venda,6250.0,5000.0,7597.8,89,6.47,outubro/2026
São Paulo,Parada Inglesa,casa,aluguel,33.7,27.0,44.0,10,6.47,outubro/2026
São Paulo,Parada XV de Novembro,casa,venda,5000.0,3829.5,5537.7,19,,outubro/2026
São Paulo,Paraíso,casa,venda,10804.2,6659.3,16237.3,24,5.93,outubro/2026
São Paulo,Paraíso,casa,aluguel,53.4,43.2,77.2,22,5.93,outubro/2026
São Paulo,Parelheiros,casa,venda,2144.0,1625.0,3073.3,10,,outubro/2026
São Paulo,Pari,casa,venda,8500.0,6482.4,10745.5,10,,outubro/2026
São Paulo,Parque Alto do Rio Bonito,casa,venda,3433.1,3210.8,4474.2,18,,outubro/2026
São Paulo,Parque Alves de Lima,casa,venda,4356.2,3339.2,5622.2,6,,outubro/2026
São Paulo,Parque América,casa,venda,4074.8,3421.1,4993.3,29,,outubro/2026
São Paulo,Parque Anhangüera,casa,venda,4367.4,3218.8,5370.5,18,,outubro/2026
São Paulo,Parque Arariba,casa,venda,4878.0,3906.6,5889.1,19,,outubro/2026
São Paulo,Parque Artur Alvim,casa,venda,4847.0,3750.0,5870.3,10,,outubro/2026
São Paulo,Parque Belém,casa,venda,2928.2,1879.7,3870.8,13,,outubro/2026
São Paulo,Parque Boa Esperança,casa,venda,2833.3,1810.0,4138.3,7,,outubro/2026
São Paulo,Parque Boturussu,casa,venda,4500.0,3363.8,5704.1,70,6.83,outubro/2026
São Paulo,Parque Boturussu,casa,aluguel,25.6,22.1,32.4,6,6.83,outubro/2026
São Paulo,Parque Brasil,casa,venda,4322.5,3273.4,5225.0,14,,outubro/2026
São Paulo,Parque Bristol,casa,venda,3058.3,1875.0,3800.0,17,,outubro/2026
São Paulo,Parque Casa de Pedra,casa,venda,4351.7,3814.4,5810.4,52,,outubro/2026
São Paulo,Parque Císper,casa,venda,3504.5,2625.0,4400.0,30,,outubro/2026
São Paulo,Parque Cocaia,casa,venda,2500.0,1720.0,3200.0,13,,outubro/2026
São Paulo,Parque Colonial,casa,venda,6587.0,4776.9,10331.8,18,3.33,outubro/2026
São Paulo,Parque Colonial,casa,aluguel,18.3,12.3,22.5,5,3.33,outubro/2026
São Paulo,Parque Continental,casa,venda,5000.2,4320.5,6478.0,43,,outubro/2026
São Paulo,Parque Cruzeiro do Sul,casa,venda,4305.0,3246.0,5942.7,46,,outubro/2026
São Paulo,Parque da Lapa,casa,venda,7453.4,5474.4,10329.1,35,,outubro/2026
São Paulo,Parque da Mooca,casa,venda,6400.0,5346.2,8060.3,35,8.62,outubro/2026
São Paulo,Parque da Mooca,casa,aluguel,46.0,31.2,58.7,20,8.62,outubro/2026
São Paulo,Parque da Vila Prudente,casa,venda,6307.4,4234.5,8155.3,45,,outubro/2026
São Paulo,Parque das Árvores,casa,venda,5161.3,3250.0,5800.0,21,,outubro/2026
São Paulo,Parque das Paineiras,casa,venda,4341.5,3846.2,5266.3,21,,outubro/2026
São Paulo,Parque do Carmo,casa,venda,5390.9,4685.1,6053.0,22,,outubro/2026
São Paulo,Parque Dom João Neri,casa,venda,2560.0,2533.3,3900.0,5,,outubro/2026
São Paulo,Parque dos Bancários,casa,venda,3777.8,3036.1,4782.6,20,,outubro/2026
São Paulo,Parque dos Príncipes,casa,venda,5625.0,4523.8,7000.0,201,6.4,outubro/2026
São Paulo,Parque dos Príncipes,casa,aluguel,30.0,24.0,45.0,12,6.4,outubro/2026
São Paulo,Parque Edu Chaves,casa,venda,4250.7,3483.1,5317.7,44,,outubro/2026
São Paulo,Parque Esmeralda,casa,venda,4400.0,3346.2,5312.5,29,,outubro/2026
São Paulo,Parque Fernanda,casa,venda,4025.5,2671.9,5185.7,26,,outubro/2026
São Paulo,Parque Fongaro,casa,venda,3947.4,3415.4,4632.1,22,,outubro/2026
São Paulo,Parque Grajaú,casa,venda,2868.8,1600.0,3276.0,15,,outubro/2026
São Paulo,Parque Guaianazes,casa,venda,4330.7,3642.9,5937.5,33,,outubro/2026
São Paulo,Parque Guarani,casa,venda,2722.8,2161.8,4728.3,35,,outubro/2026
São Paulo,Parque Imperial,casa,venda,6055.6,4869.3,7294.4,12,,outubro/2026
São Paulo,Parque Independência,casa,venda,4272.7,3277.8,5594.4,16,,outubro/2026
São Paulo,Parque Ipê,casa,venda,4306.2,3541.7,5500.0,57,,outubro/2026
São Paulo,Parque Itaberaba,casa,venda,3987.5,2861.1,4953.8,19,,outubro/2026
São Paulo,Parque Ligia,casa,venda,2424.2,2218.4,3000.0,9,,outubro/2026
São Paulo,Parque Mandaqui,casa,venda,5594.4,4609.4,6750.0,45,5.79,outubro/2026
São Paulo,Parque Mandaqui,casa,aluguel,27.0,26.7,32.5,5,5.79,outubro/2026
São Paulo,Parque Maria Domitila,casa,venda,5472.4,4000.0,6851.8,27,,outubro/2026
São Paulo,Parque Maria Helena,casa,venda,4610.7,4085.0,5637.9,16,,outubro/2026
São Paulo,Parque Maria Luiza,casa,venda,3720.9,3477.5,4736.8,21,,outubro/2026
São Paulo,Parque Monteiro Soares,casa,venda,5231.6,4015.1,6414.3,32,,outubro/2026
São Paulo,Parque Munhoz,casa,venda,4942.4,4096.3,6202.7,20,,outubro/2026
São Paulo,Parque Nações Unidas,casa,venda,3483.8,3233.3,4371.4,22,,outubro/2026
São Paulo,Parque Novo Lar,casa,venda,3055.6,1923.1,4545.5,10,,outubro/2026
São Paulo,Parque Novo Mundo,casa,venda,5274.7,4054.1,6557.4,25,5.73,outubro/2026
São Paulo,Parque Novo Mundo,casa,aluguel,25.2,23.4,31.2,7,5.73,outubro/2026
São Paulo,Parque Novo Santo Amaro,casa,venda,3571.4,2142.9,4245.3,5,,outubro/2026
São Paulo,Parque Palmas do Tremembé,casa,venda,5891.6,5358.6,7309.1,20,,outubro/2026
São Paulo,Parque Panamericano,casa,venda,3357.4,2582.0,5116.0,32,,outubro/2026
São Paulo,Parque Paulistano,casa,venda,4929.6,3921.6,6302.6,29,,outubro/2026
São Paulo,Parque Penha,casa,venda,3742.7,2896.0,4109.1,22,,outubro/2026
São Paulo,Parque Peruche,casa,venda,5393.5,4583.9,7123.1,24,,outubro/2026
São Paulo,Parque Planalto,casa,venda,3964.3,2784.1,4280.3,14,,outubro/2026
São Paulo,Parque Primavera,casa,venda,3750.0,3000.0,3921.6,9,,outubro/2026
São Paulo,Parque Ramos Freitas,casa,venda,4062.5,3184.3,4939.0,23,,outubro/2026
São Paulo,Parque Rebouças,casa,venda,6130.7,5779.6,6960.7,6,,outubro/2026
São Paulo,Parque Regina,casa,venda,3723.1,3003.0,4882.1,24,6.74,outubro/2026
São Paulo,Parque Regina,casa,aluguel,20.9,17.0,26.1,6,6.74,outubro/2026
São Paulo,Parque Residencial Cocaia,casa,venda,3280.0,2822.2,3940.0,14,,outubro/2026
São Paulo,Parque Residencial Oratório,casa,venda,4347.2,3575.8,6451.7,31,,outubro/2026
São Paulo,Parque Rodrigues Alves,casa,venda,6285.7,4566.7,7312.5,13,,outubro/2026
São Paulo,Parque Santa Amélia,casa,venda,4849.9,3276.7,5398.3,24,,outubro/2026
São Paulo,Parque Santa Madalena,casa,venda,3511.7,2825.8,4422.8,26,,outubro/2026
São Paulo,Parque Santa Rita,casa,venda,3064.6,2185.0,3600.0,14,,outubro/2026
São Paulo,Parque Santana,casa,venda,3284.2,3049.4,3459.0,6,,outubro/2026
São Paulo,Parque Santo Antônio,casa,venda,3040.0,2714.3,3515.6,17,,outubro/2026
São Paulo,Parque Santo Eduardo,casa,venda,3268.5,1978.3,3333.3,5,,outubro/2026
São Paulo,Parque São Domingos,casa,venda,6122.4,5104.7,7142.9,37,5.61,outubro/2026
São Paulo,Parque São Domingos,casa,aluguel,28.6,22.2,36.0,13,5.61,outubro/2026
São Paulo,Parque São Jorge,casa,venda,4444.4,4137.9,6046.5,13,,outubro/2026
São Paulo,Parque São José,casa,venda,2589.5,1844.7,5212.5,6,,outubro/2026
São Paulo,Parque São Luís,casa,venda,4815.2,3927.7,5669.0,28,,outubro/2026
São Paulo,Parque São Rafael,casa,venda,3564.4,2725.7,4925.8,42,6.94,outubro/2026
São Paulo,Parque São Rafael,casa,aluguel,20.6,18.8,22.1,6,6.94,outubro/2026
São Paulo,Parque Savoy City,casa,venda,4240.0,3333.3,5000.0,29,5.04,outubro/2026
São Paulo,Parque Savoy City,casa,aluguel,17.8,16.2,32.9,6,5.04,outubro/2026
São Paulo,Parque Sevilha,casa,venda,5461.8,3868.8,6049.1,20,,outubro/2026
São Paulo,Parque Sônia,casa,venda,4777.8,4285.7,5288.2,9,,outubro/2026
São Paulo,Parque Taipas,casa,venda,2611.7,2269.6,2794.4,10,,outubro/2026
São Paulo,Parque Tietê,casa,venda,3200.0,2660.3,4177.0,7,,outubro/2026
São Paulo,Parque Tomas Saraiva,casa,venda,3991.0,3064.2,5729.3,27,,outubro/2026
São Paulo,Parque Vitória,casa,venda,6394.7,4689.0,7669.9,41,,outubro/2026
São Paulo,Patriarca (Zona Leste),casa,venda,4980.0,4133.3,5375.0,5,,outubro/2026
São Paulo,Pedreira,casa,venda,4661.7,4465.2,5075.2,10,,outubro/2026
São Paulo,Penha de França,casa,venda,5235.3,4219.4,6607.7,195,7.11,outubro/2026
São Paulo,Penha de França,casa,aluguel,31.0,22.9,37.3,20,7.11,outubro/2026
São Paulo,Perdizes,casa,venda,9000.0,6986.3,11960.0,417,6.11,outubro/2026
São Paulo,Perdizes,casa,aluguel,45.8,35.2,58.7,43,6.11,outubro/2026
São Paulo,Perus,casa,venda,3736.3,2739.3,4701.1,23,,outubro/2026
São Paulo,Pinheiros,casa,venda,12521.7,9580.6,15990.6,242,5.99,outubro/2026
São Paulo,Pinheiros,casa,aluguel,62.5,41.7,80.7,47,5.99,outubro/2026
São Paulo,Piqueri,casa,venda,4557.1,3351.3,5816.7,20,,outubro/2026
São Paulo,Pirajussara,casa,venda,3497.6,2674.2,4827.7,6,,outubro/2026
São Paulo,Pirituba,casa,venda,4980.0,4179.4,6419.6,19,,outubro/2026
São Paulo,Planalto Paulista,casa,venda,6950.0,5447.1,8739.5,199,6.75,outubro/2026
São Paulo,Planalto Paulista,casa,aluguel,39.1,30.0,54.5,49,6.75,outubro/2026
São Paulo,Ponte Rasa,casa,venda,4913.7,3505.5,5555.6,23,,outubro/2026
São Paulo,Praça da Árvore,casa,venda,6168.3,5364.2,7347.4,20,,outubro/2026
São Paulo,Quarta Parada,casa,venda,5541.9,5047.5,6074.1,12,5.78,outubro/2026
São Paulo,Quarta Parada,casa,aluguel,26.7,25.6,31.8,7,5.78,outubro/2026
São Paulo,Quinta da Paineira,casa,venda,5814.0,4444.4,6754.8,37,,outubro/2026
São Paulo,Real Parque,casa,venda,8145.7,5964.6,10758.6,14,,outubro/2026
São Paulo,Recanto Campo Belo,casa,venda,1937.5,1327.5,2250.0,6,,outubro/2026
São Paulo,Retiro Morumbi,casa,venda,9676.5,6608.0,14697.1,8,,outubro/2026
São Paulo,Rio Pequeno,casa,venda,4172.9,3395.6,5056.3,32,6.82,outubro/2026
São Paulo,Rio Pequeno,casa,aluguel,23.7,19.0,29.2,8,6.82,outubro/2026
São Paulo,Rolinópolis,casa,venda,5004.5,3658.0,5810.0,8,,outubro/2026
São Paulo,Sacomã,casa,venda,4240.0,3577.9,5225.0,79,7.56,outubro/2026
São Paulo,Sacomã,casa,aluguel,26.7,17.2,32.5,11,7.56,outubro/2026
São Paulo,Santa Cecília,casa,venda,6125.0,4001.4,10029.2,14,,outubro/2026
São Paulo,Santa Teresinha,casa,venda,6193.2,5375.0,7285.7,38,,outubro/2026
São Paulo,Santana,casa,venda,5745.0,4534.6,7842.0,614,6.83,outubro/2026
São Paulo,Santana,casa,aluguel,32.7,26.0,46.7,51,6.83,outubro/2026
São Paulo,Santo Amaro,casa,venda,7857.1,6189.9,10033.0,87,6.61,outubro/2026
São Paulo,Santo Amaro,casa,aluguel,43.3,31.0,56.9,34,6.61,outubro/2026
São Paulo,São João Clímaco,casa,venda,4160.7,3120.6,5083.5,26,,outubro/2026
São Paulo,São Judas,casa,venda,5745.3,5020.2,6276.8,6,,outubro/2026
São Paulo,São Lucas,casa,venda,4583.3,3526.8,6304.2,152,5.89,outubro/2026
São Paulo,São Lucas,casa,aluguel,22.5,20.0,29.2,9,5.89,outubro/2026
São Paulo,São Mateus,casa,venda,2615.4,1900.0,3909.1,9,,outubro/2026
São Paulo,São Miguel,casa,venda,5875.5,5408.6,6311.7,6,,outubro/2026
São Paulo,São Miguel Paulista,casa,venda,4689.8,3354.8,6255.7,76,9.21,outubro/2026
São Paulo,São Miguel Paulista,casa,aluguel,36.0,26.9,46.8,6,9.21,outubro/2026
São Paulo,Sapopemba,casa,venda,4152.0,2945.3,4418.2,12,6.21,outubro/2026
São Paulo,Sapopemba,casa,aluguel,21.5,18.9,26.6,14,6.21,outubro/2026
São Paulo,Saúde,casa,venda,5893.0,4810.0,7997.8,122,5.93,outubro/2026
São Paulo,Saúde,casa,aluguel,29.1,22.7,37.7,35,5.93,outubro/2026
São Paulo,Sete Praias,casa,venda,3666.7,2014.7,4100.0,13,,outubro/2026
São Paulo,Sítio da Figueira,casa,venda,4364.7,4012.5,4981.6,11,,outubro/2026
São Paulo,Sítio do Mandaqui,casa,venda,4269.7,2680.6,6443.1,6,,outubro/2026
São Paulo,Socorro,casa,venda,4910.0,4040.5,5687.0,8,,outubro/2026
São Paulo,Sumaré,casa,venda,9874.4,7970.0,12160.7,90,6.0,outubro/2026
São Paulo,Sumaré,casa,aluguel,49.4,37.0,61.8,16,6.0,outubro/2026
São Paulo,Sumarezinho,casa,venda,10391.3,8333.3,12269.9,17,4.95,outubro/2026
São Paulo,Sumarezinho,casa,aluguel,42.9,39.7,47.2,5,4.95,outubro/2026
São Paulo,Super Quadra Morumbi,casa,venda,7333.3,5000.0,8823.5,13,,outubro/2026
São Paulo,Taipas,casa,venda,4100.0,3575.0,5166.7,13,,outubro/2026
São Paulo,Tatuapé,casa,venda,6349.0,4858.5,8978.7,678,6.75,outubro/2026
São Paulo,Tatuapé,casa,aluguel,35.7,26.7,48.3,115,6.75,outubro/2026
São Paulo,Tremembé,casa,venda,5300.8,4245.4,6795.0,128,7.65,outubro/2026
São Paulo,Tremembé,casa,aluguel,33.8,27.5,35.0,9,7.65,outubro/2026
São Paulo,Tucuruvi,casa,venda,6116.0,4453.7,7527.4,116,6.93,outubro/2026
São Paulo,Tucuruvi,casa,aluguel,35.3,24.5,47.5,12,6.93,outubro/2026
São Paulo,Umarizal,casa,venda,6250.0,4522.2,6399.5,7,,outubro/2026
São Paulo,Vila Água Funda,casa,venda,3469.6,3020.4,3625.0,9,,outubro/2026
São Paulo,Vila Albertina,casa,venda,5260.0,4051.8,6539.3,100,7.55,outubro/2026
São Paulo,Vila Albertina,casa,aluguel,33.1,27.8,38.1,5,7.55,outubro/2026
São Paulo,Vila Alexandria,casa,venda,5190.5,4391.7,6820.7,6,,outubro/2026
São Paulo,Vila Alpina,casa,venda,5050.0,4037.5,6490.1,66,6.44,outubro/2026
São Paulo,Vila Alpina,casa,aluguel,27.1,20.2,30.1,6,6.44,outubro/2026
São Paulo,Vila Amália,casa,venda,4793.3,3209.6,5898.4,12,,outubro/2026
São Paulo,Vila Amélia,casa,venda,4829.3,3825.5,6966.5,6,,outubro/2026
São Paulo,Vila Anastácio,casa,venda,5681.8,3596.8,7571.4,5,,outubro/2026
São Paulo,Vila Andrade,casa,venda,6227.1,5359.7,7026.5,11,10.08,outubro/2026
São Paulo,Vila Andrade,casa,aluguel,52.3,36.1,58.1,8,10.08,outubro/2026
São Paulo,Vila Anglo Brasileira,casa,venda,8392.9,6288.2,11011.9,15,,outubro/2026
São Paulo,Vila Anhangüera,casa,venda,6141.3,5240.2,6808.0,9,,outubro/2026
São Paulo,Vila Antonieta,casa,venda,4735.0,3749.3,5612.7,42,,outubro/2026
São Paulo,Vila Antonina,casa,venda,5158.6,3690.5,8195.2,10,,outubro/2026
São Paulo,Vila Antônio,casa,venda,4090.9,3333.3,5095.5,17,,outubro/2026
São Paulo,Vila Araguaia,casa,venda,4625.0,2637.9,5373.1,9,,outubro/2026
São Paulo,Vila Arapuã,casa,venda,3646.3,2638.9,3666.7,5,,outubro/2026
São Paulo,Vila Aricanduva,casa,venda,5300.0,4053.6,6173.8,43,5.68,outubro/2026
São Paulo,Vila Aricanduva,casa,aluguel,25.1,18.7,25.9,6,5.68,outubro/2026
São Paulo,Vila Aurea,casa,venda,6276.2,5683.0,6654.9,10,,outubro/2026
São Paulo,Vila Aurora (Zona Norte),casa,venda,4705.9,3611.1,6475.4,45,10.2,outubro/2026
São Paulo,Vila Aurora (Zona Norte),casa,aluguel,40.0,21.8,60.0,5,10.2,outubro/2026
São Paulo,Vila Babilônia,casa,venda,5851.9,4261.6,6396.5,11,,outubro/2026
São Paulo,Vila Barbosa,casa,venda,4473.1,3058.2,5734.2,58,,outubro/2026
São Paulo,Vila Beatriz,casa,venda,5749.6,5270.8,6642.9,14,,outubro/2026
São Paulo,Vila Bela,casa,venda,4855.6,3000.9,6206.1,14,,outubro/2026
São Paulo,Vila Bertioga,casa,venda,5418.2,4714.3,7741.9,45,7.49,outubro/2026
São Paulo,Vila Bertioga,casa,aluguel,33.8,29.7,36.9,11,7.49,outubro/2026
São Paulo,Vila Brasilândia,casa,venda,4578.8,3717.4,4989.0,9,,outubro/2026
São Paulo,Vila Brasilina,casa,venda,4068.3,3236.1,5309.4,106,,outubro/2026
São Paulo,Vila Brasílio Machado,casa,venda,6091.4,4950.0,7912.0,69,,outubro/2026
São Paulo,Vila Buenos Aires,casa,venda,3621.4,3041.7,4733.0,40,8.45,outubro/2026
São Paulo,Vila Buenos Aires,casa,aluguel,25.5,22.7,26.0,5,8.45,outubro/2026
São Paulo,Vila Butantã,casa,venda,4295.7,3758.1,5185.8,14,,outubro/2026
São Paulo,Vila Cachoeira,casa,venda,2258.0,1685.7,3295.1,6,,outubro/2026
São Paulo,Vila Califórnia,casa,venda,5448.3,3294.6,6127.7,21,,outubro/2026
São Paulo,Vila Campanela,casa,venda,2575.0,2282.8,2813.0,6,,outubro/2026
São Paulo,Vila Campestre,casa,venda,4350.2,2789.1,5470.5,14,,outubro/2026
São Paulo,Vila Canero,casa,venda,7000.0,5474.9,7353.5,7,,outubro/2026
São Paulo,Vila Caraguatá,casa,venda,3666.7,3435.4,4125.0,8,,outubro/2026
São Paulo,Vila Cardoso Franco,casa,venda,2660.0,2431.6,3175.4,7,,outubro/2026
São Paulo,Vila Carioca,casa,venda,4200.0,3795.6,4416.6,9,,outubro/2026
São Paulo,Vila Carmosina,casa,venda,3861.6,2758.5,4812.5,24,7.4,outubro/2026
São Paulo,Vila Carmosina,casa,aluguel,23.8,18.0,34.1,8,7.4,outubro/2026
São Paulo,Vila Carolina,casa,venda,5500.0,4464.3,5740.7,5,,outubro/2026
São Paulo,Vila Carrão,casa,venda,6012.7,4600.0,7600.0,353,6.17,outubro/2026
São Paulo,Vila Carrão,casa,aluguel,30.9,26.6,39.2,42,6.17,outubro/2026
São Paulo,Vila Clementino,casa,venda,8679.2,6906.2,11563.9,323,6.25,outubro/2026
São Paulo,Vila Clementino,casa,aluguel,45.2,37.5,61.5,57,6.25,outubro/2026
São Paulo,Vila Congonhas,casa,venda,8076.9,7307.7,10600.0,9,4.4,outubro/2026
São Paulo,Vila Congonhas,casa,aluguel,29.6,22.4,33.0,6,4.4,outubro/2026
São Paulo,Vila Constança,casa,venda,5000.0,4392.4,5967.8,62,6.53,outubro/2026
São Paulo,Vila Constança,casa,aluguel,27.2,17.8,36.2,11,6.53,outubro/2026
São Paulo,Vila Cordeiro,casa,venda,8000.0,6540.3,10504.9,47,6.66,outubro/2026
São Paulo,Vila Cordeiro,casa,aluguel,44.4,36.4,66.0,10,6.66,outubro/2026
São Paulo,Vila Cosmopolita,casa,venda,2675.7,2147.3,4250.8,6,,outubro/2026
São Paulo,Vila Costa Melo,casa,venda,4684.7,3518.2,5458.3,64,,outubro/2026
São Paulo,Vila Cruzeiro,casa,venda,6596.6,4686.2,7274.2,14,,outubro/2026
São Paulo,Vila Curuçá,casa,venda,4857.3,3929.8,6148.9,18,,outubro/2026
São Paulo,Vila da Saúde,casa,venda,5892.9,4618.3,7386.4,39,6.35,outubro/2026
São Paulo,Vila da Saúde,casa,aluguel,31.2,27.2,37.3,11,6.35,outubro/2026
São Paulo,Vila Dalila,casa,venda,5100.0,4506.8,6597.9,14,,outubro/2026
São Paulo,Vila Dalva,casa,venda,3120.0,2773.8,4640.0,21,,outubro/2026
São Paulo,Vila das Belezas,casa,venda,5100.0,4230.8,5375.0,5,,outubro/2026
São Paulo,Vila das Mercês,casa,venda,4136.4,3526.2,5210.6,43,7.77,outubro/2026
São Paulo,Vila das Mercês,casa,aluguel,26.8,24.3,33.7,14,7.77,outubro/2026
São Paulo,Vila Deodoro,casa,venda,7323.6,6268.6,7884.4,12,,outubro/2026
São Paulo,Vila Diva,casa,venda,4539.4,3769.8,5457.1,7,,outubro/2026
São Paulo,Vila Diva (Zona Leste),casa,venda,4901.5,4033.0,6213.3,8,,outubro/2026
São Paulo,Vila Divina Pastora,casa,venda,6000.0,4666.7,6381.0,5,,outubro/2026
São Paulo,Vila do Bosque,casa,venda,6030.3,5714.3,7214.6,10,,outubro/2026
São Paulo,Vila do Castelo,casa,venda,4504.2,3758.2,5277.7,6,,outubro/2026
São Paulo,Vila do Encontro,casa,venda,4807.5,4132.0,5205.0,16,,outubro/2026
São Paulo,Vila Dom Pedro I,casa,venda,6416.7,5240.3,7863.9,39,5.87,outubro/2026
São Paulo,Vila Dom Pedro I,casa,aluguel,31.4,27.5,35.2,8,5.87,outubro/2026
São Paulo,Vila Dom Pedro II,casa,venda,6125.0,4829.2,7522.0,39,,outubro/2026
São Paulo,Vila Domitila,casa,venda,4928.6,4428.6,5933.3,9,,outubro/2026
São Paulo,Vila dos Remédios,casa,venda,4125.0,3806.6,5000.0,9,,outubro/2026
São Paulo,Vila Ede,casa,venda,5634.5,4888.1,6289.5,13,,outubro/2026
São Paulo,Vila Ema,casa,venda,4666.7,3725.0,5872.7,103,6.61,outubro/2026
São Paulo,Vila Ema,casa,aluguel,25.7,16.5,30.0,13,6.61,outubro/2026
São Paulo,Vila Esperança,casa,venda,5602.8,4461.5,6666.7,41,5.23,outubro/2026
São Paulo,Vila Esperança,casa,aluguel,24.4,17.1,29.7,10,5.23,outubro/2026
São Paulo,Vila Ester (Zona Norte),casa,venda,5583.8,5177.8,8076.9,12,,outubro/2026
São Paulo,Vila Euthalia,casa,venda,5000.0,4966.7,5954.5,5,,outubro/2026
São Paulo,Vila Feliz,casa,venda,5183.8,3222.7,6582.3,10,,outubro/2026
São Paulo,Vila Fernandes,casa,venda,4940.7,3348.7,5922.5,7,,outubro/2026
São Paulo,Vila Firmiano Pinto,casa,venda,6121.6,5009.7,7401.5,42,5.41,outubro/2026
São Paulo,Vila Firmiano Pinto,casa,aluguel,27.6,24.5,41.3,8,5.41,outubro/2026
São Paulo,Vila Formosa,casa,venda,5100.0,3614.2,7064.2,727,6.09,outubro/2026
São Paulo,Vila Formosa,casa,aluguel,25.9,21.1,32.5,63,6.09,outubro/2026
São Paulo,Vila Franci,casa,venda,3615.4,3431.4,3750.0,9,,outubro/2026
São Paulo,Vila Germinal,casa,venda,5235.8,4599.5,6628.9,18,,outubro/2026
São Paulo,Vila Gomes,casa,venda,5552.4,4848.2,6932.3,16,5.79,outubro/2026
São Paulo,Vila Gomes,casa,aluguel,26.8,25.0,30.0,5,5.79,outubro/2026
São Paulo,Vila Gomes Cardim,casa,venda,7231.4,5984.8,8837.2,63,6.97,outubro/2026
São Paulo,Vila Gomes Cardim,casa,aluguel,42.0,34.6,60.9,35,6.97,outubro/2026
São Paulo,Vila Graciosa,casa,venda,4722.2,3669.2,5029.4,5,,outubro/2026
São Paulo,Vila Granada,casa,venda,5058.1,3771.2,6057.7,51,,outubro/2026
São Paulo,Vila Guaca,casa,venda,4832.6,4058.4,6437.4,38,,outubro/2026
São Paulo,Vila Guacuri,casa,venda,2591.6,2087.5,3860.0,8,,outubro/2026
São Paulo,Vila Guarani (Zona Sul),casa,venda,5164.6,4267.0,6509.0,74,5.79,outubro/2026
São Paulo,Vila Guarani (Zona Sul),casa,aluguel,24.9,20.5,30.2,8,5.79,outubro/2026
São Paulo,Vila Guilherme,casa,venda,5459.8,4347.4,7005.5,66,7.47,outubro/2026
São Paulo,Vila Guilherme,casa,aluguel,34.0,31.5,40.1,15,7.47,outubro/2026
São Paulo,Vila Guilhermina,casa,venda,5651.3,5180.5,7098.0,24,,outubro/2026
São Paulo,Vila Gumercindo,casa,venda,5800.2,4750.4,8265.7,126,7.01,outubro/2026
São Paulo,Vila Gumercindo,casa,aluguel,33.9,25.8,45.2,22,7.01,outubro/2026
São Paulo,Vila Gustavo,casa,venda,5633.3,3750.0,6619.7,57,5.39,outubro/2026
São Paulo,Vila Gustavo,casa,aluguel,25.3,23.5,28.5,8,5.39,outubro/2026
São Paulo,Vila Ida,casa,venda,9876.5,8000.0,11502.3,21,,outubro/2026
São Paulo,Vila Inah,casa,venda,7991.4,4465.0,8312.3,7,,outubro/2026
São Paulo,Vila Independência,casa,venda,4370.4,3733.6,5000.0,25,,outubro/2026
São Paulo,Vila Indiana,casa,venda,4830.9,4121.4,5914.8,10,,outubro/2026
São Paulo,Vila Industrial,casa,venda,3660.7,2600.0,4838.7,29,,outubro/2026
São Paulo,Vila Invernada,casa,venda,5345.9,4166.7,7083.3,57,,outubro/2026
São Paulo,Vila Ipojuca,casa,venda,7352.9,5699.6,8838.4,24,,outubro/2026
São Paulo,Vila Irmãos Arnoni,casa,venda,5079.4,4154.9,6840.9,39,,outubro/2026
São Paulo,Vila Isa,casa,venda,4827.0,3978.8,5479.2,6,,outubro/2026
São Paulo,Vila Isolina Mazzei,casa,venda,6315.8,4587.2,7000.0,33,5.7,outubro/2026
São Paulo,Vila Isolina Mazzei,casa,aluguel,30.0,26.9,39.5,10,5.7,outubro/2026
São Paulo,Vila Ivg,casa,venda,4234.9,3287.0,7234.4,8,,outubro/2026
São Paulo,Vila Ivone,casa,venda,4378.7,3304.1,5500.0,16,,outubro/2026
São Paulo,Vila Jacuí,casa,venda,3722.2,3055.6,5862.1,17,,outubro/2026
São Paulo,Vila Jaguara,casa,venda,4014.0,3148.2,4706.9,14,,outubro/2026
São Paulo,Vila Lageado,casa,venda,5089.5,4534.1,6000.0,18,4.86,outubro/2026
São Paulo,Vila Lageado,casa,aluguel,20.6,16.7,24.6,5,4.86,outubro/2026
São Paulo,Vila Laís,casa,venda,5057.6,4147.3,6274.9,18,5.43,outubro/2026
São Paulo,Vila Laís,casa,aluguel,22.9,21.2,30.7,5,5.43,outubro/2026
São Paulo,Vila Leonor,casa,venda,4032.4,3746.1,4250.0,6,,outubro/2026
São Paulo,Vila Leopoldina,casa,venda,6624.2,5472.2,9245.8,14,7.35,outubro/2026
São Paulo,Vila Leopoldina,casa,aluguel,40.6,34.0,46.8,6,7.35,outubro/2026
São Paulo,Vila Libanesa,casa,venda,3580.9,2862.5,4880.1,20,,outubro/2026
São Paulo,Vila Liviero,casa,venda,3741.4,3286.9,4267.6,18,,outubro/2026
São Paulo,Vila Londrina,casa,venda,4177.1,3469.0,4340.6,12,,outubro/2026
São Paulo,Vila Lúcia,casa,venda,6461.5,4739.2,8556.6,11,,outubro/2026
São Paulo,Vila Madalena,casa,venda,10924.4,8214.6,13504.1,223,5.46,outubro/2026
São Paulo,Vila Madalena,casa,aluguel,49.7,36.1,73.4,43,5.46,outubro/2026
São Paulo,Vila Mafra,casa,venda,5669.6,4100.0,7102.6,19,,outubro/2026
São Paulo,Vila Maracanã,casa,venda,3598.5,3066.0,4427.0,10,,outubro/2026
São Paulo,Vila Marari,casa,venda,4741.4,3761.1,6167.1,71,,outubro/2026
São Paulo,Vila Margarida,casa,venda,4494.4,2614.4,5999.4,7,,outubro/2026
São Paulo,Vila Maria,casa,venda,4964.3,4500.0,5978.3,13,6.26,outubro/2026
São Paulo,Vila Maria,casa,aluguel,25.9,22.3,35.0,21,6.26,outubro/2026
São Paulo,Vila Maria Alta,casa,venda,5434.0,4029.8,7065.0,44,6.6,outubro/2026
São Paulo,Vila Maria Alta,casa,aluguel,29.9,23.2,40.2,12,6.6,outubro/2026
São Paulo,Vila Mariana,casa,venda,8230.6,6220.5,11045.9,668,5.93,outubro/2026
São Paulo,Vila Mariana,casa,aluguel,40.7,33.9,53.8,140,5.93,outubro/2026
São Paulo,Vila Marieta,casa,venda,4444.4,3625.0,5977.0,29,,outubro/2026
São Paulo,Vila Mariza Mazzei,casa,venda,5860.0,5198.5,6236.8,6,,outubro/2026
São Paulo,Vila Marte,casa,venda,4260.0,3756.9,4630.1,7,,outubro/2026
São Paulo,Vila Mascote,casa,venda,5300.0,4521.3,7533.3,13,8.02,outubro/2026
São Paulo,Vila Mascote,casa,aluguel,35.4,30.9,42.7,11,8.02,outubro/2026
São Paulo,Vila Matilde,casa,venda,4956.7,4079.6,6071.2,92,5.5,outubro/2026
São Paulo,Vila Matilde,casa,aluguel,22.7,17.6,27.3,13,5.5,outubro/2026
São Paulo,Vila Mazzei,casa,venda,5221.8,3989.3,6474.0,99,7.08,outubro/2026
São Paulo,Vila Mazzei,casa,aluguel,30.8,21.2,37.3,22,7.08,outubro/2026
São Paulo,Vila Medeiros,casa,venda,4611.1,4000.0,6421.1,73,7.39,outubro/2026
São Paulo,Vila Medeiros,casa,aluguel,28.4,23.8,33.1,14,7.39,outubro/2026
São Paulo,Vila Mesquita,casa,venda,3282.4,3235.3,3714.3,5,,outubro/2026
São Paulo,Vila Moinho Velho,casa,venda,4945.1,3928.6,6241.8,85,4.85,outubro/2026
São Paulo,Vila Moinho Velho,casa,aluguel,20.0,18.4,24.0,9,4.85,outubro/2026
São Paulo,Vila Monte Alegre,casa,venda,5305.0,4295.7,7149.6,12,,outubro/2026
São Paulo,Vila Monte Santo,casa,venda,3316.7,2400.0,4767.9,7,,outubro/2026
São Paulo,Vila Monumento,casa,venda,5020.8,4138.9,7048.4,115,6.91,outubro/2026
São Paulo,Vila Monumento,casa,aluguel,28.9,25.0,42.0,21,6.91,outubro/2026
São Paulo,Vila Moraes,casa,venda,4155.5,3125.0,4969.2,52,,outubro/2026
São Paulo,Vila Moreira,casa,venda,5400.0,3901.1,6531.2,6,,outubro/2026
São Paulo,Vila Morse,casa,venda,5000.0,4000.0,6800.0,13,,outubro/2026
São Paulo,Vila Morumbi,casa,venda,11411.7,9050.5,11508.3,7,,outubro/2026
São Paulo,Vila Nair,casa,venda,5323.1,4037.0,6782.4,43,5.09,outubro/2026
São Paulo,Vila Nair,casa,aluguel,22.6,8.8,24.0,5,5.09,outubro/2026
São Paulo,Vila Natália,casa,venda,3774.4,3176.0,4608.7,8,,outubro/2026
São Paulo,Vila Nhocune,casa,venda,4500.0,3743.8,5805.1,77,,outubro/2026
São Paulo,Vila Nilo,casa,venda,5592.1,4084.1,6320.2,20,,outubro/2026
São Paulo,Vila Nivi,casa,venda,7053.6,4523.8,8500.0,37,,outubro/2026
São Paulo,Vila Noca,casa,venda,4726.4,4059.5,5199.0,7,,outubro/2026
São Paulo,Vila Norma,casa,venda,4462.4,3681.2,5810.0,6,,outubro/2026
São Paulo,Vila Nova,casa,venda,3982.3,3556.7,4900.8,7,,outubro/2026
São Paulo,Vila Nova Alba,casa,venda,3528.5,2671.7,3881.6,10,,outubro/2026
São Paulo,Vila Nova Carolina,casa,venda,4850.7,3850.0,6246.8,23,,outubro/2026
São Paulo,Vila Nova Conceição,casa,venda,17052.0,14166.7,18987.2,26,5.12,outubro/2026
São Paulo,Vila Nova Conceição,casa,aluguel,72.7,58.0,83.0,15,5.12,outubro/2026
São Paulo,Vila Nova Curuçá,casa,venda,4019.0,3226.9,4419.9,6,,outubro/2026
São Paulo,Vila Nova Galvão,casa,venda,2734.4,2237.5,3859.9,16,,outubro/2026
São Paulo,Vila Nova Jaraguá,casa,venda,2960.0,2580.0,3200.0,5,,outubro/2026
São Paulo,Vila Nova Manchester,casa,venda,4740.4,4030.1,5259.1,20,,outubro/2026
São Paulo,Vila Nova Mazzei,casa,venda,4845.9,3958.3,6023.8,68,6.56,outubro/2026
São Paulo,Vila Nova Mazzei,casa,aluguel,26.5,22.2,31.7,7,6.56,outubro/2026
São Paulo,Vila Nova Savoia,casa,venda,3687.4,3262.5,4546.1,6,,outubro/2026
São Paulo,Vila Olímpia,casa,venda,10784.3,7792.7,15745.4,27,7.71,outubro/2026
São Paulo,Vila Olímpia,casa,aluguel,69.3,50.8,86.8,16,7.71,outubro/2026
São Paulo,Vila Olinda,casa,venda,5102.7,4214.3,6000.0,13,,outubro/2026
São Paulo,Vila Oratório,casa,venda,5301.2,5125.0,6857.1,13,,outubro/2026
São Paulo,Vila Paiva,casa,venda,7587.5,6018.1,8019.4,15,,outubro/2026
São Paulo,Vila Paranaguá,casa,venda,4809.0,3951.2,6084.7,23,,outubro/2026
São Paulo,Vila Parque Jabaquara,casa,venda,4747.9,4021.4,6270.1,54,,outubro/2026
São Paulo,Vila Paulicéia,casa,venda,6306.9,5346.4,7027.7,24,,outubro/2026
São Paulo,Vila Paulistana,casa,venda,4455.8,3840.5,4823.5,12,,outubro/2026
São Paulo,Vila Pedra Branca,casa,venda,5953.5,5432.3,6793.7,7,,outubro/2026
São Paulo,Vila Penteado,casa,venda,3850.0,3258.8,4074.1,5,,outubro/2026
São Paulo,Vila Pereira Barreto,casa,venda,4994.6,4157.7,5898.7,66,,outubro/2026
São Paulo,Vila Pierina,casa,venda,6122.4,4761.9,8039.2,9,,outubro/2026
São Paulo,Vila Pirajussara,casa,venda,5933.4,4700.0,6748.2,18,5.22,outubro/2026
São Paulo,Vila Pirajussara,casa,aluguel,25.8,21.9,31.9,11,5.22,outubro/2026
São Paulo,Vila Polopoli,casa,venda,5640.9,5182.9,6802.3,28,7.34,outubro/2026
São Paulo,Vila Polopoli,casa,aluguel,34.5,31.8,34.8,7,7.34,outubro/2026
São Paulo,Vila Pompeia,casa,venda,8894.2,6666.7,11300.0,49,4.45,outubro/2026
São Paulo,Vila Pompeia,casa,aluguel,33.0,30.0,38.8,8,4.45,outubro/2026
São Paulo,Vila Ponte Rasa,casa,venda,4458.3,3625.0,5795.5,12,,outubro/2026
São Paulo,Vila Portugal,casa,venda,4615.6,3353.3,5266.5,14,,outubro/2026
São Paulo,Vila Praia,casa,venda,4285.7,3750.0,5416.7,9,,outubro/2026
São Paulo,Vila Primavera,casa,venda,4689.0,4059.5,5421.6,16,,outubro/2026
São Paulo,Vila Progredior,casa,venda,5245.8,5019.8,6623.4,10,11.44,outubro/2026
São Paulo,Vila Progredior,casa,aluguel,50.0,35.0,70.2,10,11.44,outubro/2026
São Paulo,Vila Progresso,casa,venda,4102.6,2890.2,4334.6,11,,outubro/2026
São Paulo,Vila Prudente,casa,venda,5698.7,4456.7,7053.1,156,6.44,outubro/2026
São Paulo,Vila Prudente,casa,aluguel,30.6,24.4,41.2,44,6.44,outubro/2026
São Paulo,Vila Ré,casa,venda,5602.3,4498.0,6762.5,72,7.9,outubro/2026
São Paulo,Vila Ré,casa,aluguel,36.9,26.2,46.3,16,7.9,outubro/2026
São Paulo,Vila Regente Feijó,casa,venda,6153.8,5130.3,7669.7,63,5.77,outubro/2026
São Paulo,Vila Regente Feijó,casa,aluguel,29.6,22.4,36.9,31,5.77,outubro/2026
São Paulo,Vila Rica,casa,venda,3702.5,2773.5,4750.0,18,,outubro/2026
São Paulo,Vila Rio Branco,casa,venda,4760.4,3633.3,5433.9,10,,outubro/2026
São Paulo,Vila Romana,casa,venda,8670.4,7064.7,9430.4,28,4.29,outubro/2026
São Paulo,Vila Romana,casa,aluguel,31.0,24.0,41.6,11,4.29,outubro/2026
São Paulo,Vila Romero,casa,venda,6060.5,4933.7,6990.8,16,,outubro/2026
São Paulo,Vila Roque,casa,venda,5666.7,4775.1,6081.2,7,,outubro/2026
São Paulo,Vila Rosa,casa,venda,4611.1,3590.4,5463.9,7,,outubro/2026
São Paulo,Vila Rui Barbosa,casa,venda,5928.6,3950.0,6250.0,9,,outubro/2026
São Paulo,Vila Sabrina,casa,venda,4750.0,4621.5,4822.9,7,,outubro/2026
São Paulo,Vila Salete,casa,venda,5907.8,4380.3,6347.6,24,,outubro/2026
São Paulo,Vila Santa Catarina,casa,venda,4830.9,4238.5,5666.7,25,7.7,outubro/2026
São Paulo,Vila Santa Catarina,casa,aluguel,31.0,29.1,38.7,7,7.7,outubro/2026
São Paulo,Vila Santa Clara,casa,venda,5317.3,4274.6,7013.4,36,6.32,outubro/2026
São Paulo,Vila Santa Clara,casa,aluguel,28.0,18.2,32.5,6,6.32,outubro/2026
São Paulo,Vila Santa Isabel,casa,venda,6516.7,4923.6,7528.3,54,,outubro/2026
São Paulo,Vila Santa Maria,casa,venda,3728.8,2738.1,4000.0,5,,outubro/2026
São Paulo,Vila Santa Teresa (Zona Leste),casa,venda,4571.4,4137.9,5730.3,9,,outubro/2026
São Paulo,Vila Santa Terezinha,casa,venda,5550.7,3552.3,7425.3,20,,outubro/2026
São Paulo,Vila Santana,casa,venda,4697.0,3512.5,5062.5,15,,outubro/2026
São Paulo,Vila Santo Estéfano,casa,venda,4900.0,3784.2,5824.7,28,,outubro/2026
São Paulo,Vila Santo Estevão,casa,venda,5034.7,4843.8,7291.7,9,,outubro/2026
São Paulo,Vila Santos,casa,venda,4211.2,3962.2,4646.0,6,,outubro/2026
São Paulo,Vila São Francisco,casa,venda,6000.0,5146.1,7352.9,129,6.66,outubro/2026
São Paulo,Vila São Francisco,casa,aluguel,33.3,29.4,41.7,13,6.66,outubro/2026
São Paulo,Vila São Geraldo,casa,venda,6000.0,5235.3,6657.1,33,,outubro/2026
São Paulo,Vila São José (Ipiranga),casa,venda,4571.4,3869.7,6000.0,29,10.5,outubro/2026
São Paulo,Vila São José (Ipiranga),casa,aluguel,40.0,29.6,44.2,6,10.5,outubro/2026
São Paulo,Vila São Luís (Zona Oeste),casa,venda,5213.1,4600.0,5850.0,5,,outubro/2026
São Paulo,Vila São Silvestre,casa,venda,6428.6,5041.5,7193.5,25,,outubro/2026
São Paulo,Vila Sílvia,casa,venda,3614.1,2585.2,4717.9,12,,outubro/2026
São Paulo,Vila Siqueira (Zona Norte),casa,venda,5038.5,4545.1,6240.5,31,,outubro/2026
São Paulo,Vila Sônia,casa,venda,5455.9,4566.6,6244.8,52,7.48,outubro/2026
São Paulo,Vila Sônia,casa,aluguel,34.0,25.7,43.9,19,7.48,outubro/2026
São Paulo,Vila Suzana,casa,venda,5410.8,3818.1,6441.7,15,,outubro/2026
São Paulo,Vila Talarico,casa,venda,4891.3,4370.4,5700.0,17,,outubro/2026
São Paulo,Vila Taquari,casa,venda,3833.3,3574.7,4765.6,7,,outubro/2026
São Paulo,Vila Tiradentes,casa,venda,5500.0,4369.4,6073.5,19,,outubro/2026
São Paulo,Vila Tolstoi,casa,venda,4252.0,3721.4,5346.1,19,5.81,outubro/2026
São Paulo,Vila Tolstoi,casa,aluguel,20.6,18.8,30.0,5,5.81,outubro/2026
São Paulo,Vila Tramontano,casa,venda,6884.6,6087.0,7000.0,5,,outubro/2026
São Paulo,Vila União (Zona Leste),casa,venda,6632.8,3467.5,7021.0,7,,outubro/2026
São Paulo,Vila Universitária,casa,venda,4539.5,2976.2,5876.8,21,,outubro/2026
São Paulo,Vila Vasconcelos,casa,venda,4000.0,3991.1,4600.0,5,,outubro/2026
São Paulo,Vila Vera,casa,venda,3824.0,3247.7,5799.5,27,,outubro/2026
São Paulo,Vila Zelina,casa,venda,6128.0,4828.9,7943.9,13,,outubro/2026
São Paulo,Aclimação,apartamento,venda,9398.1,7050.2,13125.2,782,7.43,outubro/2026
São Paulo,Aclimação,apartamento,aluguel,58.2,40.5,73.8,49,7.43,outubro/2026
São Paulo,Aeroporto,apartamento,venda,7636.4,6679.3,8507.4,6,,outubro/2026
São Paulo,Água Branca,apartamento,venda,12767.4,9446.4,16151.1,134,6.68,outubro/2026
São Paulo,Água Branca,apartamento,aluguel,71.1,54.5,87.0,17,6.68,outubro/2026
São Paulo,Água Fria,apartamento,venda,8293.8,6698.7,9768.2,118,9.27,outubro/2026
São Paulo,Água Fria,apartamento,aluguel,64.1,38.9,76.8,10,9.27,outubro/2026
São Paulo,Água Funda,apartamento,venda,5410.4,4879.0,6225.2,6,,outubro/2026
São Paulo,Água Rasa,apartamento,venda,9333.3,7795.3,11504.4,45,5.48,outubro/2026
São Paulo,Água Rasa,apartamento,aluguel,42.6,35.3,45.2,10,5.48,outubro/2026
São Paulo,Alto da Boa Vista,apartamento,venda,11897.4,9374.8,13861.7,72,4.74,outubro/2026
São Paulo,Alto da Boa Vista,apartamento,aluguel,47.0,27.4,83.9,14,4.74,outubro/2026
São Paulo,Alto da Lapa,apartamento,venda,12968.6,10336.4,15532.0,100,5.79,outubro/2026
São Paulo,Alto da Lapa,apartamento,aluguel,62.6,45.7,88.3,12,5.79,outubro/2026
São Paulo,Alto da Mooca,apartamento,venda,9745.1,7409.7,12864.6,104,6.55,outubro/2026
São Paulo,Alto da Mooca,apartamento,aluguel,53.2,38.4,64.2,11,6.55,outubro/2026
São Paulo,Alto de Pinheiros,apartamento,venda,17805.0,12704.5,24888.4,108,5.4,outubro/2026
São Paulo,Alto de Pinheiros,apartamento,aluguel,80.1,57.6,123.0,18,5.4,outubro/2026
São Paulo,Alto de Santana,apartamento,venda,9014.8,7062.1,13257.6,29,,outubro/2026
São Paulo,Alto do Pari,apartamento,venda,8428.9,6982.2,9809.4,24,,outubro/2026
São Paulo,Altos de Vila Prudente,apartamento,venda,7086.3,6441.7,7708.3,7,,outubro/2026
São Paulo,Americanópolis,apartamento,venda,6511.6,5599.6,7395.8,15,,outubro/2026
São Paulo,Aricanduva,apartamento,venda,6554.1,5718.3,7863.9,36,,outubro/2026
São Paulo,Artur Alvim,apartamento,venda,5997.4,5261.8,6882.7,22,5.22,outubro/2026
São Paulo,Artur Alvim,apartamento,aluguel,26.1,25.2,26.7,6,5.22,outubro/2026
São Paulo,Barra Funda,apartamento,venda,11886.4,9143.0,13629.3,168,7.07,outubro/2026
São Paulo,Barra Funda,apartamento,aluguel,70.0,60.3,86.3,31,7.07,outubro/2026
São Paulo,Barro Branco (Zona Norte),apartamento,venda,6944.4,5156.2,8211.8,33,,outubro/2026
São Paulo,Bela Aliança,apartamento,venda,12343.8,10089.7,14633.2,63,,outubro/2026
São Paulo,Bela Vista,apartamento,venda,9679.9,7456.9,13340.5,724,7.33,outubro/2026
São Paulo,Bela Vista,apartamento,aluguel,59.1,43.2,84.9,199,7.33,outubro/2026
São Paulo,Belém,apartamento,venda,10634.3,9071.0,13063.7,68,6.79,outubro/2026
São Paulo,Belém,apartamento,aluguel,60.2,52.5,68.1,10,6.79,outubro/2026
São Paulo,Belenzinho,apartamento,venda,9916.7,7990.7,12131.9,116,7.26,outubro/2026
São Paulo,Belenzinho,apartamento,aluguel,60.0,37.1,73.6,24,7.26,outubro/2026
São Paulo,Boaçava,apartamento,venda,12307.7,10196.7,14712.9,11,,outubro/2026
São Paulo,Bom Retiro,apartamento,venda,7967.8,5416.7,10119.0,45,9.1,outubro/2026
São Paulo,Bom Retiro,apartamento,aluguel,60.4,35.1,65.6,7,9.1,outubro/2026
São Paulo,Bosque da Saúde,apartamento,venda,9268.6,7710.3,11583.3,153,5.55,outubro/2026
São Paulo,Bosque da Saúde,apartamento,aluguel,42.9,36.3,66.6,18,5.55,outubro/2026
São Paulo,Brás,apartamento,venda,8666.7,6666.7,10581.4,161,7.8,outubro/2026
São Paulo,Brás,apartamento,aluguel,56.3,48.0,60.9,28,7.8,outubro/2026
São Paulo,Brasilândia,apartamento,venda,5464.6,4255.2,6875.0,20,,outubro/2026
São Paulo,Bresser,apartamento,venda,8685.1,7791.6,9319.7,6,,outubro/2026
São Paulo,Brooklin,apartamento,venda,15080.5,10800.0,18781.5,832,7.83,outubro/2026
São Paulo,Brooklin,apartamento,aluguel,98.4,76.6,115.1,99,7.83,outubro/2026
São Paulo,Brooklin Novo,apartamento,venda,15526.3,12083.3,18911.9,121,5.99,outubro/2026
São Paulo,Brooklin Novo,apartamento,aluguel,77.5,66.4,108.6,20,5.99,outubro/2026
São Paulo,Brooklin Paulista,apartamento,venda,16094.8,11510.6,19436.8,272,6.21,outubro/2026
São Paulo,Brooklin Paulista,apartamento,aluguel,83.3,66.7,100.8,57,6.21,outubro/2026
São Paulo,Burgo Paulista,apartamento,venda,7607.6,6554.6,8366.4,14,,outubro/2026
São Paulo,Butantã,apartamento,venda,9600.0,7305.1,13125.0,343,8.99,outubro/2026
São Paulo,Butantã,apartamento,aluguel,71.9,48.1,103.8,78,8.99,outubro/2026
São Paulo,Cachoeirinha,apartamento,venda,5600.0,5307.8,6436.5,19,,outubro/2026
São Paulo,Cambuci,apartamento,venda,7740.9,6330.1,9676.3,266,8.62,outubro/2026
São Paulo,Cambuci,apartamento,aluguel,55.6,48.5,66.4,31,8.62,outubro/2026
São Paulo,Campininha,apartamento,venda,9095.6,7881.5,9773.2,22,,outubro/2026
São Paulo,Campo Belo,apartamento,venda,12580.5,9313.8,16978.0,942,6.54,outubro/2026
São Paulo,Campo Belo,apartamento,aluguel,68.6,51.9,94.6,174,6.54,outubro/2026
São Paulo,Campo Grande,apartamento,venda,8752.1,7634.7,10234.2,14,6.62,outubro/2026
São Paulo,Campo Grande,apartamento,aluguel,48.3,45.5,62.5,8,6.62,outubro/2026
São Paulo,Campo Limpo,apartamento,venda,6338.0,5490.1,7643.9,59,,outubro/2026
São Paulo,Campos Eliseos,apartamento,venda,7327.6,6025.6,9259.5,65,12.28,outubro/2026
São Paulo,Campos Eliseos,apartamento,aluguel,75.0,54.9,89.8,8,12.28,outubro/2026
São Paulo,Cangaíba,apartamento,venda,6121.1,5714.3,6911.8,41,5.7,outubro/2026
São Paulo,Cangaíba,apartamento,aluguel,29.1,26.4,31.5,6,5.7,outubro/2026
São Paulo,Canindé,apartamento,venda,7428.6,6555.0,8055.6,21,,outubro/2026
São Paulo,Cantinho do Céu,apartamento,venda,16062.5,10456.2,23187.5,6,,outubro/2026
São Paulo,Capão Redondo,apartamento,venda,5760.0,5107.1,6349.2,14,,outubro/2026
São Paulo,Carandiru,apartamento,venda,9776.8,8461.1,10628.6,32,,outubro/2026
São Paulo,Casa Verde,apartamento,venda,9700.2,7707.7,11753.7,52,,outubro/2026
São Paulo,Casa Verde Alta,apartamento,venda,5833.3,5421.5,6788.8,19,,outubro/2026
São Paulo,Casa Verde Baixa,apartamento,venda,8176.5,7348.9,9057.3,7,,outubro/2026
São Paulo,Casa Verde Média,apartamento,venda,7552.1,7085.0,7854.1,12,,outubro/2026
São Paulo,Catumbi,apartamento,venda,9921.4,7912.0,11446.2,28,,outubro/2026
São Paulo,Caxingui,apartamento,venda,10762.7,8448.4,11849.2,19,,outubro/2026
São Paulo,Centro,apartamento,venda,9458.3,6244.5,12675.6,118,7.66,outubro/2026
São Paulo,Centro,apartamento,aluguel,60.4,51.5,83.7,18,7.66,outubro/2026
São Paulo,Cerqueira César,apartamento,venda,18557.9,12472.0,26369.3,280,5.61,outubro/2026
São Paulo,Cerqueira César,apartamento,aluguel,86.7,57.0,127.1,87,5.61,outubro/2026
São Paulo,Chácara Belenzinho,apartamento,venda,7137.1,6283.1,8677.9,36,8.12,outubro/2026
São Paulo,Chácara Belenzinho,apartamento,aluguel,48.3,44.9,55.0,9,8.12,outubro/2026
São Paulo,Chácara Califórnia,apartamento,venda,8851.2,7584.0,10378.6,80,7.31,outubro/2026
São Paulo,Chácara Califórnia,apartamento,aluguel,53.9,39.0,67.8,12,7.31,outubro/2026
São Paulo,Chácara Cruzeiro do Sul,apartamento,venda,6710.1,6164.3,7504.5,18,,outubro/2026
São Paulo,Chácara do Encosto,apartamento,venda,7920.0,7025.0,11276.6,18,,outubro/2026
São Paulo,Chácara Flora,apartamento,venda,9398.8,7867.5,10967.7,14,8.64,outubro/2026
São Paulo,Chácara Flora,apartamento,aluguel,67.7,52.7,82.5,7,8.64,outubro/2026
São Paulo,Chácara Gaivotas,apartamento,venda,16168.8,14377.7,17495.8,8,,outubro/2026
São Paulo,Chácara Inglesa,apartamento,venda,10652.1,8719.2,13424.8,182,7.32,outubro/2026
São Paulo,Chácara Inglesa,apartamento,aluguel,65.0,54.8,79.7,21,7.32,outubro/2026
São Paulo,Chácara Itaim,apartamento,venda,24829.9,20461.2,30702.9,20,,outubro/2026
São Paulo,Chácara Klabin,apartamento,venda,14518.5,12381.0,17386.3,201,6.25,outubro/2026
São Paulo,Chácara Klabin,apartamento,aluguel,75.6,59.6,90.8,29,6.25,outubro/2026
São Paulo,Chácara Mafalda,apartamento,venda,7500.0,6614.2,8194.8,23,,outubro/2026
São Paulo,Chácara Maria Trindade,apartamento,venda,4888.9,3475.4,5622.5,21,,outubro/2026
São Paulo,Chácara Nossa Senhora do Bom Conselho,apartamento,venda,6170.5,5538.3,7403.8,18,,outubro/2026
São Paulo,Chácara Santa Etelvina,apartamento,venda,3125.0,2968.8,3659.1,14,,outubro/2026
São Paulo,Chácara Santa Maria,apartamento,venda,4398.8,3854.2,4888.6,16,,outubro/2026
São Paulo,Chácara Santana,apartamento,venda,8333.3,6679.4,10413.5,23,,outubro/2026
São Paulo,Chácara Santo Amaro,apartamento,venda,10863.6,10304.9,13053.1,9,,outubro/2026
São Paulo,Chácara Santo Antônio (Zona Leste),apartamento,venda,8583.3,7477.2,10880.1,54,6.78,outubro/2026
São Paulo,Chácara Santo Antônio (Zona Leste),apartamento,aluguel,48.5,44.9,50.2,7,6.78,outubro/2026
São Paulo,Chácara Santo Antônio (Zona Sul),apartamento,venda,14339.6,10978.6,17697.8,121,6.22,outubro/2026
São Paulo,Chácara Santo Antônio (Zona Sul),apartamento,aluguel,74.3,46.7,96.6,23,6.22,outubro/2026
São Paulo,Chácara São João,apartamento,venda,7452.8,5973.7,8113.2,9,,outubro/2026
São Paulo,Chácara Seis de Outubro,apartamento,venda,8666.7,6655.2,9963.3,39,,outubro/2026
São Paulo,Chácara Tatuapé,apartamento,venda,10760.6,6851.0,11099.1,18,6.35,outubro/2026
São Paulo,Chácara Tatuapé,apartamento,aluguel,56.9,54.6,61.5,5,6.35,outubro/2026
São Paulo,Chora Menino,apartamento,venda,9113.7,7873.9,9969.9,24,,outubro/2026
São Paulo,Cidade Ademar,apartamento,venda,7419.4,5907.4,8902.4,17,,outubro/2026
São Paulo,Cidade Antônio Estevão de Carvalho,apartamento,venda,6274.2,4968.9,7101.9,34,,outubro/2026
São Paulo,Cidade Centenário,apartamento,venda,6117.7,5822.4,6752.3,10,,outubro/2026
São Paulo,Cidade Continental,apartamento,venda,7309.0,6972.2,7931.2,12,,outubro/2026
São Paulo,Cidade Dabril,apartamento,venda,4902.0,4656.9,5889.5,7,,outubro/2026
São Paulo,Cidade dos Bandeirantes,apartamento,venda,6842.6,5471.2,8598.4,16,,outubro/2026
São Paulo,Cidade Dutra,apartamento,venda,5266.2,4558.8,6283.8,10,,outubro/2026
São Paulo,Cidade Jardim,apartamento,venda,22022.8,16843.5,25234.9,22,,outubro/2026
São Paulo,Cidade Líder,apartamento,venda,5697.0,4930.7,7138.4,42,,outubro/2026
São Paulo,Cidade Mãe do Céu,apartamento,venda,13097.3,9117.5,15513.1,40,5.29,outubro/2026
São Paulo,Cidade Mãe do Céu,apartamento,aluguel,57.7,45.3,69.4,13,5.29,outubro/2026
São Paulo,Cidade Monções,apartamento,venda,15000.0,12143.5,17967.4,95,8.02,outubro/2026
São Paulo,Cidade Monções,apartamento,aluguel,100.3,75.8,126.3,29,8.02,outubro/2026
São Paulo,Cidade Nitro Operária,apartamento,venda,6571.4,6425.5,6880.0,5,,outubro/2026
São Paulo,Cidade Nova Heliópolis,apartamento,venda,5895.5,4375.0,10139.1,18,,outubro/2026
São Paulo,Cidade Nova São Miguel,apartamento,venda,5901.3,5480.0,6681.2,16,,outubro/2026
São Paulo,Cidade Patriarca,apartamento,venda,7757.6,6333.3,9411.8,97,7.27,outubro/2026
São Paulo,Cidade Patriarca,apartamento,aluguel,47.0,39.5,54.9,8,7.27,outubro/2026
São Paulo,Cidade Popular,apartamento,venda,4463.2,3804.3,4736.6,17,,outubro/2026
São Paulo,Cidade São Francisco,apartamento,venda,10000.0,8478.3,10937.5,65,4.9,outubro/2026
São Paulo,Cidade São Francisco,apartamento,aluguel,40.8,38.3,54.2,17,4.9,outubro/2026
São Paulo,Cidade São Mateus,apartamento,venda,6907.8,6511.6,7595.0,8,,outubro/2026
São Paulo,Cidade Satélite Santa Bárbara,apartamento,venda,4791.7,4442.2,5990.3,23,6.76,outubro/2026
São Paulo,Cidade Satélite Santa Bárbara,apartamento,aluguel,27.0,26.5,30.0,5,6.76,outubro/2026
São Paulo,Cidade Tiradentes,apartamento,venda,3373.6,2985.3,3762.7,24,,outubro/2026
São Paulo,Cidade Vargas,apartamento,venda,9923.3,7076.9,10000.0,13,,outubro/2026
São Paulo,City América,apartamento,venda,11726.2,10528.4,14019.6,40,,outubro/2026
São Paulo,City Empresárial,apartamento,venda,5465.1,5434.8,5781.2,5,,outubro/2026
São Paulo,Colônia,apartamento,venda,5208.6,4352.0,5876.4,56,,outubro/2026
São Paulo,Colônia (Zona Sul),apartamento,venda,9834.4,5202.3,12205.9,8,,outubro/2026
São Paulo,Conceição,apartamento,venda,10514.7,8547.0,11710.5,49,5.07,outubro/2026
São Paulo,Conceição,apartamento,aluguel,44.4,40.8,50.8,12,5.07,outubro/2026
São Paulo,Conjunto City Jaraguá,apartamento,venda,3161.4,2900.0,4730.4,7,,outubro/2026
São Paulo,Conjunto Habitacional Barreira Grande,apartamento,venda,5277.8,4354.5,6848.1,6,,outubro/2026
São Paulo,Conjunto Habitacional Barro Branco II,apartamento,venda,2708.3,1884.6,3500.0,5,,outubro/2026
São Paulo,Conjunto Habitacional Brigadeiro Eduardo Gomes,apartamento,venda,3964.1,3420.4,4411.4,6,,outubro/2026
São Paulo,Conjunto Habitacional Brigadeiro Faria Lima,apartamento,venda,4298.7,3947.0,4733.3,18,,outubro/2026
São Paulo,Conjunto Habitacional Castro Alves,apartamento,venda,3070.7,2795.6,3506.4,18,,outubro/2026
São Paulo,Conjunto Habitacional Fazenda do Carmo,apartamento,venda,2991.9,2640.4,3743.1,24,,outubro/2026
São Paulo,Conjunto Habitacional Inácio Monteiro,apartamento,venda,3000.0,2119.6,3439.1,15,,outubro/2026
São Paulo,Conjunto Habitacional Instituto Adventista,apartamento,venda,4564.4,4095.7,4921.9,22,,outubro/2026
São Paulo,Conjunto Habitacional Jardim São Bento,apartamento,venda,3877.6,3454.5,5000.0,5,,outubro/2026
São Paulo,Conjunto Habitacional Jova Rural,apartamento,venda,3622.9,2865.2,3875.0,12,,outubro/2026
São Paulo,Conjunto Habitacional Juscelino Kubitschek,apartamento,venda,3060.2,2645.1,3352.3,20,,outubro/2026
São Paulo,Conjunto Habitacional Padre José de Anchieta,apartamento,venda,4479.2,4223.4,4646.0,11,,outubro/2026
São Paulo,Conjunto Habitacional Padre Manoel da Nóbrega,apartamento,venda,4791.7,4473.7,5414.3,29,,outubro/2026
São Paulo,Conjunto Habitacional Padre Manoel de Paiva,apartamento,venda,4285.7,3910.7,5000.0,25,,outubro/2026
São Paulo,Conjunto Habitacional Parque Valo Velho II,apartamento,venda,4455.1,3835.0,4770.8,14,,outubro/2026
São Paulo,Conjunto Habitacional Santa Etelvina I,apartamento,venda,4326.4,3541.6,4382.6,7,,outubro/2026
São Paulo,Conjunto Habitacional Santa Etelvina II,apartamento,venda,3190.7,2872.0,3545.1,24,,outubro/2026
São Paulo,Conjunto Habitacional Santa Etelvina III,apartamento,venda,3643.9,2807.8,5249.1,26,,outubro/2026
São Paulo,Conjunto Habitacional Sitio Conceição,apartamento,venda,3076.9,2391.5,3229.2,7,,outubro/2026
São Paulo,Conjunto Habitacional Teotonio Vilela,apartamento,venda,4087.5,3709.3,4483.6,32,,outubro/2026
São Paulo,Conjunto Promorar Raposo Tavares,apartamento,venda,4805.9,4026.7,5356.7,18,,outubro/2026
São Paulo,Conjunto Promorar Sapopemba,apartamento,venda,5291.7,3902.6,6937.5,8,,outubro/2026
São Paulo,Conjunto Residencial Elisio Teixeira Leite,apartamento,venda,3559.3,3333.3,3859.6,21,,outubro/2026
São Paulo,Conjunto Residencial Ingai,apartamento,venda,6000.0,5078.6,6115.9,7,,outubro/2026
São Paulo,Conjunto Residencial Jardim Canaã,apartamento,venda,6451.6,5150.4,10367.2,19,,outubro/2026
São Paulo,Conjunto Residencial José Bonifácio,apartamento,venda,4125.0,3569.0,4500.0,41,7.51,outubro/2026
São Paulo,Conjunto Residencial José Bonifácio,apartamento,aluguel,25.8,22.9,40.3,6,7.51,outubro/2026
São Paulo,Conjunto Residencial Morumbi,apartamento,venda,6111.1,4561.4,6808.5,37,7.62,outubro/2026
São Paulo,Conjunto Residencial Morumbi,apartamento,aluguel,38.8,31.9,43.1,6,7.62,outubro/2026
São Paulo,Conjunto Residencial Novo Pacaembu,apartamento,venda,8031.0,6418.9,12309.1,11,,outubro/2026
São Paulo,Conjunto Residencial Paraíso,apartamento,venda,7411.8,6846.2,8680.3,5,,outubro/2026
São Paulo,Conjunto Residencial Sitio Oratório,apartamento,venda,4981.8,4286.5,5172.8,8,,outubro/2026
São Paulo,Conjunto Residencial Vista Verde,apartamento,venda,6346.2,5808.8,6441.5,7,,outubro/2026
São Paulo,Consolação,apartamento,venda,11250.0,8153.8,16312.9,726,8.53,outubro/2026
São Paulo,Consolação,apartamento,aluguel,80.0,59.4,95.2,149,8.53,outubro/2026
São Paulo,Cupecê,apartamento,venda,7214.3,6613.1,8183.5,8,,outubro/2026
São Paulo,Cursino,apartamento,venda,10800.0,7022.9,13363.6,83,7.1,outubro/2026
São Paulo,Cursino,apartamento,aluguel,63.9,49.0,81.6,7,7.1,outubro/2026
São Paulo,Eldorado,apartamento,venda,6071.4,2403.8,6727.3,7,,outubro/2026
São Paulo,Engenheiro Goulart,apartamento,venda,5084.3,4587.5,6533.7,18,,outubro/2026
São Paulo,Ermelino Matarazzo,apartamento,venda,5987.8,5150.0,6850.0,48,5.77,outubro/2026
São Paulo,Ermelino Matarazzo,apartamento,aluguel,28.8,26.6,35.1,5,5.77,outubro/2026
São Paulo,Fazenda Aricanduva,apartamento,venda,5627.9,4963.0,6401.3,22,7.55,outubro/2026
São Paulo,Fazenda Aricanduva,apartamento,aluguel,35.4,30.1,38.5,7,7.55,outubro/2026
São Paulo,Fazenda Caguaçu,apartamento,venda,4878.0,1978.5,5945.1,14,,outubro/2026
São Paulo,Fazenda da Juta,apartamento,venda,3885.6,3600.5,4696.4,22,,outubro/2026
São Paulo,Fazenda Morumbi,apartamento,venda,5234.3,2984.4,6185.8,30,9.84,outubro/2026
São Paulo,Fazenda Morumbi,apartamento,aluguel,42.9,32.1,53.8,5,9.84,outubro/2026
São Paulo,Ferreira,apartamento,venda,10087.7,8274.8,10918.3,31,,outubro/2026
São Paulo,Freguesia do Ó,apartamento,venda,8128.9,7016.5,9463.4,64,6.75,outubro/2026
São Paulo,Freguesia do Ó,apartamento,aluguel,45.7,38.5,50.1,14,6.75,outubro/2026
São Paulo,Furnas,apartamento,venda,4741.4,4414.5,5447.1,11,,outubro/2026
São Paulo,Gleba do Pêssego,apartamento,venda,4545.5,3818.3,4862.7,14,,outubro/2026
São Paulo,Granja Julieta,apartamento,venda,13100.7,11630.3,14736.7,44,5.97,outubro/2026
São Paulo,Granja Julieta,apartamento,aluguel,65.2,41.3,79.7,9,5.97,outubro/2026
São Paulo,Guaianases,apartamento,venda,5164.1,3851.4,6288.2,39,,outubro/2026
São Paulo,Guaiaúna,apartamento,venda,8333.3,7409.9,8850.7,19,,outubro/2026
São Paulo,Guapira,apartamento,venda,4750.2,3949.3,6377.0,36,,outubro/2026
São Paulo,Guarapiranga,apartamento,venda,6909.1,5144.3,8003.2,19,,outubro/2026
São Paulo,Higienópolis,apartamento,venda,12729.8,10239.4,16709.6,450,5.31,outubro/2026
São Paulo,Higienópolis,apartamento,aluguel,56.3,41.0,80.3,60,5.31,outubro/2026
São Paulo,Horto,apartamento,venda,6307.7,6088.0,7350.0,7,,outubro/2026
São Paulo,Horto do Ipê,apartamento,venda,6063.8,5888.9,7299.1,13,,outubro/2026
São Paulo,Horto Florestal,apartamento,venda,9023.8,7936.9,9865.3,18,,outubro/2026
São Paulo,Ibirapuera,apartamento,venda,24163.2,19196.0,32258.1,81,3.59,outubro/2026
São Paulo,Ibirapuera,apartamento,aluguel,72.2,64.4,91.1,8,3.59,outubro/2026
São Paulo,Imirim,apartamento,venda,7692.9,6213.9,9688.7,47,6.88,outubro/2026
São Paulo,Imirim,apartamento,aluguel,44.1,37.3,46.6,6,6.88,outubro/2026
São Paulo,Indianópolis,apartamento,venda,15333.3,12362.6,20529.4,313,6.35,outubro/2026
São Paulo,Indianópolis,apartamento,aluguel,81.2,62.5,107.5,77,6.35,outubro/2026
São Paulo,Instituto de Previdência,apartamento,venda,9189.7,8263.2,11481.3,19,,outubro/2026
São Paulo,Interlagos,apartamento,venda,8571.4,6801.7,9878.8,32,,outubro/2026
São Paulo,Ipiranga,apartamento,venda,10123.5,7245.7,13099.4,755,6.95,outubro/2026
São Paulo,Ipiranga,apartamento,aluguel,58.6,44.7,77.3,142,6.95,outubro/2026
São Paulo,Itaberaba,apartamento,venda,8794.0,7886.5,9445.2,14,,outubro/2026
São Paulo,Itaim Bibi,apartamento,venda,19514.5,14215.6,27036.9,830,6.15,outubro/2026
São Paulo,Itaim Bibi,apartamento,aluguel,100.0,65.5,134.3,233,6.15,outubro/2026
São Paulo,Itaim Paulista,apartamento,venda,4722.2,3700.2,5330.3,23,7.73,outubro/2026
São Paulo,Itaim Paulista,apartamento,aluguel,30.4,27.9,32.6,7,7.73,outubro/2026
São Paulo,Itaquera,apartamento,venda,5950.0,4766.2,7142.9,97,6.72,outubro/2026
São Paulo,Itaquera,apartamento,aluguel,33.3,31.7,40.9,17,6.72,outubro/2026
São Paulo,Jabaquara,apartamento,venda,7397.3,6085.4,9555.6,145,7.58,outubro/2026
São Paulo,Jabaquara,apartamento,aluguel,46.7,37.0,54.1,32,7.58,outubro/2026
São Paulo,Jaçanã,apartamento,venda,6770.0,5276.4,7840.1,58,,outubro/2026
São Paulo,Jaguaré,apartamento,venda,8307.7,6805.6,9701.5,149,5.92,outubro/2026
São Paulo,Jaguaré,apartamento,aluguel,41.0,32.3,50.9,47,5.92,outubro/2026
São Paulo,Jaraguá,apartamento,venda,5666.7,4666.7,6444.4,45,6.71,outubro/2026
São Paulo,Jaraguá,apartamento,aluguel,31.7,27.7,47.8,5,6.71,outubro/2026
São Paulo,Jardim Adelfiore,apartamento,venda,7975.0,7375.0,8409.1,13,,outubro/2026
São Paulo,Jardim Adhemar de Barros,apartamento,venda,8634.0,7195.2,9776.1,16,,outubro/2026
São Paulo,Jardim Adutora,apartamento,venda,7864.9,7432.4,8750.0,13,,outubro/2026
São Paulo,Jardim Aeroporto,apartamento,venda,10879.6,9133.3,12757.8,36,8.32,outubro/2026
São Paulo,Jardim Aeroporto,apartamento,aluguel,75.4,70.0,79.2,8,8.32,outubro/2026
São Paulo,Jardim Almanara,apartamento,venda,6666.7,6632.7,7325.6,9,,outubro/2026
São Paulo,Jardim Alvorada (Zona Oeste),apartamento,venda,6219.5,6095.0,6585.4,5,,outubro/2026
São Paulo,Jardim Alzira,apartamento,venda,6800.0,6500.0,6875.0,5,,outubro/2026
São Paulo,Jardim Amália,apartamento,venda,6090.9,5726.4,6887.9,18,,outubro/2026
São Paulo,Jardim Amaralina,apartamento,venda,6000.0,5200.0,6711.5,29,,outubro/2026
São Paulo,Jardim América,apartamento,venda,20169.3,14702.7,26904.9,160,7.21,outubro/2026
São Paulo,Jardim América,apartamento,aluguel,121.1,68.2,147.2,22,7.21,outubro/2026
São Paulo,Jardim América da Penha,apartamento,venda,7381.0,6278.4,8184.2,35,,outubro/2026
São Paulo,Jardim Ampliação,apartamento,venda,6381.1,5167.6,8760.7,87,8.09,outubro/2026
São Paulo,Jardim Ampliação,apartamento,aluguel,43.0,34.2,67.6,18,8.09,outubro/2026
São Paulo,Jardim Ana Maria,apartamento,venda,6875.0,6349.0,7097.2,7,,outubro/2026
São Paulo,Jardim Ana Rosa,apartamento,venda,6956.9,6615.9,7249.7,8,,outubro/2026
São Paulo,Jardim Anália Franco,apartamento,venda,11024.2,8302.7,14778.1,824,7.88,outubro/2026
São Paulo,Jardim Anália Franco,apartamento,aluguel,72.4,50.0,86.2,107,7.88,outubro/2026
São Paulo,Jardim Andaraí,apartamento,venda,5187.4,4645.8,5850.0,20,,outubro/2026
São Paulo,Jardim Ângela,apartamento,venda,5497.4,5006.4,6093.9,26,,outubro/2026
São Paulo,Jardim Anhangüera,apartamento,venda,9962.4,8531.7,11000.0,13,,outubro/2026
São Paulo,Jardim Antártica,apartamento,venda,5000.0,4666.7,5222.2,21,,outubro/2026
São Paulo,Jardim Aparecida,apartamento,venda,5111.1,4680.9,5114.0,5,,outubro/2026
São Paulo,Jardim Aricanduva,apartamento,venda,6634.6,6166.5,7340.6,35,,outubro/2026
São Paulo,Jardim Arize,apartamento,venda,7026.8,5704.2,8278.4,20,,outubro/2026
São Paulo,Jardim Arpoador,apartamento,venda,8593.8,6721.0,9793.7,43,,outubro/2026
São Paulo,Jardim Artur Alvim,apartamento,venda,4736.8,4265.2,5558.6,19,,outubro/2026
São Paulo,Jardim Ataliba Leonel,apartamento,venda,5238.0,4811.4,5796.3,10,,outubro/2026
São Paulo,Jardim Aurélia,apartamento,venda,15173.9,13802.4,17647.1,37,,outubro/2026
São Paulo,Jardim Avelino,apartamento,venda,8115.4,5956.5,10912.8,94,7.44,outubro/2026
São Paulo,Jardim Avelino,apartamento,aluguel,50.3,38.4,60.0,8,7.44,outubro/2026
São Paulo,Jardim Avenida,apartamento,venda,8958.3,7784.4,9960.2,7,,outubro/2026
São Paulo,Jardim Bartira,apartamento,venda,4000.0,3291.7,4021.7,5,,outubro/2026
São Paulo,Jardim Bela Vista (Zona Norte),apartamento,venda,6969.7,5920.6,11452.5,24,,outubro/2026
São Paulo,Jardim Belaura,apartamento,venda,8409.2,8008.8,9880.4,10,,outubro/2026
São Paulo,Jardim Belcito,apartamento,venda,3958.3,2769.2,4285.7,5,,outubro/2026
São Paulo,Jardim Belém,apartamento,venda,5697.4,5555.6,6250.0,21,,outubro/2026
São Paulo,Jardim Bélgica,apartamento,venda,7172.6,4679.4,7798.7,14,,outubro/2026
São Paulo,Jardim Boa Vista (Zona Oeste),apartamento,venda,5636.4,4596.5,6631.1,55,8.73,outubro/2026
São Paulo,Jardim Boa Vista (Zona Oeste),apartamento,aluguel,41.0,32.0,43.4,7,8.73,outubro/2026
São Paulo,Jardim Bonfiglioli,apartamento,venda,8075.0,6844.3,9434.5,36,7.43,outubro/2026
São Paulo,Jardim Bonfiglioli,apartamento,aluguel,50.0,47.3,57.9,9,7.43,outubro/2026
São Paulo,Jardim Botucatu,apartamento,venda,4807.4,4551.2,5078.7,14,,outubro/2026
São Paulo,Jardim Brasil,apartamento,venda,7136.6,6131.0,8208.6,22,,outubro/2026
São Paulo,Jardim Brasil (Zona Norte),apartamento,venda,7167.5,6498.3,7950.1,16,,outubro/2026
São Paulo,Jardim Brasil (Zona Sul),apartamento,venda,8640.4,7095.8,10710.6,28,,outubro/2026
São Paulo,Jardim Brasília,apartamento,venda,5250.0,4702.2,6085.7,19,8.98,outubro/2026
São Paulo,Jardim Brasília,apartamento,aluguel,39.3,32.7,41.6,6,8.98,outubro/2026
São Paulo,Jardim Brasília (Zona Leste),apartamento,venda,5506.1,5075.5,6250.0,21,,outubro/2026
São Paulo,Jardim Brasília (Zona Norte),apartamento,venda,3600.0,3032.3,3770.9,7,,outubro/2026
São Paulo,Jardim Caboré,apartamento,venda,8887.2,7689.9,10208.1,38,,outubro/2026
São Paulo,Jardim Campo Grande,apartamento,venda,11042.9,9199.4,11656.4,13,,outubro/2026
São Paulo,Jardim Capelinha,apartamento,venda,3733.4,3576.6,3994.5,6,,outubro/2026
São Paulo,Jardim Caravelas,apartamento,venda,12199.4,11082.0,13709.3,46,8.32,outubro/2026
São Paulo,Jardim Caravelas,apartamento,aluguel,84.6,71.7,108.1,8,8.32,outubro/2026
São Paulo,Jardim Carlu,apartamento,venda,6307.7,6129.0,6808.5,9,,outubro/2026
São Paulo,Jardim Casa Pintada,apartamento,venda,4769.0,4478.1,5296.0,12,,outubro/2026
São Paulo,Jardim Casablanca,apartamento,venda,7340.1,6680.6,8300.2,26,,outubro/2026
São Paulo,Jardim Castelo,apartamento,venda,5508.5,4835.0,5939.2,15,,outubro/2026
São Paulo,Jardim Catanduva,apartamento,venda,5675.5,4491.9,6313.4,20,10.57,outubro/2026
São Paulo,Jardim Catanduva,apartamento,aluguel,50.0,43.3,80.0,5,10.57,outubro/2026
São Paulo,Jardim Celeste,apartamento,venda,6122.7,4861.1,7132.1,86,7.8,outubro/2026
São Paulo,Jardim Celeste,apartamento,aluguel,39.8,28.7,42.2,6,7.8,outubro/2026
São Paulo,Jardim Centenário,apartamento,venda,6616.7,6107.8,8358.5,11,,outubro/2026
São Paulo,Jardim Cidade Pirituba,apartamento,venda,9000.0,8481.0,9403.4,7,,outubro/2026
São Paulo,Jardim Cidália,apartamento,venda,6652.7,5618.5,7821.0,8,,outubro/2026
São Paulo,Jardim Cinco de Julho,apartamento,venda,6860.5,6383.0,7446.8,25,5.84,outubro/2026
São Paulo,Jardim Cinco de Julho,apartamento,aluguel,33.4,30.8,41.4,7,5.84,outubro/2026
São Paulo,Jardim Cláudia,apartamento,venda,5039.2,4732.1,5678.6,9,,outubro/2026
São Paulo,Jardim Coimbra,apartamento,venda,6025.6,5443.2,6372.6,7,,outubro/2026
São Paulo,Jardim Colombo,apartamento,venda,7592.6,6750.0,9512.3,19,,outubro/2026
São Paulo,Jardim Colonial,apartamento,venda,5531.9,4861.1,6744.7,21,,outubro/2026
São Paulo,Jardim Consórcio,apartamento,venda,8481.9,5794.1,10341.7,10,,outubro/2026
São Paulo,Jardim Cotinha,apartamento,venda,7252.0,6415.4,7331.3,6,,outubro/2026
São Paulo,Jardim da Campina,apartamento,venda,5289.2,4379.4,6770.1,12,,outubro/2026
São Paulo,Jardim da Glória,apartamento,venda,10759.5,7943.2,13307.1,81,8.33,outubro/2026
São Paulo,Jardim da Glória,apartamento,aluguel,74.7,56.9,80.1,8,8.33,outubro/2026
São Paulo,Jardim da Laranjeira (Zona Leste),apartamento,venda,4167.8,3527.0,4820.8,10,,outubro/2026
São Paulo,Jardim da Pedreira,apartamento,venda,7621.6,6580.1,7937.5,7,,outubro/2026
São Paulo,Jardim da Saúde,apartamento,venda,7030.3,5159.5,8926.7,126,5.67,outubro/2026
São Paulo,Jardim da Saúde,apartamento,aluguel,33.2,22.7,39.3,6,5.67,outubro/2026
São Paulo,Jardim Dabril,apartamento,venda,4925.4,4565.2,5284.7,23,,outubro/2026
São Paulo,Jardim Danfer,apartamento,venda,5845.5,4782.1,6127.0,10,,outubro/2026
São Paulo,Jardim das Acácias,apartamento,venda,16857.1,13750.0,18840.6,101,8.29,outubro/2026
São Paulo,Jardim das Acácias,apartamento,aluguel,116.4,94.6,131.3,12,8.29,outubro/2026
São Paulo,Jardim das Bandeiras,apartamento,venda,15045.3,12734.6,17514.3,22,,outubro/2026
São Paulo,Jardim das Flores,apartamento,venda,7725.5,7029.9,8318.3,23,,outubro/2026
São Paulo,Jardim das Graças,apartamento,venda,7010.3,6410.3,8026.3,17,,outubro/2026
São Paulo,Jardim das Laranjeiras,apartamento,venda,7388.9,5670.1,10087.7,20,,outubro/2026
São Paulo,Jardim das Oliveiras,apartamento,venda,5789.5,4810.5,6769.8,23,,outubro/2026
São Paulo,Jardim das Palmas,apartamento,venda,5472.9,5051.9,5895.9,16,,outubro/2026
São Paulo,Jardim das Perdizes,apartamento,venda,17647.1,16288.3,20466.0,39,,outubro/2026
São Paulo,Jardim das Vertentes,apartamento,venda,8841.5,7829.3,9807.1,31,6.3,outubro/2026
São Paulo,Jardim das Vertentes,apartamento,aluguel,46.4,44.6,51.9,8,6.3,outubro/2026
São Paulo,Jardim do Colégio,apartamento,venda,7638.3,6625.0,8570.9,5,,outubro/2026
São Paulo,Jardim do Divino,apartamento,venda,4174.2,3300.0,4681.6,10,,outubro/2026
São Paulo,Jardim do Lago,apartamento,venda,5415.3,5000.0,6250.0,29,,outubro/2026
São Paulo,Jardim do Tiro,apartamento,venda,6354.2,5380.0,6872.0,21,,outubro/2026
São Paulo,Jardim Dom Bosco,apartamento,venda,11992.3,10541.8,12972.0,30,,outubro/2026
São Paulo,Jardim Dom José,apartamento,venda,5263.2,4693.0,5528.9,19,,outubro/2026
São Paulo,Jardim Dona Sinhá,apartamento,venda,4761.9,4659.1,5000.0,9,,outubro/2026
São Paulo,Jardim dos Prados,apartamento,venda,5909.1,5319.1,6666.7,5,,outubro/2026
São Paulo,Jardim Dracena,apartamento,venda,5312.5,4571.4,5895.5,13,,outubro/2026
São Paulo,Jardim Egle,apartamento,venda,5922.2,5267.4,7346.5,22,,outubro/2026
São Paulo,Jardim Eledy,apartamento,venda,4740.5,4416.7,4948.6,8,,outubro/2026
São Paulo,Jardim Eliane,apartamento,venda,6512.2,5083.3,7077.5,6,,outubro/2026
São Paulo,Jardim Elizabeth,apartamento,venda,5480.8,5288.5,5576.9,5,,outubro/2026
São Paulo,Jardim Esmeralda,apartamento,venda,6847.2,5137.6,8221.9,42,,outubro/2026
São Paulo,Jardim Ester,apartamento,venda,6944.4,5853.2,8233.6,27,5.6,outubro/2026
São Paulo,Jardim Ester,apartamento,aluguel,32.4,31.9,41.0,5,5.6,outubro/2026
São Paulo,Jardim Ester Yolanda,apartamento,venda,7151.0,6142.8,9162.0,16,9.1,outubro/2026
São Paulo,Jardim Ester Yolanda,apartamento,aluguel,54.2,35.5,87.0,5,9.1,outubro/2026
São Paulo,Jardim Europa,apartamento,venda,23257.5,17392.9,29267.6,56,5.74,outubro/2026
São Paulo,Jardim Europa,apartamento,aluguel,111.2,77.6,169.1,16,5.74,outubro/2026
São Paulo,Jardim Everest,apartamento,venda,28276.1,27349.7,30809.2,6,,outubro/2026
São Paulo,Jardim Fanganiello,apartamento,venda,3466.5,2085.2,4626.9,11,,outubro/2026
São Paulo,Jardim Felicidade (Zona Oeste),apartamento,venda,7444.4,6360.0,7722.8,5,,outubro/2026
São Paulo,Jardim Fonte do Morumbi,apartamento,venda,11695.2,7486.1,14111.0,54,6.6,outubro/2026
São Paulo,Jardim Fonte do Morumbi,apartamento,aluguel,64.3,60.0,74.0,9,6.6,outubro/2026
São Paulo,Jardim Franca,apartamento,venda,7650.0,6825.0,8625.7,8,,outubro/2026
São Paulo,Jardim Francisco Mendes,apartamento,venda,6984.3,5196.3,10410.7,22,,outubro/2026
São Paulo,Jardim Germânia,apartamento,venda,6734.7,6092.6,7945.9,49,,outubro/2026
São Paulo,Jardim Gilda Maria,apartamento,venda,5332.4,2812.6,6827.4,22,,outubro/2026
São Paulo,Jardim Guaianazes,apartamento,venda,4044.9,3213.4,4959.7,6,,outubro/2026
São Paulo,Jardim Guairaca,apartamento,venda,6060.6,5384.6,7215.2,13,,outubro/2026
São Paulo,Jardim Guanca,apartamento,venda,8217.4,7640.0,11538.5,5,,outubro/2026
São Paulo,Jardim Guarujá,apartamento,venda,4678.7,3513.2,5744.8,8,,outubro/2026
São Paulo,Jardim Guedala,apartamento,venda,15266.9,11385.1,19012.2,74,4.31,outubro/2026
São Paulo,Jardim Guedala,apartamento,aluguel,54.8,49.3,60.5,10,4.31,outubro/2026
São Paulo,Jardim Helena,apartamento,venda,6833.3,5901.8,7834.0,20,,outubro/2026
São Paulo,Jardim Helga,apartamento,venda,6222.0,5531.9,6702.1,17,,outubro/2026
São Paulo,Jardim Helian,apartamento,venda,5121.7,3602.9,6341.5,29,,outubro/2026
São Paulo,Jardim Hercilia,apartamento,venda,5890.4,5616.4,6754.1,9,,outubro/2026
São Paulo,Jardim Ibitirama,apartamento,venda,6766.7,5861.2,8285.7,26,,outubro/2026
São Paulo,Jardim Iguatemi,apartamento,venda,4394.9,3960.2,4899.8,8,,outubro/2026
São Paulo,Jardim Imbé,apartamento,venda,4714.3,4214.3,4954.5,13,,outubro/2026
São Paulo,Jardim Imperador,apartamento,venda,5952.4,5610.4,6815.5,15,,outubro/2026
São Paulo,Jardim Imperador (Zona Leste),apartamento,venda,5465.1,5166.7,6346.2,21,,outubro/2026
São Paulo,Jardim Imperador (Zona Sul),apartamento,venda,8017.5,5357.7,8218.9,6,,outubro/2026
São Paulo,Jardim Independência,apartamento,venda,9370.9,8115.2,11015.6,46,,outubro/2026
São Paulo,Jardim Ipanema (Zona Oeste),apartamento,venda,4923.1,4355.8,5494.5,18,,outubro/2026
São Paulo,Jardim Iracema,apartamento,venda,5306.3,4709.8,6055.4,16,,outubro/2026
São Paulo,Jardim Íris,apartamento,venda,7812.5,6511.6,8727.3,37,7.34,outubro/2026
São Paulo,Jardim Íris,apartamento,aluguel,47.8,42.6,50.7,9,7.34,outubro/2026
São Paulo,Jardim Itacolomi,apartamento,venda,7123.2,6347.2,7864.3,16,,outubro/2026
São Paulo,Jardim Itapema,apartamento,venda,5263.2,5131.6,6025.6,5,,outubro/2026
São Paulo,Jardim Itapemirim,apartamento,venda,5448.7,5320.9,5833.3,10,,outubro/2026
São Paulo,Jardim Itapeva,apartamento,venda,8047.6,6561.9,8978.7,26,,outubro/2026
São Paulo,Jardim Ivana,apartamento,venda,6189.1,4791.4,6751.0,20,,outubro/2026
São Paulo,Jardim Jabaquara,apartamento,venda,5158.7,4827.6,5595.2,5,,outubro/2026
São Paulo,Jardim Japão,apartamento,venda,7865.0,6526.6,8834.2,24,5.45,outubro/2026
São Paulo,Jardim Japão,apartamento,aluguel,35.7,31.2,43.5,5,5.45,outubro/2026
São Paulo,Jardim Jaqueline,apartamento,venda,5592.1,4545.5,5842.9,21,,outubro/2026
São Paulo,Jardim Jaraguá,apartamento,venda,5690.5,4800.0,6247.3,9,,outubro/2026
São Paulo,Jardim Jaraguá (São Domingos),apartamento,venda,7142.9,6888.2,7489.4,11,,outubro/2026
São Paulo,Jardim Jaú (Zona Leste),apartamento,venda,5900.0,5188.6,6570.0,20,,outubro/2026
São Paulo,Jardim João Xxiii,apartamento,venda,5825.0,5609.8,6309.5,9,,outubro/2026
São Paulo,Jardim Julieta,apartamento,venda,4285.7,4041.7,4881.0,7,,outubro/2026
São Paulo,Jardim Jussara,apartamento,venda,5995.4,5019.2,7268.4,22,8.21,outubro/2026
São Paulo,Jardim Jussara,apartamento,aluguel,41.0,32.8,42.5,5,8.21,outubro/2026
São Paulo,Jardim Lajeado,apartamento,venda,5039.0,3684.5,7071.4,10,,outubro/2026
São Paulo,Jardim Lallo,apartamento,venda,6562.5,6151.8,6753.5,11,,outubro/2026
São Paulo,Jardim Lar,apartamento,venda,7931.0,6775.8,8462.9,19,,outubro/2026
São Paulo,Jardim Laura,apartamento,venda,3241.8,2643.9,3710.0,12,,outubro/2026
São Paulo,Jardim Leme,apartamento,venda,4822.8,4550.3,5653.4,10,,outubro/2026
São Paulo,Jardim Leônidas Moreira,apartamento,venda,4500.0,4230.8,5000.0,21,,outubro/2026
São Paulo,Jardim Leonor,apartamento,venda,7021.3,6394.6,12949.7,19,12.51,outubro/2026
São Paulo,Jardim Leonor,apartamento,aluguel,73.2,59.3,92.3,6,12.51,outubro/2026
São Paulo,Jardim Leonor Mendes de Barros,apartamento,venda,7608.7,5697.1,9848.2,19,,outubro/2026
São Paulo,Jardim Líbano,apartamento,venda,7090.9,6456.2,7932.9,7,,outubro/2026
São Paulo,Jardim Líder,apartamento,venda,6250.0,5971.4,6428.6,13,,outubro/2026
São Paulo,Jardim Liderança,apartamento,venda,6250.0,5937.5,6428.6,5,,outubro/2026
São Paulo,Jardim Londrina,apartamento,venda,7608.7,5627.7,8547.2,35,4.75,outubro/2026
São Paulo,Jardim Londrina,apartamento,aluguel,30.1,26.7,46.1,6,4.75,outubro/2026
São Paulo,Jardim Lourdes,apartamento,venda,4416.7,4039.7,4662.5,11,,outubro/2026
São Paulo,Jardim Luanda,apartamento,venda,7323.9,6133.8,7585.6,11,,outubro/2026
São Paulo,Jardim Lucinda,apartamento,venda,4425.9,3833.3,5172.4,5,,outubro/2026
São Paulo,Jardim Luísa,apartamento,venda,4925.7,4644.3,5086.8,16,,outubro/2026
São Paulo,Jardim Luzitânia,apartamento,venda,32361.5,25750.0,35013.9,8,,outubro/2026
São Paulo,Jardim Macedônia,apartamento,venda,4355.9,4173.2,5217.4,25,,outubro/2026
São Paulo,Jardim Marabá,apartamento,venda,6455.7,5406.7,8022.3,12,,outubro/2026
São Paulo,Jardim Marajoara,apartamento,venda,9428.9,8322.6,11288.3,70,6.48,outubro/2026
São Paulo,Jardim Marajoara,apartamento,aluguel,50.9,46.2,62.8,20,6.48,outubro/2026
São Paulo,Jardim Maria Duarte,apartamento,venda,6274.5,5591.2,6801.9,27,,outubro/2026
São Paulo,Jardim Maria Estela,apartamento,venda,5800.0,5090.9,8125.0,17,,outubro/2026
São Paulo,Jardim Marília,apartamento,venda,6052.6,5436.4,6938.8,5,,outubro/2026
São Paulo,Jardim Marilu,apartamento,venda,4364.9,3869.9,5137.9,30,,outubro/2026
São Paulo,Jardim Maringa,apartamento,venda,5968.8,5434.8,7780.0,19,,outubro/2026
São Paulo,Jardim Marisa,apartamento,venda,9534.9,6512.2,9574.5,5,,outubro/2026
São Paulo,Jardim Maristela,apartamento,venda,5725.1,4890.2,6260.3,14,,outubro/2026
São Paulo,Jardim Martins Silva,apartamento,venda,4692.3,4375.9,5203.2,28,,outubro/2026
São Paulo,Jardim Matarazzo,apartamento,venda,5812.5,5147.1,6428.5,29,,outubro/2026
São Paulo,Jardim Melo,apartamento,venda,6504.7,6015.2,6986.4,12,,outubro/2026
São Paulo,Jardim Mirante,apartamento,venda,8513.5,7110.3,8885.2,19,,outubro/2026
São Paulo,Jardim Miriam,apartamento,venda,4983.3,4000.0,6125.0,21,8.09,outubro/2026
São Paulo,Jardim Miriam,apartamento,aluguel,33.6,27.7,36.4,8,8.09,outubro/2026
São Paulo,Jardim Mitsutani,apartamento,venda,5636.2,4666.7,6447.4,29,,outubro/2026
São Paulo,Jardim Modelo,apartamento,venda,6739.1,6222.2,7468.8,21,,outubro/2026
São Paulo,Jardim Mônica,apartamento,venda,4423.1,4000.0,4807.7,13,,outubro/2026
São Paulo,Jardim Monte Alegre,apartamento,venda,6391.3,5644.6,6926.0,15,,outubro/2026
São Paulo,Jardim Monte Azul,apartamento,venda,7279.3,6202.3,8130.2,8,,outubro/2026
São Paulo,Jardim Monte Kemel,apartamento,venda,9150.9,6875.0,10678.0,41,7.15,outubro/2026
São Paulo,Jardim Monte Kemel,apartamento,aluguel,54.5,53.1,63.3,5,7.15,outubro/2026
São Paulo,Jardim Nadir,apartamento,venda,5212.8,4850.7,6664.9,21,,outubro/2026
São Paulo,Jardim Nazareth,apartamento,venda,5688.7,4435.0,6698.0,7,,outubro/2026
São Paulo,Jardim Neila,apartamento,venda,7000.0,6715.5,7856.1,7,,outubro/2026
São Paulo,Jardim Nélia,apartamento,venda,4577.4,3185.3,5016.5,16,,outubro/2026
São Paulo,Jardim Nordeste,apartamento,venda,5650.3,5151.9,6691.2,20,,outubro/2026
São Paulo,Jardim Norma,apartamento,venda,6145.8,5588.5,7531.1,23,,outubro/2026
São Paulo,Jardim Nossa Senhora Aparecida,apartamento,venda,6606.1,6086.6,7753.6,12,,outubro/2026
São Paulo,Jardim Nossa Senhora do Carmo,apartamento,venda,6449.6,5994.2,6847.2,14,,outubro/2026
São Paulo,Jardim Nosso Lar,apartamento,venda,6375.0,5581.6,6818.8,10,,outubro/2026
São Paulo,Jardim Nova Vitória I,apartamento,venda,16202.5,12738.4,20350.2,6,,outubro/2026
São Paulo,Jardim Nove de Julho,apartamento,venda,5561.4,4286.6,6387.9,20,,outubro/2026
São Paulo,Jardim Novo Santo Amaro,apartamento,venda,5166.7,4500.0,5932.2,17,,outubro/2026
São Paulo,Jardim Novo Taboão,apartamento,venda,6913.0,6340.4,7234.0,13,,outubro/2026
São Paulo,Jardim Olinda,apartamento,venda,3778.8,3280.7,4129.1,8,,outubro/2026
São Paulo,Jardim Olympia,apartamento,venda,7240.4,6484.1,9376.8,14,,outubro/2026
São Paulo,Jardim Oriental,apartamento,venda,6666.7,6015.6,8142.9,21,,outubro/2026
São Paulo,Jardim Palmares,apartamento,venda,7781.2,6701.9,8637.3,31,6.83,outubro/2026
São Paulo,Jardim Palmares,apartamento,aluguel,44.3,38.8,59.6,6,6.83,outubro/2026
São Paulo,Jardim Panorama,apartamento,venda,16000.0,14009.1,18970.9,15,,outubro/2026
São Paulo,Jardim Papai Noel,apartamento,venda,6435.5,6076.9,9553.3,5,,outubro/2026
São Paulo,Jardim Paraguaçu,apartamento,venda,6380.9,5469.5,7190.2,6,,outubro/2026
São Paulo,Jardim Paraíso,apartamento,venda,8300.7,6845.0,10208.2,34,,outubro/2026
São Paulo,Jardim Paris,apartamento,venda,5429.5,4888.4,6075.6,26,8.04,outubro/2026
São Paulo,Jardim Paris,apartamento,aluguel,36.4,31.8,42.9,5,8.04,outubro/2026
São Paulo,Jardim Parque Morumbi,apartamento,venda,5916.7,4235.9,7010.2,44,,outubro/2026
São Paulo,Jardim Patente,apartamento,venda,4235.3,3885.6,4781.2,23,,outubro/2026
São Paulo,Jardim Patente Novo,apartamento,venda,4672.0,4496.3,5218.9,18,,outubro/2026
São Paulo,Jardim Paulista,apartamento,venda,15249.7,11846.9,21396.3,738,6.25,outubro/2026
São Paulo,Jardim Paulista,apartamento,aluguel,79.4,53.4,107.3,295,6.25,outubro/2026
São Paulo,Jardim Paulistano,apartamento,venda,22514.1,12345.3,29161.6,46,5.42,outubro/2026
São Paulo,Jardim Paulistano,apartamento,aluguel,101.7,94.1,121.8,9,5.42,outubro/2026
São Paulo,Jardim Pedra Branca,apartamento,venda,5100.0,3792.3,5756.9,28,,outubro/2026
São Paulo,Jardim Pedro José Nunes,apartamento,venda,4438.1,4097.9,5643.5,16,,outubro/2026
São Paulo,Jardim Penha,apartamento,venda,5555.6,4978.1,5926.4,11,,outubro/2026
São Paulo,Jardim Pereira Leite,apartamento,venda,9044.2,7399.3,10401.8,26,,outubro/2026
São Paulo,Jardim Peri,apartamento,venda,5094.3,4622.6,6980.4,13,,outubro/2026
São Paulo,Jardim Peri Peri,apartamento,venda,8263.7,6589.1,9416.2,22,,outubro/2026
São Paulo,Jardim Pinheiros,apartamento,venda,6306.8,5528.8,7272.7,11,8.81,outubro/2026
São Paulo,Jardim Pinheiros,apartamento,aluguel,46.3,42.2,48.6,9,8.81,outubro/2026
São Paulo,Jardim Piqueroby,apartamento,venda,11000.0,10227.3,11888.9,8,,outubro/2026
São Paulo,Jardim Piraçuama,apartamento,venda,5900.0,5616.7,6783.3,6,,outubro/2026
São Paulo,Jardim Piratininga,apartamento,venda,4750.0,4375.0,4814.8,5,,outubro/2026
São Paulo,Jardim Pirituba,apartamento,venda,6508.8,5851.3,7440.6,35,6.1,outubro/2026
São Paulo,Jardim Pirituba,apartamento,aluguel,33.1,28.0,40.8,9,6.1,outubro/2026
São Paulo,Jardim Planalto,apartamento,venda,5610.3,4551.4,6875.7,23,,outubro/2026
São Paulo,Jardim Popular,apartamento,venda,8095.1,7558.2,8979.5,8,,outubro/2026
São Paulo,Jardim Portal I e II,apartamento,venda,13965.5,12382.3,16413.7,14,,outubro/2026
São Paulo,Jardim Previdência,apartamento,venda,6603.8,5923.1,8233.5,23,,outubro/2026
São Paulo,Jardim Promissão,apartamento,venda,8190.5,7857.1,9272.7,17,,outubro/2026
São Paulo,Jardim Prudência,apartamento,venda,10206.9,7307.7,12238.8,45,7.47,outubro/2026
São Paulo,Jardim Prudência,apartamento,aluguel,63.5,49.5,81.1,8,7.47,outubro/2026
São Paulo,Jardim Raposo Tavares,apartamento,venda,3979.4,3400.0,5000.0,13,,outubro/2026
São Paulo,Jardim Recanto Verde,apartamento,venda,4820.5,2181.4,5704.2,15,,outubro/2026
São Paulo,Jardim Redil,apartamento,venda,4309.1,4136.9,4603.5,8,,outubro/2026
São Paulo,Jardim Regina,apartamento,venda,6000.0,5673.3,7078.6,11,,outubro/2026
São Paulo,Jardim Remo,apartamento,venda,6279.1,5800.0,6904.8,13,,outubro/2026
São Paulo,Jardim Rio Pequeno,apartamento,venda,5964.6,5634.6,7679.5,8,,outubro/2026
São Paulo,Jardim Rosa Maria,apartamento,venda,6230.8,4270.3,8707.1,6,,outubro/2026
São Paulo,Jardim Sabará,apartamento,venda,7708.3,6383.0,9071.4,17,,outubro/2026
São Paulo,Jardim Sandra,apartamento,venda,4081.8,3958.3,5307.7,5,,outubro/2026
São Paulo,Jardim Santa Adelia,apartamento,venda,7500.0,6011.8,8201.9,8,,outubro/2026
São Paulo,Jardim Santa Cruz,apartamento,venda,5000.0,4139.5,6183.8,7,,outubro/2026
São Paulo,Jardim Santa Cruz (Campo Grande),apartamento,venda,7169.8,5974.7,8209.5,7,,outubro/2026
São Paulo,Jardim Santa Cruz (Sacomã),apartamento,venda,5090.9,4538.5,5781.2,25,,outubro/2026
São Paulo,Jardim Santa Efigênia,apartamento,venda,5671.6,5603.6,5967.9,7,,outubro/2026
São Paulo,Jardim Santa Emília,apartamento,venda,6059.3,4626.6,7093.8,46,8.16,outubro/2026
São Paulo,Jardim Santa Emília,apartamento,aluguel,41.2,29.2,45.2,10,8.16,outubro/2026
São Paulo,Jardim Santa Etelvina,apartamento,venda,3666.7,3281.2,4461.6,12,,outubro/2026
São Paulo,Jardim Santa Inês,apartamento,venda,6290.3,6000.0,6795.5,9,,outubro/2026
São Paulo,Jardim Santa Josefina,apartamento,venda,5243.3,4798.4,5508.0,10,,outubro/2026
São Paulo,Jardim Santa Lucrécia,apartamento,venda,6483.6,6072.1,6710.0,6,,outubro/2026
São Paulo,Jardim Santa Maria,apartamento,venda,6500.0,5409.8,7836.1,5,,outubro/2026
São Paulo,Jardim Santa Mônica,apartamento,venda,4833.3,4636.4,5033.9,9,,outubro/2026
São Paulo,Jardim Santa Terezinha,apartamento,venda,5409.6,4602.5,6607.0,50,7.32,outubro/2026
São Paulo,Jardim Santa Terezinha,apartamento,aluguel,33.0,29.4,44.2,8,7.32,outubro/2026
São Paulo,Jardim Santo Amaro,apartamento,venda,10016.0,5345.4,11388.7,32,4.23,outubro/2026
São Paulo,Jardim Santo Amaro,apartamento,aluguel,35.3,26.3,66.1,8,4.23,outubro/2026
São Paulo,Jardim Santo Antoninho,apartamento,venda,10321.4,9676.5,10747.5,9,,outubro/2026
São Paulo,Jardim Santo Antônio,apartamento,venda,5333.3,4912.7,6629.2,23,,outubro/2026
São Paulo,Jardim Santo Elias,apartamento,venda,7086.1,5434.8,8974.4,17,,outubro/2026
São Paulo,Jardim São Cristóvão,apartamento,venda,6456.8,5289.9,7420.0,22,,outubro/2026
São Paulo,Jardim São Domingos,apartamento,venda,7701.4,6862.5,8980.8,5,,outubro/2026
São Paulo,Jardim São Francisco (Zona Leste),apartamento,venda,5319.1,4766.1,5781.9,15,,outubro/2026
São Paulo,Jardim São João (Jaraguá),apartamento,venda,5000.0,3703.7,5810.8,17,,outubro/2026
São Paulo,Jardim São José,apartamento,venda,8461.8,8020.8,8588.2,5,,outubro/2026
São Paulo,Jardim São Luís,apartamento,venda,8593.8,6216.7,10766.4,15,7.86,outubro/2026
São Paulo,Jardim São Luís,apartamento,aluguel,56.3,35.9,68.6,6,7.86,outubro/2026
São Paulo,Jardim São Miguel,apartamento,venda,6083.3,5405.4,6666.7,9,,outubro/2026
São Paulo,Jardim São Nicolau,apartamento,venda,4306.5,3872.8,4748.5,10,,outubro/2026
São Paulo,Jardim São Paulo (Zona Leste),apartamento,venda,3832.1,3137.0,4629.7,34,,outubro/2026
São Paulo,Jardim São Paulo (Zona Norte),apartamento,venda,10609.2,7964.5,12963.9,182,6.92,outubro/2026
São Paulo,Jardim São Paulo (Zona Norte),apartamento,aluguel,61.2,51.4,73.2,19,6.92,outubro/2026
São Paulo,Jardim São Pedro,apartamento,venda,4642.9,3367.3,5535.7,9,,outubro/2026
São Paulo,Jardim São Savério,apartamento,venda,5381.0,4525.8,6147.3,54,7.43,outubro/2026
São Paulo,Jardim São Savério,apartamento,aluguel,33.3,30.6,48.5,11,7.43,outubro/2026
São Paulo,Jardim São Vicente,apartamento,venda,5943.4,5383.3,6323.8,15,,outubro/2026
São Paulo,Jardim Sapopemba,apartamento,venda,6822.0,5245.0,9641.9,14,,outubro/2026
São Paulo,Jardim Sarah,apartamento,venda,7394.8,6538.5,7913.7,13,,outubro/2026
São Paulo,Jardim Satélite,apartamento,venda,5801.9,5312.1,6240.4,8,,outubro/2026
São Paulo,Jardim Silva Teles,apartamento,venda,7162.2,6524.0,7298.6,7,,outubro/2026
São Paulo,Jardim Soares,apartamento,venda,5604.6,4146.5,7126.4,10,,outubro/2026
São Paulo,Jardim Sônia (Zona Sul),apartamento,venda,6479.1,5922.6,6905.6,12,,outubro/2026
São Paulo,Jardim Soraia,apartamento,venda,4444.4,4259.3,6360.0,9,,outubro/2026
São Paulo,Jardim Sul,apartamento,venda,8846.2,6105.3,10481.4,45,,outubro/2026
São Paulo,Jardim Taboão,apartamento,venda,6111.1,5337.2,6914.6,47,,outubro/2026
São Paulo,Jardim Taquaral,apartamento,venda,10185.2,7535.7,11823.5,39,6.64,outubro/2026
São Paulo,Jardim Taquaral,apartamento,aluguel,56.4,42.7,64.7,9,6.64,outubro/2026
São Paulo,Jardim Teresa,apartamento,venda,6315.8,5789.5,7177.1,13,,outubro/2026
São Paulo,Jardim Têxtil,apartamento,venda,7694.9,7185.3,9725.2,16,,outubro/2026
São Paulo,Jardim Tiro Ao Pombo,apartamento,venda,4400.0,4000.0,5500.0,5,,outubro/2026
São Paulo,Jardim Três Marias,apartamento,venda,6166.7,5384.6,6400.0,13,,outubro/2026
São Paulo,Jardim Trussardi,apartamento,venda,11247.5,8965.5,14023.6,18,,outubro/2026
São Paulo,Jardim Ubirajara,apartamento,venda,5956.3,5218.2,6625.8,34,,outubro/2026
São Paulo,Jardim Umarizal,apartamento,venda,5914.9,5000.0,7146.3,60,10.89,outubro/2026
São Paulo,Jardim Umarizal,apartamento,aluguel,53.7,50.0,56.0,5,10.89,outubro/2026
São Paulo,Jardim Umuarama,apartamento,venda,5787.0,4272.0,9000.3,28,11.36,outubro/2026
São Paulo,Jardim Umuarama,apartamento,aluguel,54.8,49.3,65.5,5,11.36,outubro/2026
São Paulo,Jardim Universidade Pinheiros,apartamento,venda,24711.5,21451.1,26595.7,9,,outubro/2026
São Paulo,Jardim Vaz de Lima,apartamento,venda,5625.0,5090.4,5881.6,7,,outubro/2026
São Paulo,Jardim Vazani,apartamento,venda,9489.6,8066.0,11015.4,30,,outubro/2026
São Paulo,Jardim Vera Cruz,apartamento,venda,19017.1,14882.8,20627.2,24,,outubro/2026
São Paulo,Jardim Vera Cruz (Zona Sul),apartamento,venda,16705.5,15218.7,17505.1,8,,outubro/2026
São Paulo,Jardim Vergueiro (Sacomã),apartamento,venda,5836.7,5044.1,7316.2,52,,outubro/2026
São Paulo,Jardim Vila Carrão,apartamento,venda,6750.0,6000.0,7612.5,12,,outubro/2026
São Paulo,Jardim Vilas Boas,apartamento,venda,4414.1,4267.9,5023.4,8,,outubro/2026
São Paulo,Jardim Vista Linda,apartamento,aluguel,44.8,30.0,45.5,5,,outubro/2026
São Paulo,Jardim Vitória Régia,apartamento,venda,9560.9,8551.4,12352.9,25,6.74,outubro/2026
São Paulo,Jardim Vitória Régia,apartamento,aluguel,53.7,36.9,56.2,5,6.74,outubro/2026
São Paulo,Jardim Vivan,apartamento,venda,6860.9,5863.7,7427.7,8,,outubro/2026
São Paulo,Jardins,apartamento,venda,21081.8,14309.2,28300.0,206,6.82,outubro/2026
São Paulo,Jardins,apartamento,aluguel,119.8,92.0,149.8,62,6.82,outubro/2026
São Paulo,Jardins Recanto das Rosas,apartamento,venda,4634.1,4387.8,4878.0,5,,outubro/2026
São Paulo,Jordanópolis,apartamento,venda,6107.5,5467.0,6370.8,8,,outubro/2026
São Paulo,José Bonifácio,apartamento,venda,5387.3,4236.1,6158.1,22,6.15,outubro/2026
São Paulo,José Bonifácio,apartamento,aluguel,27.6,23.4,32.8,10,6.15,outubro/2026
São Paulo,Jurubatuba,apartamento,venda,10000.0,9153.9,11742.2,26,,outubro/2026
São Paulo,Klabin,apartamento,venda,13939.4,12494.0,14918.4,11,,outubro/2026
São Paulo,Lajeado,apartamento,venda,5159.1,4187.9,6244.3,16,,outubro/2026
São Paulo,Lapa,apartamento,venda,10857.1,8849.6,13131.5,83,7.37,outubro/2026
São Paulo,Lapa,apartamento,aluguel,66.7,53.5,80.6,9,7.37,outubro/2026
São Paulo,Lapa de Baixo,apartamento,venda,7369.2,5918.3,8650.8,25,,outubro/2026
São Paulo,Lar,apartamento,venda,7783.4,6278.3,8787.5,26,,outubro/2026
São Paulo,Lauzane Paulista,apartamento,venda,8421.1,6493.1,10455.5,103,5.26,outubro/2026
São Paulo,Lauzane Paulista,apartamento,aluguel,36.9,30.6,53.5,6,5.26,outubro/2026
São Paulo,Liberdade,apartamento,venda,8278.7,6746.2,11791.4,147,8.57,outubro/2026
São Paulo,Liberdade,apartamento,aluguel,59.1,46.0,85.4,29,8.57,outubro/2026
São Paulo,Limão,apartamento,venda,7867.6,6375.0,9186.5,37,,outubro/2026
São Paulo,Limoeiro,apartamento,venda,4691.0,4098.9,5397.7,10,,outubro/2026
São Paulo,Loteamento City Jaragua,apartamento,venda,6128.2,5220.6,6974.9,27,,outubro/2026
São Paulo,Loteamento Reserva Raposo,apartamento,venda,6587.9,6191.7,7088.7,12,,outubro/2026
São Paulo,Luz,apartamento,venda,7996.2,6225.9,9265.6,20,,outubro/2026
São Paulo,Mairarê Reserva Raposo,apartamento,venda,10638.3,9824.6,11988.3,13,,outubro/2026
São Paulo,Mandaqui,apartamento,venda,7217.1,6095.3,8925.8,118,5.82,outubro/2026
São Paulo,Mandaqui,apartamento,aluguel,35.0,30.8,43.5,15,5.82,outubro/2026
São Paulo,Maranhão,apartamento,venda,7753.6,6815.9,8814.7,27,,outubro/2026
São Paulo,Mirandópolis,apartamento,venda,10515.8,8117.6,14000.0,153,6.6,outubro/2026
São Paulo,Mirandópolis,apartamento,aluguel,57.8,48.0,73.3,25,6.6,outubro/2026
São Paulo,Moema,apartamento,venda,16551.7,12333.3,22962.9,721,6.05,outubro/2026
São Paulo,Moema,apartamento,aluguel,83.5,63.6,115.0,232,6.05,outubro/2026
São Paulo,Mooca,apartamento,venda,9351.9,6794.9,12255.8,492,6.42,outubro/2026
São Paulo,Mooca,apartamento,aluguel,50.0,38.9,66.1,176,6.42,outubro/2026
São Paulo,Morro dos Ingleses,apartamento,venda,9345.8,7858.5,12785.1,47,6.24,outubro/2026
São Paulo,Morro dos Ingleses,apartamento,aluguel,48.6,31.2,66.7,13,6.24,outubro/2026
São Paulo,Morumbi,apartamento,venda,8064.5,5718.3,10912.6,295,7.5,outubro/2026
São Paulo,Morumbi,apartamento,aluguel,50.4,37.4,77.4,63,7.5,outubro/2026
São Paulo,Nossa Senhora do Ó,apartamento,venda,7571.4,6299.9,8471.6,27,,outubro/2026
São Paulo,Nova Klabin,apartamento,venda,13138.0,11418.0,14096.9,24,,outubro/2026
São Paulo,Nova Piraju,apartamento,venda,8333.3,7036.9,11270.8,23,,outubro/2026
São Paulo,Núcleo do Engordador,apartamento,venda,4770.0,4516.0,4970.0,6,,outubro/2026
São Paulo,Núcleo Lageado,apartamento,venda,4296.1,3906.2,5096.1,12,,outubro/2026
São Paulo,Pacaembu,apartamento,venda,10023.6,7567.6,13333.3,37,4.24,outubro/2026
São Paulo,Pacaembu,apartamento,aluguel,35.4,32.8,43.7,7,4.24,outubro/2026
São Paulo,Paineiras do Morumbi,apartamento,venda,6956.5,5533.3,7412.3,9,,outubro/2026
São Paulo,Panamby,apartamento,venda,9476.2,7260.3,11979.2,93,8.6,outubro/2026
São Paulo,Panamby,apartamento,aluguel,67.9,48.5,87.4,46,8.6,outubro/2026
São Paulo,Parada,apartamento,venda,6216.2,5122.0,8437.5,5,,outubro/2026
São Paulo,Parada de Taipas,apartamento,venda,4459.1,4390.1,4707.6,6,,outubro/2026
São Paulo,Parada Inglesa,apartamento,venda,9288.2,7932.8,10692.9,124,8.33,outubro/2026
São Paulo,Parada Inglesa,apartamento,aluguel,64.5,56.2,72.6,13,8.33,outubro/2026
São Paulo,Parada XV de Novembro,apartamento,venda,5416.5,4375.0,6209.3,29,,outubro/2026
São Paulo,Paraíso,apartamento,venda,13402.7,10000.0,18582.1,494,5.54,outubro/2026
São Paulo,Paraíso,apartamento,aluguel,61.9,47.5,85.6,99,5.54,outubro/2026
São Paulo,Paraíso do Morumbi,apartamento,venda,7979.5,6319.0,10393.4,72,4.68,outubro/2026
São Paulo,Paraíso do Morumbi,apartamento,aluguel,31.1,27.0,46.4,14,4.68,outubro/2026
São Paulo,Paraisópolis,apartamento,venda,4921.9,3714.3,6383.0,49,10.87,outubro/2026
São Paulo,Paraisópolis,apartamento,aluguel,44.6,39.1,46.0,5,10.87,outubro/2026
São Paulo,Pari,apartamento,venda,10951.8,7393.1,12164.4,15,,outubro/2026
São Paulo,Parque Alves de Lima,apartamento,venda,8920.4,7934.0,11227.5,16,,outubro/2026
São Paulo,Parque Arariba,apartamento,venda,8463.4,8085.8,8913.8,6,,outubro/2026
São Paulo,Parque Artur Alvim,apartamento,venda,6128.2,5232.6,7195.7,23,,outubro/2026
São Paulo,Parque Bairro Morumbi,apartamento,venda,5555.6,4352.9,6200.0,21,,outubro/2026
São Paulo,Parque Boa Esperança,apartamento,venda,4720.9,4365.6,5250.5,14,,outubro/2026
São Paulo,Parque Boturussu,apartamento,venda,6065.2,5392.7,6847.2,15,,outubro/2026
São Paulo,Parque Bristol,apartamento,venda,5344.0,4738.6,6182.9,34,,outubro/2026
São Paulo,Parque Casa de Pedra,apartamento,venda,5846.2,4840.6,6106.4,6,,outubro/2026
São Paulo,Parque Císper,apartamento,venda,6052.6,5657.4,6858.3,7,,outubro/2026
São Paulo,Parque Colonial,apartamento,venda,11734.7,10311.8,17098.0,19,,outubro/2026
São Paulo,Parque Continental,apartamento,venda,7619.0,6923.1,8518.5,13,,outubro/2026
São Paulo,Parque Cruzeiro do Sul,apartamento,venda,5340.2,5032.6,5990.4,11,,outubro/2026
São Paulo,Parque da Mooca,apartamento,venda,9444.4,7623.6,12894.1,115,6.82,outubro/2026
São Paulo,Parque da Mooca,apartamento,aluguel,53.7,42.9,67.1,15,6.82,outubro/2026
São Paulo,Parque da Vila Prudente,apartamento,venda,9728.3,7953.9,10964.9,71,6.17,outubro/2026
São Paulo,Parque da Vila Prudente,apartamento,aluguel,50.0,50.0,51.2,5,6.17,outubro/2026
São Paulo,Parque das Árvores,apartamento,venda,4916.7,4579.0,5369.2,16,,outubro/2026
São Paulo,Parque das Paineiras,apartamento,venda,6045.8,5102.7,7166.6,31,,outubro/2026
São Paulo,Parque do Carmo,apartamento,venda,6363.6,5225.0,6784.4,15,5.58,outubro/2026
São Paulo,Parque do Carmo,apartamento,aluguel,29.6,25.6,35.7,5,5.58,outubro/2026
São Paulo,Parque do Morumbi,apartamento,venda,11267.6,10432.1,13000.0,25,,outubro/2026
São Paulo,Parque Dom João Neri,apartamento,venda,5392.8,4551.4,5682.2,12,,outubro/2026
São Paulo,Parque dos Príncipes,apartamento,venda,11237.5,10529.8,12154.7,9,,outubro/2026
São Paulo,Parque Edu Chaves,apartamento,venda,6808.5,5926.1,7974.1,11,,outubro/2026
São Paulo,Parque Esmeralda,apartamento,venda,6162.8,4434.0,6789.2,31,7.96,outubro/2026
São Paulo,Parque Esmeralda,apartamento,aluguel,40.9,39.5,42.9,5,7.96,outubro/2026
São Paulo,Parque Fernanda,apartamento,venda,6428.6,6142.9,7449.0,6,,outubro/2026
São Paulo,Parque Flamengo,apartamento,venda,4629.6,4241.7,4903.8,7,,outubro/2026
São Paulo,Parque Fongaro,apartamento,venda,5604.5,4746.0,7191.0,27,,outubro/2026
São Paulo,Parque Guarani,apartamento,venda,5731.7,5333.3,5998.3,5,,outubro/2026
São Paulo,Parque Imperial,apartamento,venda,10000.0,8500.0,11642.2,41,5.69,outubro/2026
São Paulo,Parque Imperial,apartamento,aluguel,47.4,43.7,58.8,7,5.69,outubro/2026
São Paulo,Parque Independência,apartamento,venda,8612.9,7315.9,9511.7,18,,outubro/2026
São Paulo,Parque Industrial Tomas Edson,apartamento,venda,11707.3,9586.9,13217.3,35,6.15,outubro/2026
São Paulo,Parque Industrial Tomas Edson,apartamento,aluguel,60.0,56.1,66.9,7,6.15,outubro/2026
São Paulo,Parque Ipê,apartamento,venda,6180.6,5228.6,7258.7,34,6.93,outubro/2026
São Paulo,Parque Ipê,apartamento,aluguel,35.7,34.7,37.1,6,6.93,outubro/2026
São Paulo,Parque Mandaqui,apartamento,venda,7153.2,6157.8,8243.8,80,6.01,outubro/2026
São Paulo,Parque Mandaqui,apartamento,aluguel,35.8,32.6,46.5,6,6.01,outubro/2026
São Paulo,Parque Maria Domitila,apartamento,venda,7076.9,6133.3,8382.8,11,,outubro/2026
São Paulo,Parque Maria Helena,apartamento,venda,7037.0,6363.6,8032.3,25,6.97,outubro/2026
São Paulo,Parque Maria Helena,apartamento,aluguel,40.9,35.9,41.9,5,6.97,outubro/2026
São Paulo,Parque Maria Luiza,apartamento,venda,6744.2,5936.0,8490.0,15,,outubro/2026
São Paulo,Parque Munhoz,apartamento,venda,5600.0,4859.4,6269.0,35,6.92,outubro/2026
São Paulo,Parque Munhoz,apartamento,aluguel,32.3,32.0,46.1,6,6.92,outubro/2026
São Paulo,Parque Nações Unidas,apartamento,venda,4774.2,3924.6,5410.7,20,6.94,outubro/2026
São Paulo,Parque Nações Unidas,apartamento,aluguel,27.6,21.2,31.5,5,6.94,outubro/2026
São Paulo,Parque Novo Mundo,apartamento,venda,6666.7,5797.1,7396.6,45,5.45,outubro/2026
São Paulo,Parque Novo Mundo,apartamento,aluguel,30.3,28.1,35.9,6,5.45,outubro/2026
São Paulo,Parque Panamericano,apartamento,venda,6568.5,5303.6,8446.7,12,,outubro/2026
São Paulo,Parque Paulistano,apartamento,venda,6808.5,5840.0,7826.1,5,,outubro/2026
São Paulo,Parque Peruche,apartamento,venda,9113.9,7225.4,9908.2,14,,outubro/2026
São Paulo,Parque Rebouças,apartamento,venda,7142.9,6272.7,8513.8,55,8.0,outubro/2026
São Paulo,Parque Rebouças,apartamento,aluguel,47.6,44.3,50.1,8,8.0,outubro/2026
São Paulo,Parque Regina,apartamento,venda,10333.7,8198.1,10720.3,7,4.98,outubro/2026
São Paulo,Parque Regina,apartamento,aluguel,42.9,40.2,56.4,7,4.98,outubro/2026
São Paulo,Parque Residencial da Lapa,apartamento,venda,7250.0,5396.4,10725.8,30,,outubro/2026
São Paulo,Parque Residencial Julia,apartamento,venda,8902.4,8135.7,9317.1,15,,outubro/2026
São Paulo,Parque Santa Rita,apartamento,venda,5400.0,4506.1,7000.0,13,,outubro/2026
São Paulo,Parque Santo Antônio,apartamento,venda,5100.0,4056.0,5718.8,18,,outubro/2026
São Paulo,Parque São Domingos,apartamento,venda,12437.0,8209.6,15125.0,28,7.92,outubro/2026
São Paulo,Parque São Domingos,apartamento,aluguel,82.1,72.6,97.4,18,7.92,outubro/2026
São Paulo,Parque São Jorge,apartamento,venda,10661.8,7709.0,12932.0,79,8.25,outubro/2026
São Paulo,Parque São Jorge,apartamento,aluguel,73.3,60.8,79.4,7,8.25,outubro/2026
São Paulo,Parque São Lourenço,apartamento,venda,5349.8,4671.4,6214.3,34,,outubro/2026
São Paulo,Parque São Luís,apartamento,venda,6290.8,5514.9,6636.1,10,,outubro/2026
São Paulo,Parque São Rafael,apartamento,venda,6666.4,5208.1,7537.7,11,,outubro/2026
São Paulo,Parque Savoy City,apartamento,venda,5416.7,5156.2,5838.0,7,,outubro/2026
São Paulo,Parque Sevilha,apartamento,venda,5688.5,5500.5,5907.6,6,,outubro/2026
São Paulo,Parque Tomas Saraiva,apartamento,venda,5684.0,5172.5,6172.9,16,,outubro/2026
São Paulo,Parque Vitória,apartamento,venda,8444.4,7585.4,9298.7,27,,outubro/2026
São Paulo,Paulista,apartamento,venda,16988.2,14049.5,20581.5,6,,outubro/2026
São Paulo,Pedreira,apartamento,venda,6019.0,4708.7,6707.1,8,,outubro/2026
São Paulo,Penha de França,apartamento,venda,7017.9,5799.3,8384.6,146,7.68,outubro/2026
São Paulo,Penha de França,apartamento,aluguel,44.9,36.7,54.8,20,7.68,outubro/2026
São Paulo,Perdizes,apartamento,venda,12500.0,9047.6,16891.9,945,6.36,outubro/2026
São Paulo,Perdizes,apartamento,aluguel,66.3,47.7,89.3,204,6.36,outubro/2026
São Paulo,Perus,apartamento,venda,7175.5,4202.6,7495.2,16,,outubro/2026
São Paulo,Pinheiros,apartamento,venda,16400.0,11454.5,21875.0,873,6.75,outubro/2026
São Paulo,Pinheiros,apartamento,aluguel,92.3,66.0,130.4,245,6.75,outubro/2026
São Paulo,Piqueri,apartamento,venda,7385.7,4937.5,8500.0,21,,outubro/2026
São Paulo,Pirajussara,apartamento,venda,5940.5,5095.3,6914.7,32,,outubro/2026
São Paulo,Pirituba,apartamento,venda,6871.8,6148.4,8045.0,23,,outubro/2026
São Paulo,Planalto Paulista,apartamento,venda,11022.9,8511.4,13382.4,76,6.23,outubro/2026
São Paulo,Planalto Paulista,apartamento,aluguel,57.2,36.1,60.8,18,6.23,outubro/2026
São Paulo,Ponte Rasa,apartamento,venda,6822.2,6055.6,7300.0,6,,outubro/2026
São Paulo,Portal do Morumbi,apartamento,venda,9181.8,7110.2,9909.5,19,,outubro/2026
São Paulo,Praça da Árvore,apartamento,venda,13504.7,9827.2,14828.6,16,,outubro/2026
São Paulo,Quarta Parada,apartamento,venda,11992.6,10465.3,13591.4,20,5.88,outubro/2026
São Paulo,Quarta Parada,apartamento,aluguel,58.8,46.1,63.0,7,5.88,outubro/2026
São Paulo,Quinta da Paineira,apartamento,venda,7203.2,6261.9,8787.1,52,,outubro/2026
São Paulo,Raposo Tavares,apartamento,venda,5106.4,4954.5,9352.5,5,,outubro/2026
São Paulo,Real Parque,apartamento,venda,11444.1,7000.0,24462.4,77,5.74,outubro/2026
São Paulo,Real Parque,apartamento,aluguel,54.7,38.7,120.8,8,5.74,outubro/2026
São Paulo,Recanto Paraíso,apartamento,venda,14263.0,12505.2,21782.0,16,,outubro/2026
São Paulo,República,apartamento,venda,9809.6,6713.2,12920.0,66,8.02,outubro/2026
São Paulo,República,apartamento,aluguel,65.6,50.0,82.1,16,8.02,outubro/2026
São Paulo,Rio Pequeno,apartamento,venda,7004.8,6095.5,8529.6,19,7.28,outubro/2026
São Paulo,Rio Pequeno,apartamento,aluguel,42.5,39.8,50.3,9,7.28,outubro/2026
São Paulo,Sacomã,apartamento,venda,6487.7,5282.7,7785.0,134,7.99,outubro/2026
São Paulo,Sacomã,apartamento,aluguel,43.2,38.9,47.5,16,7.99,outubro/2026
São Paulo,Santa Cecília,apartamento,venda,10533.5,8588.4,13014.0,262,5.88,outubro/2026
São Paulo,Santa Cecília,apartamento,aluguel,51.6,42.9,68.1,32,5.88,outubro/2026
São Paulo,Santa Efigênia,apartamento,venda,5806.1,5212.8,8139.6,11,,outubro/2026
São Paulo,Santa Teresinha,apartamento,venda,10692.3,7827.2,14004.1,119,8.42,outubro/2026
São Paulo,Santa Teresinha,apartamento,aluguel,75.0,61.1,85.0,5,8.42,outubro/2026
São Paulo,Santana,apartamento,venda,9526.3,7191.8,12619.0,481,7.7,outubro/2026
São Paulo,Santana,apartamento,aluguel,61.1,40.1,74.7,58,7.7,outubro/2026
São Paulo,Santo Amaro,apartamento,venda,10902.5,8289.7,13901.3,268,7.45,outubro/2026
São Paulo,Santo Amaro,apartamento,aluguel,67.7,53.1,95.3,50,7.45,outubro/2026
São Paulo,São João Clímaco,apartamento,venda,5470.2,4979.5,6225.3,20,,outubro/2026
São Paulo,São Judas,apartamento,venda,10000.0,7337.0,11697.0,43,6.47,outubro/2026
São Paulo,São Judas,apartamento,aluguel,53.9,40.5,58.4,8,6.47,outubro/2026
São Paulo,São Lucas,apartamento,venda,6863.6,6166.7,7866.7,57,7.03,outubro/2026
São Paulo,São Lucas,apartamento,aluguel,40.2,33.9,44.0,8,7.03,outubro/2026
São Paulo,São Mateus,apartamento,venda,5657.6,5403.1,6089.1,7,,outubro/2026
São Paulo,São Miguel,apartamento,venda,6068.0,5255.9,6463.1,10,,outubro/2026
São Paulo,São Miguel Paulista,apartamento,venda,6206.3,4791.7,6981.1,37,,outubro/2026
São Paulo,Sapopemba,apartamento,venda,7498.9,6830.4,8026.6,12,7.2,outubro/2026
São Paulo,Sapopemba,apartamento,aluguel,45.0,41.9,54.3,5,7.2,outubro/2026
São Paulo,Saúde,apartamento,venda,9867.5,7468.0,12210.3,320,6.94,outubro/2026
São Paulo,Saúde,apartamento,aluguel,57.1,42.0,79.7,45,6.94,outubro/2026
São Paulo,Sé,apartamento,venda,7000.0,5789.5,8750.0,25,,outubro/2026
São Paulo,Sítio da Figueira,apartamento,venda,8000.0,6992.0,9141.8,15,,outubro/2026
São Paulo,Sítio do Mandaqui,apartamento,venda,6666.7,6050.9,7371.4,7,,outubro/2026
São Paulo,Sítio Pinheirinho,apartamento,venda,6176.9,5683.2,6550.0,6,,outubro/2026
São Paulo,Socorro,apartamento,venda,8611.1,7638.9,10333.3,21,8.01,outubro/2026
São Paulo,Socorro,apartamento,aluguel,57.5,52.1,63.4,8,8.01,outubro/2026
São Paulo,Sumaré,apartamento,venda,15000.0,11372.2,18039.0,95,7.81,outubro/2026
São Paulo,Sumaré,apartamento,aluguel,97.6,49.0,103.1,12,7.81,outubro/2026
São Paulo,Sumarezinho,apartamento,venda,14068.8,11077.4,18937.5,62,7.68,outubro/2026
São Paulo,Sumarezinho,apartamento,aluguel,90.0,66.1,99.4,14,7.68,outubro/2026
São Paulo,Super Quadra Morumbi,apartamento,venda,5912.4,5600.0,6450.3,17,,outubro/2026
São Paulo,Taipas,apartamento,venda,4975.0,4354.1,5701.1,27,,outubro/2026
São Paulo,Tatuapé,apartamento,venda,10740.7,8125.0,13741.9,801,6.65,outubro/2026
São Paulo,Tatuapé,apartamento,aluguel,59.5,42.6,78.7,229,6.65,outubro/2026
São Paulo,Tremembé,apartamento,venda,6957.4,5650.0,8308.5,34,,outubro/2026
São Paulo,Tucuruvi,apartamento,venda,8805.4,7224.8,10841.6,172,6.92,outubro/2026
São Paulo,Tucuruvi,apartamento,aluguel,50.8,45.7,72.4,12,6.92,outubro/2026
São Paulo,Umarizal,apartamento,venda,9027.8,8444.4,9962.1,8,,outubro/2026
São Paulo,V Mariana,apartamento,venda,10000.0,7935.8,12533.3,9,,outubro/2026
São Paulo,Várzea da Barra Funda,apartamento,venda,11463.4,10069.0,13001.3,15,,outubro/2026
São Paulo,Várzea de Baixo,apartamento,venda,12904.3,10956.2,13710.5,6,,outubro/2026
São Paulo,Vila Água Funda,apartamento,venda,8358.2,6571.3,9085.4,7,,outubro/2026
São Paulo,Vila Albertina,apartamento,venda,8194.4,6989.2,9574.5,29,,outubro/2026
São Paulo,Vila Alexandria,apartamento,venda,7232.1,6400.0,9206.3,13,,outubro/2026
São Paulo,Vila Alpina,apartamento,venda,7481.5,6071.4,9016.7,57,5.79,outubro/2026
São Paulo,Vila Alpina,apartamento,aluguel,36.1,26.9,38.2,6,5.79,outubro/2026
São Paulo,Vila Amália,apartamento,venda,7460.9,6314.4,8977.8,26,,outubro/2026
São Paulo,Vila Amélia,apartamento,venda,6041.7,5089.3,7275.5,16,,outubro/2026
São Paulo,Vila Anastácio,apartamento,venda,13435.2,12263.0,14888.5,46,,outubro/2026
São Paulo,Vila Andrade,apartamento,venda,7567.6,5827.3,9452.9,357,7.63,outubro/2026
São Paulo,Vila Andrade,apartamento,aluguel,48.1,34.9,59.0,71,7.63,outubro/2026
São Paulo,Vila Anglo Brasileira,apartamento,venda,14032.3,10879.8,15191.7,7,,outubro/2026
São Paulo,Vila Antonieta,apartamento,venda,6968.8,6298.3,7916.3,35,,outubro/2026
São Paulo,Vila Antonina,apartamento,venda,8333.3,6811.1,9291.7,31,,outubro/2026
São Paulo,Vila Araguaia,apartamento,venda,6257.4,5833.3,6875.0,9,,outubro/2026
São Paulo,Vila Arapuã,apartamento,venda,5208.3,4909.1,5818.2,13,,outubro/2026
São Paulo,Vila Aricanduva,apartamento,venda,7777.8,7142.9,8702.2,41,7.71,outubro/2026
São Paulo,Vila Aricanduva,apartamento,aluguel,50.0,44.0,55.0,5,7.71,outubro/2026
São Paulo,Vila Aurora (Zona Norte),apartamento,venda,7352.9,6642.9,8410.6,19,,outubro/2026
São Paulo,Vila Azevedo,apartamento,venda,9250.0,8136.3,10798.4,24,,outubro/2026
São Paulo,Vila Barbosa,apartamento,venda,7692.3,7371.8,8157.9,9,,outubro/2026
São Paulo,Vila Baruel,apartamento,venda,15681.9,8988.0,16593.5,6,,outubro/2026
São Paulo,Vila Basileia,apartamento,venda,6932.4,6464.4,7656.2,5,,outubro/2026
São Paulo,Vila Beatriz,apartamento,venda,15625.0,8641.2,20348.1,19,,outubro/2026
São Paulo,Vila Bela,apartamento,venda,7434.4,6722.7,7801.9,23,,outubro/2026
São Paulo,Vila Bela Vista (Zona Norte),apartamento,venda,5877.1,5427.0,6591.8,8,,outubro/2026
São Paulo,Vila Bertioga,apartamento,venda,10083.0,8078.0,11282.3,28,,outubro/2026
São Paulo,Vila Brasilândia,apartamento,venda,7470.6,5452.6,8332.8,35,,outubro/2026
São Paulo,Vila Brasilina,apartamento,venda,6782.6,6379.2,8155.4,16,,outubro/2026
São Paulo,Vila Brasílio Machado,apartamento,venda,8916.7,7448.5,11521.8,47,,outubro/2026
São Paulo,Vila Buarque,apartamento,venda,8928.6,7263.2,11666.7,73,9.17,outubro/2026
São Paulo,Vila Buarque,apartamento,aluguel,68.2,53.0,78.6,15,9.17,outubro/2026
São Paulo,Vila Buenos Aires,apartamento,venda,6250.0,5792.9,6857.1,17,,outubro/2026
São Paulo,Vila Butantã,apartamento,venda,7400.0,6455.9,9259.3,25,7.91,outubro/2026
São Paulo,Vila Butantã,apartamento,aluguel,48.8,35.9,84.0,14,7.91,outubro/2026
São Paulo,Vila Cachoeira,apartamento,venda,5537.6,4776.9,6491.4,20,,outubro/2026
São Paulo,Vila Califórnia,apartamento,venda,7319.3,6761.5,8119.3,26,6.57,outubro/2026
São Paulo,Vila Califórnia,apartamento,aluguel,40.1,38.8,62.5,5,6.57,outubro/2026
São Paulo,Vila Campanela,apartamento,venda,8327.9,6654.7,9409.3,8,,outubro/2026
São Paulo,Vila Campestre,apartamento,venda,6978.3,6229.2,9452.1,17,,outubro/2026
São Paulo,Vila Canero,apartamento,venda,9739.1,9046.4,11319.4,8,,outubro/2026
São Paulo,Vila Caraguatá,apartamento,venda,6140.1,5861.1,8439.6,12,,outubro/2026
São Paulo,Vila Carioca,apartamento,venda,8289.5,7450.0,10000.0,9,,outubro/2026
São Paulo,Vila Carlos de Campos,apartamento,venda,7618.4,7196.5,8484.4,8,,outubro/2026
São Paulo,Vila Carmosina,apartamento,venda,5833.3,4700.0,6793.1,41,,outubro/2026
São Paulo,Vila Carrão,apartamento,venda,8490.6,7176.1,10795.8,263,7.43,outubro/2026
São Paulo,Vila Carrão,apartamento,aluguel,52.6,37.5,66.7,35,7.43,outubro/2026
São Paulo,Vila Clementino,apartamento,venda,13088.2,10125.0,17887.9,489,7.03,outubro/2026
São Paulo,Vila Clementino,apartamento,aluguel,76.7,55.2,105.4,131,7.03,outubro/2026
São Paulo,Vila Congonhas,apartamento,venda,9718.3,7714.3,11168.8,17,,outubro/2026
São Paulo,Vila Constança,apartamento,venda,7069.0,5952.5,8396.9,49,,outubro/2026
São Paulo,Vila Cordeiro,apartamento,venda,15270.3,13121.3,16676.7,15,5.85,outubro/2026
São Paulo,Vila Cordeiro,apartamento,aluguel,74.5,58.9,89.0,5,5.85,outubro/2026
São Paulo,Vila Cosmopolita,apartamento,venda,5116.3,4657.8,5675.7,11,6.12,outubro/2026
São Paulo,Vila Cosmopolita,apartamento,aluguel,26.1,24.0,34.3,5,6.12,outubro/2026
São Paulo,Vila Costa Melo,apartamento,venda,5859.8,5092.8,6362.3,10,,outubro/2026
São Paulo,Vila Cruzeiro,apartamento,venda,14392.9,12940.5,15885.7,20,,outubro/2026
São Paulo,Vila Curuçá,apartamento,venda,5306.1,4438.3,6502.6,19,,outubro/2026
São Paulo,Vila da Saúde,apartamento,venda,9749.8,8030.8,11743.0,100,7.56,outubro/2026
São Paulo,Vila da Saúde,apartamento,aluguel,61.4,50.4,65.0,15,7.56,outubro/2026
São Paulo,Vila Dalila,apartamento,venda,7000.0,6313.2,8593.8,9,,outubro/2026
São Paulo,Vila das Belezas,apartamento,venda,8056.5,7283.3,8892.3,22,5.27,outubro/2026
São Paulo,Vila das Belezas,apartamento,aluguel,35.4,33.8,36.8,6,5.27,outubro/2026
São Paulo,Vila das Mercês,apartamento,venda,6846.2,5583.8,8021.7,75,8.33,outubro/2026
São Paulo,Vila das Mercês,apartamento,aluguel,47.5,41.6,53.3,11,8.33,outubro/2026
São Paulo,Vila Deodoro,apartamento,venda,7590.6,6574.7,9632.8,12,,outubro/2026
São Paulo,Vila Diva (Zona Leste),apartamento,venda,7444.5,6824.5,7844.9,8,,outubro/2026
São Paulo,Vila do Bosque,apartamento,venda,9009.0,8273.6,9697.1,6,,outubro/2026
São Paulo,Vila do Castelo,apartamento,venda,6678.3,5996.2,7744.6,12,,outubro/2026
São Paulo,Vila do Encontro,apartamento,venda,6375.0,5571.4,6962.2,13,,outubro/2026
São Paulo,Vila Dom Pedro I,apartamento,venda,11088.9,8253.0,12407.0,69,6.0,outubro/2026
São Paulo,Vila Dom Pedro I,apartamento,aluguel,55.4,38.8,58.3,10,6.0,outubro/2026
São Paulo,Vila Dom Pedro II,apartamento,venda,8648.5,7554.5,9776.9,42,7.85,outubro/2026
São Paulo,Vila Dom Pedro II,apartamento,aluguel,56.6,52.2,62.1,8,7.85,outubro/2026
São Paulo,Vila dos Remédios,apartamento,venda,6363.6,6088.2,6923.1,7,,outubro/2026
São Paulo,Vila Ede,apartamento,venda,6774.2,6342.5,7088.4,7,,outubro/2026
São Paulo,Vila Ema,apartamento,venda,7453.7,6303.0,9304.8,122,6.91,outubro/2026
São Paulo,Vila Ema,apartamento,aluguel,42.9,37.2,50.8,18,6.91,outubro/2026
São Paulo,Vila Esperança,apartamento,venda,7777.8,6328.4,9472.2,67,7.1,outubro/2026
São Paulo,Vila Esperança,apartamento,aluguel,46.0,42.3,54.1,7,7.1,outubro/2026
São Paulo,Vila Ester (Zona Norte),apartamento,venda,9390.3,8178.4,12340.9,32,,outubro/2026
São Paulo,Vila Fernandes,apartamento,venda,7829.6,7648.7,8112.2,6,,outubro/2026
São Paulo,Vila Firmiano Pinto,apartamento,venda,10327.6,8542.8,12747.0,92,6.24,outubro/2026
São Paulo,Vila Firmiano Pinto,apartamento,aluguel,53.7,37.4,67.9,12,6.24,outubro/2026
São Paulo,Vila Formosa,apartamento,venda,8227.8,6686.0,10506.5,265,6.61,outubro/2026
São Paulo,Vila Formosa,apartamento,aluguel,45.3,36.7,57.8,48,6.61,outubro/2026
São Paulo,Vila Gertrudes,apartamento,venda,17241.9,15282.3,18753.2,31,7.62,outubro/2026
São Paulo,Vila Gertrudes,apartamento,aluguel,109.5,100.0,129.0,9,7.62,outubro/2026
São Paulo,Vila Gomes,apartamento,venda,8825.4,8224.9,9702.5,16,,outubro/2026
São Paulo,Vila Gomes Cardim,apartamento,venda,10679.7,8957.7,13032.1,218,6.33,outubro/2026
São Paulo,Vila Gomes Cardim,apartamento,aluguel,56.3,42.7,65.6,20,6.33,outubro/2026
São Paulo,Vila Granada,apartamento,venda,6924.7,6432.5,8190.3,14,,outubro/2026
São Paulo,Vila Guaca,apartamento,venda,9431.8,8159.1,10200.0,33,,outubro/2026
São Paulo,Vila Guarani (Zona Sul),apartamento,venda,9750.0,8078.9,11515.2,147,6.57,outubro/2026
São Paulo,Vila Guarani (Zona Sul),apartamento,aluguel,53.4,44.8,60.7,34,6.57,outubro/2026
São Paulo,Vila Guilherme,apartamento,venda,8849.1,7446.8,10333.3,117,6.16,outubro/2026
São Paulo,Vila Guilherme,apartamento,aluguel,45.4,36.1,58.9,12,6.16,outubro/2026
São Paulo,Vila Guilhermina,apartamento,venda,7338.5,6299.0,8294.5,36,7.36,outubro/2026
São Paulo,Vila Guilhermina,apartamento,aluguel,45.0,41.1,51.6,7,7.36,outubro/2026
São Paulo,Vila Gumercindo,apartamento,venda,9718.3,7979.6,11709.5,223,6.11,outubro/2026
São Paulo,Vila Gumercindo,apartamento,aluguel,49.5,44.6,59.2,22,6.11,outubro/2026
São Paulo,Vila Gustavo,apartamento,venda,8139.7,6852.8,9650.9,64,,outubro/2026
São Paulo,Vila Independência,apartamento,venda,8517.5,7458.9,9619.9,42,,outubro/2026
São Paulo,Vila Indiana,apartamento,venda,9833.3,8542.9,10270.3,13,4.88,outubro/2026
São Paulo,Vila Indiana,apartamento,aluguel,40.0,36.4,45.1,5,4.88,outubro/2026
São Paulo,Vila Industrial,apartamento,venda,6093.8,5483.7,6601.7,27,,outubro/2026
São Paulo,Vila Invernada,apartamento,venda,8571.4,7434.3,10000.0,67,7.2,outubro/2026
São Paulo,Vila Invernada,apartamento,aluguel,51.4,36.2,54.8,11,7.2,outubro/2026
São Paulo,Vila Ipojuca,apartamento,venda,12419.4,10689.7,13114.8,37,5.27,outubro/2026
São Paulo,Vila Ipojuca,apartamento,aluguel,54.5,45.2,67.3,8,5.27,outubro/2026
São Paulo,Vila Irmãos Arnoni,apartamento,venda,8641.5,7481.7,11742.4,16,,outubro/2026
São Paulo,Vila Isa,apartamento,venda,9672.1,8672.1,10163.9,9,,outubro/2026
São Paulo,Vila Isolina Mazzei,apartamento,venda,8677.8,7656.2,10100.4,26,,outubro/2026
São Paulo,Vila Ivg,apartamento,venda,6700.0,6527.8,7200.0,9,,outubro/2026
São Paulo,Vila Ivone,apartamento,venda,7400.0,5971.2,7827.9,12,,outubro/2026
São Paulo,Vila Jacuí,apartamento,venda,7618.6,5816.3,8117.9,15,5.53,outubro/2026
São Paulo,Vila Jacuí,apartamento,aluguel,35.1,34.5,48.6,5,5.53,outubro/2026
São Paulo,Vila Jaguara,apartamento,venda,6219.5,5862.1,6428.6,5,9.42,outubro/2026
São Paulo,Vila Jaguara,apartamento,aluguel,48.8,30.1,51.4,5,9.42,outubro/2026
São Paulo,Vila Jaraguá,apartamento,venda,5629.3,4931.4,6398.5,8,,outubro/2026
São Paulo,Vila Lageado,apartamento,venda,6906.9,6163.0,8484.0,22,6.19,outubro/2026
São Paulo,Vila Lageado,apartamento,aluguel,35.6,29.2,37.2,7,6.19,outubro/2026
São Paulo,Vila Laís,apartamento,venda,7075.5,6163.5,7196.4,7,,outubro/2026
São Paulo,Vila Leonor,apartamento,venda,6774.2,6580.0,6795.5,5,,outubro/2026
São Paulo,Vila Leopoldina,apartamento,venda,14142.9,11227.1,15844.0,75,6.19,outubro/2026
São Paulo,Vila Leopoldina,apartamento,aluguel,72.9,64.6,87.1,22,6.19,outubro/2026
São Paulo,Vila Libanesa,apartamento,venda,8021.7,7200.0,8035.7,5,,outubro/2026
São Paulo,Vila Liviero,apartamento,venda,6479.9,5708.4,6838.0,12,,outubro/2026
São Paulo,Vila Madalena,apartamento,venda,16050.3,12381.0,20227.8,374,6.16,outubro/2026
São Paulo,Vila Madalena,apartamento,aluguel,82.4,64.3,100.8,64,6.16,outubro/2026
São Paulo,Vila Mangalot,apartamento,aluguel,38.7,37.8,42.9,5,,outubro/2026
São Paulo,Vila Maracanã,apartamento,venda,6640.0,5929.8,7593.8,11,,outubro/2026
São Paulo,Vila Marari,apartamento,venda,6794.9,4963.9,8500.0,27,,outubro/2026
São Paulo,Vila Maria,apartamento,venda,10080.5,8518.7,11491.3,42,5.36,outubro/2026
São Paulo,Vila Maria,apartamento,aluguel,45.0,33.3,55.2,13,5.36,outubro/2026
São Paulo,Vila Maria Alta,apartamento,venda,8372.9,7121.1,10377.1,42,,outubro/2026
São Paulo,Vila Mariana,apartamento,venda,12923.5,9797.0,17179.3,1170,6.26,outubro/2026
São Paulo,Vila Mariana,apartamento,aluguel,67.4,50.4,91.6,244,6.26,outubro/2026
São Paulo,Vila Marieta,apartamento,venda,6567.6,5923.1,7200.0,21,,outubro/2026
São Paulo,Vila Marina,apartamento,venda,8385.7,7718.7,9059.4,6,,outubro/2026
São Paulo,Vila Mariza Mazzei,apartamento,venda,8681.3,8482.6,8884.9,6,,outubro/2026
São Paulo,Vila Marte,apartamento,venda,5125.0,5000.0,5344.8,5,,outubro/2026
São Paulo,Vila Mascote,apartamento,venda,9615.4,7655.2,11222.1,67,7.31,outubro/2026
São Paulo,Vila Mascote,apartamento,aluguel,58.6,38.5,78.2,10,7.31,outubro/2026
São Paulo,Vila Matilde,apartamento,venda,7763.2,6655.8,9213.0,91,6.97,outubro/2026
São Paulo,Vila Matilde,apartamento,aluguel,45.1,38.8,50.9,10,6.97,outubro/2026
São Paulo,Vila Mazzei,apartamento,venda,7941.7,7040.8,9314.8,62,6.95,outubro/2026
São Paulo,Vila Mazzei,apartamento,aluguel,46.0,42.8,55.2,15,6.95,outubro/2026
São Paulo,Vila Medeiros,apartamento,venda,6640.5,5371.0,7555.7,32,,outubro/2026
São Paulo,Vila Mendes,apartamento,venda,7173.4,6424.8,7949.5,6,,outubro/2026
São Paulo,Vila Moinho Velho,apartamento,venda,7175.4,6000.0,8000.0,73,6.69,outubro/2026
São Paulo,Vila Moinho Velho,apartamento,aluguel,40.0,30.3,48.5,10,6.69,outubro/2026
São Paulo,Vila Monte Alegre,apartamento,venda,9057.9,7394.0,12215.5,54,,outubro/2026
São Paulo,Vila Monumento,apartamento,venda,8550.0,6256.5,10464.3,139,7.96,outubro/2026
São Paulo,Vila Monumento,apartamento,aluguel,56.7,33.9,65.1,11,7.96,outubro/2026
São Paulo,Vila Moraes,apartamento,venda,5899.6,4634.2,7537.5,30,9.6,outubro/2026
São Paulo,Vila Moraes,apartamento,aluguel,47.2,40.3,54.0,5,9.6,outubro/2026
São Paulo,Vila Moreira,apartamento,venda,7596.2,7085.7,8704.4,15,,outubro/2026
São Paulo,Vila Morse,apartamento,venda,7325.6,7121.2,10714.3,5,6.86,outubro/2026
São Paulo,Vila Morse,apartamento,aluguel,41.9,38.1,48.4,6,6.86,outubro/2026
São Paulo,Vila Morumbi,apartamento,venda,6701.5,5577.2,7927.6,16,,outubro/2026
São Paulo,Vila Nair,apartamento,venda,9100.0,7936.5,10714.3,33,6.84,outubro/2026
São Paulo,Vila Nair,apartamento,aluguel,51.9,42.7,55.4,9,6.84,outubro/2026
São Paulo,Vila Nhocune,apartamento,venda,6270.9,5434.7,6987.1,36,,outubro/2026
São Paulo,Vila Nilo,apartamento,venda,8498.1,7875.4,9663.9,6,,outubro/2026
São Paulo,Vila Nivi,apartamento,venda,7600.0,6727.2,8750.0,31,,outubro/2026
São Paulo,Vila Nova Cachoeirinha,apartamento,venda,6820.5,5888.9,7719.3,25,,outubro/2026
São Paulo,Vila Nova Conceição,apartamento,venda,25428.6,17627.9,30932.4,297,5.88,outubro/2026
São Paulo,Vila Nova Conceição,apartamento,aluguel,124.6,91.7,155.3,104,5.88,outubro/2026
São Paulo,Vila Nova Curuçá,apartamento,venda,4988.2,4303.2,5710.2,19,,outubro/2026
São Paulo,Vila Nova das Belezas,apartamento,venda,8035.3,7916.7,9064.5,13,,outubro/2026
São Paulo,Vila Nova Galvão,apartamento,venda,4030.8,3888.6,6124.2,6,,outubro/2026
São Paulo,Vila Nova Manchester,apartamento,venda,7411.8,6868.3,8584.6,13,,outubro/2026
São Paulo,Vila Nova Mazzei,apartamento,venda,7462.0,6184.7,8756.9,20,,outubro/2026
São Paulo,Vila Nova Savoia,apartamento,venda,7135.6,6294.7,7589.1,10,,outubro/2026
São Paulo,Vila Olímpia,apartamento,venda,17142.9,12061.4,23161.1,668,7.66,outubro/2026
São Paulo,Vila Olímpia,apartamento,aluguel,109.5,88.5,149.3,136,7.66,outubro/2026
São Paulo,Vila Oratório,apartamento,venda,7500.0,7066.7,9000.0,9,,outubro/2026
São Paulo,Vila Paiva,apartamento,venda,8987.3,7777.8,10491.8,17,6.92,outubro/2026
São Paulo,Vila Paiva,apartamento,aluguel,51.8,43.4,54.4,6,6.92,outubro/2026
São Paulo,Vila Palmeiras,apartamento,venda,7822.2,6915.8,9041.6,8,,outubro/2026
São Paulo,Vila Paranaguá,apartamento,venda,6000.0,5188.7,6222.2,9,,outubro/2026
São Paulo,Vila Parque Jabaquara,apartamento,venda,7323.9,6437.1,8243.5,40,5.65,outubro/2026
São Paulo,Vila Parque Jabaquara,apartamento,aluguel,34.5,31.6,45.5,7,5.65,outubro/2026
São Paulo,Vila Paulicéia,apartamento,venda,9141.7,7312.9,10615.9,44,6.06,outubro/2026
São Paulo,Vila Paulicéia,apartamento,aluguel,46.2,42.0,62.1,6,6.06,outubro/2026
São Paulo,Vila Paulista,apartamento,venda,8191.3,7524.7,9873.0,10,,outubro/2026
São Paulo,Vila Penteado,apartamento,venda,9523.2,6910.7,10399.2,10,,outubro/2026
São Paulo,Vila Pereira Barreto,apartamento,venda,7388.5,6349.1,8962.8,24,,outubro/2026
São Paulo,Vila Pirajussara,apartamento,venda,7141.1,5092.6,9384.5,19,,outubro/2026
São Paulo,Vila Plana,apartamento,venda,7250.0,6071.4,8098.1,7,,outubro/2026
São Paulo,Vila Polopoli,apartamento,venda,7517.5,6362.3,7980.8,18,,outubro/2026
São Paulo,Vila Pompeia,apartamento,venda,12822.7,10367.3,15647.3,140,5.85,outubro/2026
São Paulo,Vila Pompeia,apartamento,aluguel,62.5,49.1,76.9,17,5.85,outubro/2026
São Paulo,Vila Popular,apartamento,venda,4022.2,3673.9,4255.3,5,,outubro/2026
São Paulo,Vila Portugal,apartamento,venda,5027.8,4441.7,5480.7,24,,outubro/2026
São Paulo,Vila Praia,apartamento,venda,8088.2,7539.1,8607.7,35,,outubro/2026
São Paulo,Vila Prel,apartamento,venda,7894.7,6790.1,8333.3,13,,outubro/2026
São Paulo,Vila Primavera,apartamento,venda,9914.6,7322.0,10944.8,6,,outubro/2026
São Paulo,Vila Progredior,apartamento,venda,12872.0,8648.4,16154.2,28,5.78,outubro/2026
São Paulo,Vila Progredior,apartamento,aluguel,62.0,44.3,77.7,10,5.78,outubro/2026
São Paulo,Vila Progresso,apartamento,venda,4899.3,3804.7,5804.5,6,,outubro/2026
São Paulo,Vila Prudente,apartamento,venda,8695.7,6950.0,10576.9,245,7.7,outubro/2026
São Paulo,Vila Prudente,apartamento,aluguel,55.8,46.8,66.2,42,7.7,outubro/2026
São Paulo,Vila Ré,apartamento,venda,6780.1,6158.1,8354.7,46,,outubro/2026
São Paulo,Vila Regente Feijó,apartamento,venda,9718.3,7958.3,12074.5,215,6.17,outubro/2026
São Paulo,Vila Regente Feijó,apartamento,aluguel,50.0,38.7,75.2,35,6.17,outubro/2026
São Paulo,Vila Rio Branco,apartamento,venda,5500.0,5480.8,5531.9,5,,outubro/2026
São Paulo,Vila Robertina,apartamento,venda,5580.4,4365.5,6195.3,8,,outubro/2026
São Paulo,Vila Romana,apartamento,venda,13324.5,10441.1,15927.4,82,6.67,outubro/2026
São Paulo,Vila Romana,apartamento,aluguel,74.1,71.4,84.1,12,6.67,outubro/2026
São Paulo,Vila Rui Barbosa,apartamento,venda,6000.0,5600.0,6282.1,5,,outubro/2026
São Paulo,Vila Santa Catarina,apartamento,venda,7149.9,5977.5,9248.9,52,,outubro/2026
São Paulo,Vila Santa Clara,apartamento,venda,7907.3,6722.0,8948.4,24,,outubro/2026
São Paulo,Vila Santa Isabel,apartamento,venda,6909.1,6257.3,7914.9,18,,outubro/2026
São Paulo,Vila Santa Maria,apartamento,venda,6400.0,6071.4,7500.0,5,,outubro/2026
São Paulo,Vila Santa Teresa (Zona Sul),apartamento,venda,4680.0,4181.5,5532.9,10,,outubro/2026
São Paulo,Vila Santa Terezinha,apartamento,venda,7888.9,5531.9,8489.4,13,,outubro/2026
São Paulo,Vila Santana,apartamento,venda,6666.3,5469.3,7588.3,7,,outubro/2026
São Paulo,Vila Santo Estéfano,apartamento,venda,7301.7,6056.0,8639.1,36,,outubro/2026
São Paulo,Vila Santo Estevão,apartamento,venda,7692.9,7405.3,16421.9,20,,outubro/2026
São Paulo,Vila Santos,apartamento,venda,6252.0,5851.6,7238.0,12,,outubro/2026
São Paulo,Vila São Francisco,apartamento,venda,9937.5,8108.1,11347.2,129,5.72,outubro/2026
São Paulo,Vila São Francisco,apartamento,aluguel,47.4,39.0,58.8,34,5.72,outubro/2026
São Paulo,Vila São Geraldo,apartamento,venda,5161.3,4590.0,5568.2,5,,outubro/2026
São Paulo,Vila São José (Ipiranga),apartamento,venda,10804.9,8208.4,12520.2,22,,outubro/2026
São Paulo,Vila São Silvestre,apartamento,venda,9964.3,6000.0,11333.3,9,,outubro/2026
São Paulo,Vila Sílvia,apartamento,venda,5211.3,4418.3,5642.7,20,,outubro/2026
São Paulo,Vila Siqueira,apartamento,venda,6406.2,4726.2,6942.3,8,,outubro/2026
São Paulo,Vila Siqueira (Zona Norte),apartamento,venda,7375.9,6329.2,8183.3,51,,outubro/2026
São Paulo,Vila Sofia,apartamento,venda,9070.3,8129.6,12558.0,28,7.55,outubro/2026
São Paulo,Vila Sofia,apartamento,aluguel,57.1,42.5,59.0,10,7.55,outubro/2026
São Paulo,Vila Sônia,apartamento,venda,8589.1,7632.4,9807.7,80,7.92,outubro/2026
São Paulo,Vila Sônia,apartamento,aluguel,56.7,43.9,84.1,12,7.92,outubro/2026
São Paulo,Vila Suzana,apartamento,venda,7058.8,5555.6,8938.6,149,7.12,outubro/2026
São Paulo,Vila Suzana,apartamento,aluguel,41.9,35.7,58.8,25,7.12,outubro/2026
São Paulo,Vila Talarico,apartamento,venda,6720.3,6421.5,7569.0,10,,outubro/2026
São Paulo,Vila Taquari,apartamento,venda,6250.0,5750.0,6729.7,5,,outubro/2026
São Paulo,Vila Tolstoi,apartamento,venda,8496.4,7446.5,9375.0,20,,outubro/2026
São Paulo,Vila Uberabinha,apartamento,venda,17114.3,14666.7,20122.0,57,4.99,outubro/2026
São Paulo,Vila Uberabinha,apartamento,aluguel,71.2,62.3,94.9,14,4.99,outubro/2026
São Paulo,Vila Vera,apartamento,venda,7203.4,6531.0,8170.9,43,7.1,outubro/2026
São Paulo,Vila Vera,apartamento,aluguel,42.6,33.3,44.0,5,7.1,outubro/2026
São Paulo,Vila Vermelha,apartamento,venda,7343.8,5233.7,8518.2,23,,outubro/2026
São Paulo,Vila Zat,apartamento,venda,5731.7,5365.6,5809.4,5,,outubro/2026
São Paulo,Vila Zelina,apartamento,venda,7631.8,6327.4,8595.2,24,,outubro/2026
São Paulo,Vila Zilda (Tatuapé),apartamento,venda,11349.5,10108.5,12605.4,44,6.56,outubro/2026
São Paulo,Vila Zilda (Tatuapé),apartamento,aluguel,62.0,54.7,81.9,6,6.56,outubro/2026
São Paulo,Água Fria,terreno,venda,4122.6,3714.3,5322.1,8,,outubro/2026
São Paulo,Água Rasa,terreno,venda,3974.0,2993.8,4416.4,10,,outubro/2026
São Paulo,Alto da Mooca,terreno,venda,4400.0,3827.9,5959.5,11,,outubro/2026
São Paulo,Anhangüera,terreno,venda,1000.0,900.0,1083.0,5,,outubro/2026
São Paulo,Balneário Mar Paulista,terreno,venda,1200.0,1045.3,1375.0,5,,outubro/2026
São Paulo,Barro Branco (Zona Norte),terreno,venda,2500.0,1985.0,2740.4,5,,outubro/2026
São Paulo,Bela Vista,terreno,venda,2969.0,2702.6,5876.0,10,,outubro/2026
São Paulo,Bom Retiro,terreno,venda,5505.1,5306.4,6965.8,6,,outubro/2026
São Paulo,Bosque da Saúde,terreno,venda,3553.4,3191.7,4437.7,14,,outubro/2026
São Paulo,Brooklin Paulista,terreno,venda,5161.3,3714.3,5600.0,5,,outubro/2026
São Paulo,Butantã,terreno,venda,3000.0,2029.2,3621.4,27,,outubro/2026
São Paulo,Cambuci,terreno,venda,5387.9,4278.9,5749.3,6,,outubro/2026
São Paulo,Campo Belo,terreno,venda,5789.5,3724.0,6571.4,5,,outubro/2026
São Paulo,Campo Limpo,terreno,venda,1914.4,1306.8,1971.6,5,,outubro/2026
São Paulo,Cangaíba,terreno,venda,2444.4,2321.0,4073.6,7,,outubro/2026
São Paulo,Casa Verde,terreno,venda,3136.2,2754.0,3774.7,6,,outubro/2026
São Paulo,Chácara Belenzinho,terreno,venda,3030.3,2409.9,4000.0,19,,outubro/2026
São Paulo,Chácara Califórnia,terreno,venda,3388.9,2931.6,4129.7,6,,outubro/2026
São Paulo,Chácara Inglesa,terreno,venda,3945.2,2371.2,4851.4,6,,outubro/2026
São Paulo,Chácara Jaraguá,terreno,venda,536.7,499.2,766.7,5,,outubro/2026
São Paulo,Chácara Mafalda,terreno,venda,3353.1,2712.5,4091.6,10,,outubro/2026
São Paulo,Chácara Santa Maria,terreno,venda,1427.2,1403.8,1470.6,5,,outubro/2026
São Paulo,Cidade Dabril,terreno,venda,823.5,699.6,1039.0,5,,outubro/2026
São Paulo,Cidade Líder,terreno,venda,1755.6,1337.1,2887.5,8,,outubro/2026
São Paulo,Cidade Luz,terreno,venda,204.5,133.3,646.5,5,,outubro/2026
São Paulo,Cidade Mãe do Céu,terreno,venda,5160.1,4250.0,6094.4,10,,outubro/2026
São Paulo,Cidade Patriarca,terreno,venda,2491.2,2284.7,2896.8,14,,outubro/2026
São Paulo,Cidade São Francisco,terreno,venda,1712.7,1530.8,2094.5,6,,outubro/2026
São Paulo,Cidade São Mateus,terreno,venda,2106.2,1503.1,4028.6,6,,outubro/2026
São Paulo,Cidade Vargas,terreno,venda,3177.3,2385.9,3329.2,7,,outubro/2026
São Paulo,Colônia,terreno,venda,944.5,480.9,1291.9,16,,outubro/2026
São Paulo,Colônia (Zona Sul),terreno,venda,583.3,468.2,766.7,6,,outubro/2026
São Paulo,Cursino,terreno,venda,3611.1,3404.3,3886.7,5,,outubro/2026
São Paulo,Ermelino Matarazzo,terreno,venda,1885.7,1500.0,2433.3,17,,outubro/2026
São Paulo,Guaianases,terreno,venda,1061.9,489.1,1632.2,9,,outubro/2026
São Paulo,Guaiaúna,terreno,venda,3590.0,2898.3,4250.0,8,,outubro/2026
São Paulo,Guarapiranga,terreno,venda,1080.0,1078.8,4128.6,5,,outubro/2026
São Paulo,Horto,terreno,venda,2364.5,1417.5,3038.1,7,,outubro/2026
São Paulo,Horto Florestal,terreno,venda,1115.5,904.4,1805.9,12,,outubro/2026
São Paulo,Imirim,terreno,venda,2629.0,2141.3,4078.5,10,,outubro/2026
São Paulo,Interlagos,terreno,venda,1938.2,1466.6,2335.2,6,,outubro/2026
São Paulo,Ipiranga,terreno,venda,4114.6,3308.5,5335.9,39,,outubro/2026
São Paulo,Itaim Paulista,terreno,venda,1884.4,1468.4,2969.2,10,,outubro/2026
São Paulo,Itaquera,terreno,venda,1400.0,1096.8,2290.5,19,,outubro/2026
São Paulo,Jabaquara,terreno,venda,4167.0,3063.9,4912.8,20,,outubro/2026
São Paulo,Jaçanã,terreno,venda,3500.0,2720.2,4000.0,8,,outubro/2026
São Paulo,Jaguaré,terreno,venda,2280.7,1857.8,2589.9,11,,outubro/2026
São Paulo,Jaraguá,terreno,venda,1174.4,900.0,2089.7,11,,outubro/2026
São Paulo,Jardim Adutora,terreno,venda,2380.0,2129.6,4314.1,10,,outubro/2026
São Paulo,Jardim Aladim,terreno,venda,720.0,369.6,857.9,6,,outubro/2026
São Paulo,Jardim Ampliação,terreno,venda,1814.3,625.5,2894.3,6,,outubro/2026
São Paulo,Jardim Anália Franco,terreno,venda,4893.4,3883.5,5417.1,16,,outubro/2026
São Paulo,Jardim Ângela,terreno,venda,3423.0,2513.6,3690.4,11,,outubro/2026
São Paulo,Jardim Avelino,terreno,venda,4406.5,3785.3,6501.6,8,,outubro/2026
São Paulo,Jardim Bela Vista (Zona Sul),terreno,venda,1447.2,1239.1,1597.5,6,,outubro/2026
São Paulo,Jardim Belcito,terreno,venda,691.5,588.2,1000.0,5,,outubro/2026
São Paulo,Jardim Bibi,terreno,venda,1590.9,1221.2,1624.3,7,,outubro/2026
São Paulo,Jardim Brasil,terreno,venda,3000.0,2941.2,3000.0,5,,outubro/2026
São Paulo,Jardim Camargo Novo,terreno,venda,1671.3,1355.2,3248.0,7,,outubro/2026
São Paulo,Jardim Casa Grande,terreno,venda,400.3,285.7,700.0,9,,outubro/2026
São Paulo,Jardim Catanduva,terreno,venda,2191.2,2080.0,2222.2,5,,outubro/2026
São Paulo,Jardim Celeste,terreno,venda,1620.4,922.5,2200.0,9,,outubro/2026
São Paulo,Jardim Clímax,terreno,venda,1933.4,1600.0,1997.5,5,,outubro/2026
São Paulo,Jardim Cotinha,terreno,venda,2792.0,2298.8,3955.0,7,,outubro/2026
São Paulo,Jardim da Glória,terreno,venda,3503.2,3392.0,6000.0,5,,outubro/2026
São Paulo,Jardim da Saúde,terreno,venda,2500.0,2222.1,3429.3,7,,outubro/2026
São Paulo,Jardim das Camélias,terreno,venda,2034.9,821.4,2666.7,5,,outubro/2026
São Paulo,Jardim das Imbuias,terreno,venda,2000.0,1221.5,2380.0,7,,outubro/2026
São Paulo,Jardim das Palmeiras (Zona Sul),terreno,venda,680.0,490.0,744.0,7,,outubro/2026
São Paulo,Jardim das Vertentes,terreno,venda,1500.0,1329.6,1843.3,7,,outubro/2026
São Paulo,Jardim do Colégio,terreno,venda,2666.7,1075.3,3120.9,5,,outubro/2026
São Paulo,Jardim Esmeralda,terreno,venda,1666.7,1600.0,2439.8,5,,outubro/2026
São Paulo,Jardim Floresta,terreno,venda,1797.8,1561.2,1900.0,5,,outubro/2026
São Paulo,Jardim Francisco Mendes,terreno,venda,773.3,593.2,991.0,5,,outubro/2026
São Paulo,Jardim Gilda Maria,terreno,venda,1500.1,962.9,2312.5,6,,outubro/2026
São Paulo,Jardim Ibiratiba,terreno,venda,642.9,520.8,898.4,5,,outubro/2026
São Paulo,Jardim Ingá,terreno,venda,969.6,840.3,1489.7,5,,outubro/2026
São Paulo,Jardim Itatinga,terreno,venda,1843.8,1468.8,1955.9,7,,outubro/2026
São Paulo,Jardim Jaraguá,terreno,venda,900.0,600.0,1506.0,9,,outubro/2026
São Paulo,Jardim Jaraguá (São Domingos),terreno,venda,2243.6,1763.6,2500.0,5,,outubro/2026
São Paulo,Jardim Leonor,terreno,venda,2000.0,1584.7,2043.6,5,,outubro/2026
São Paulo,Jardim Leonor Mendes de Barros,terreno,venda,2564.1,2080.6,3000.0,5,,outubro/2026
São Paulo,Jardim Marabá,terreno,venda,1869.4,1416.9,3562.2,6,,outubro/2026
São Paulo,Jardim Monte Kemel,terreno,venda,2000.0,1918.9,2266.7,5,,outubro/2026
São Paulo,Jardim Nossa Senhora do Carmo,terreno,venda,4396.3,3289.2,4948.6,6,,outubro/2026
São Paulo,Jardim Novo Carrão,terreno,venda,2052.6,1750.0,2067.4,5,,outubro/2026
São Paulo,Jardim Novo Parelheiros,terreno,venda,487.4,400.8,694.3,16,,outubro/2026
São Paulo,Jardim Peri,terreno,venda,2176.5,1777.0,2322.2,11,,outubro/2026
São Paulo,Jardim Peri Peri,terreno,venda,2514.8,1459.9,4597.7,9,,outubro/2026
São Paulo,Jardim Piraçuama,terreno,venda,1840.0,1800.0,3600.0,5,,outubro/2026
São Paulo,Jardim Represa,terreno,venda,1413.3,1333.3,1465.5,5,,outubro/2026
São Paulo,Jardim Samara,terreno,venda,2222.2,2032.8,4000.0,7,,outubro/2026
São Paulo,Jardim Santa Fé (Zona Sul),terreno,venda,333.3,74.0,457.1,5,,outubro/2026
São Paulo,Jardim Santa Helena,terreno,venda,2575.8,1996.8,2663.3,7,,outubro/2026
São Paulo,Jardim Santa Mônica,terreno,venda,1767.9,1515.1,2090.0,6,,outubro/2026
São Paulo,Jardim Santa Tereza,terreno,venda,250.0,250.0,250.0,5,,outubro/2026
São Paulo,Jardim Santo Elias,terreno,venda,3215.4,2451.0,4533.9,5,,outubro/2026
São Paulo,Jardim São Bernardo,terreno,venda,2240.0,1388.9,7575.8,5,,outubro/2026
São Paulo,Jardim São Jorge,terreno,venda,1472.0,1320.0,2094.2,5,,outubro/2026
São Paulo,Jardim São Judas Tadeu,terreno,venda,1398.6,1333.3,1460.0,11,,outubro/2026
São Paulo,Jardim São Paulo (Zona Norte),terreno,venda,5000.0,3987.7,5157.5,9,,outubro/2026
São Paulo,Jardim São Rafael,terreno,venda,898.8,800.0,1156.6,6,,outubro/2026
São Paulo,Jardim Shangrilá (Zona Sul),terreno,venda,705.9,589.9,991.3,7,,outubro/2026
São Paulo,Jardim Têxtil,terreno,venda,4423.2,3447.5,4914.3,6,,outubro/2026
São Paulo,Jardim Umarizal,terreno,venda,2933.3,2879.8,3333.3,9,,outubro/2026
São Paulo,Jardim Vitória Régia,terreno,venda,1648.4,1320.0,2094.0,5,,outubro/2026
São Paulo,Lajeado,terreno,venda,920.0,908.9,1003.9,5,,outubro/2026
São Paulo,Lar,terreno,venda,1691.4,1583.8,1769.0,6,,outubro/2026
São Paulo,Lauzane Paulista,terreno,venda,2560.0,2508.6,2702.7,5,,outubro/2026
São Paulo,Limão,terreno,venda,3607.5,2866.6,3994.7,6,,outubro/2026
São Paulo,Limoeiro,terreno,venda,1719.6,1437.5,2449.9,8,,outubro/2026
São Paulo,Mandaqui,terreno,venda,2475.0,2140.7,4296.2,8,,outubro/2026
São Paulo,Maranhão,terreno,venda,3787.2,3437.5,4852.7,7,,outubro/2026
São Paulo,Mooca,terreno,venda,4744.6,3634.1,6174.5,62,,outubro/2026
São Paulo,Morumbi,terreno,venda,2830.2,2261.3,4000.0,17,,outubro/2026
São Paulo,Parada Inglesa,terreno,venda,3600.0,2560.0,4099.5,7,,outubro/2026
São Paulo,Parelheiros,terreno,venda,264.2,181.2,820.6,11,,outubro/2026
São Paulo,Parque Anhangüera,terreno,venda,1694.6,1065.6,3339.5,8,,outubro/2026
São Paulo,Parque Boturussu,terreno,venda,2271.3,1700.5,3130.8,16,,outubro/2026
São Paulo,Parque Brasil,terreno,venda,2865.0,2605.1,3725.0,6,,outubro/2026
São Paulo,Parque Cruzeiro do Sul,terreno,venda,1758.8,1487.5,1972.7,8,,outubro/2026
São Paulo,Parque da Vila Prudente,terreno,venda,6143.1,4909.8,6729.6,8,,outubro/2026
São Paulo,Parque das Paineiras,terreno,venda,3031.9,2407.3,3338.7,6,,outubro/2026
São Paulo,Parque do Carmo,terreno,venda,2478.1,1568.1,4817.1,8,,outubro/2026
São Paulo,Parque do Terceiro Lago,terreno,venda,595.2,496.0,600.0,9,,outubro/2026
São Paulo,Parque dos Príncipes,terreno,venda,1119.4,950.8,1307.2,77,,outubro/2026
São Paulo,Parque Edu Chaves,terreno,venda,1983.4,1315.0,2435.6,12,,outubro/2026
São Paulo,Parque Florestal,terreno,venda,110.0,77.3,200.0,5,,outubro/2026
São Paulo,Parque Fongaro,terreno,venda,2960.9,2495.2,4019.3,7,,outubro/2026
São Paulo,Parque Guarani,terreno,venda,2127.8,1946.6,3537.5,6,,outubro/2026
São Paulo,Parque Independência,terreno,venda,2081.7,1815.9,2310.0,7,,outubro/2026
São Paulo,Parque Ipê,terreno,venda,1637.4,1579.3,1902.6,8,,outubro/2026
São Paulo,Parque Novo Mundo,terreno,venda,4308.5,3691.7,4942.6,6,,outubro/2026
São Paulo,Parque Peruche,terreno,venda,2243.3,1912.4,2645.5,6,,outubro/2026
São Paulo,Parque Santa Amélia,terreno,venda,1702.1,1623.7,1726.8,5,,outubro/2026
São Paulo,Parque Santa Madalena,terreno,venda,2558.1,2500.0,2739.0,5,,outubro/2026
São Paulo,Parque Sevilha,terreno,venda,2400.0,2333.3,2633.3,5,,outubro/2026
São Paulo,Parque Vitória,terreno,venda,2529.4,2213.3,2664.4,7,,outubro/2026
São Paulo,Penha de França,terreno,venda,3167.2,2359.3,3925.0,60,,outubro/2026
São Paulo,Perus,terreno,venda,1434.8,1195.5,1607.9,7,,outubro/2026
São Paulo,Pirajussara,terreno,venda,2689.1,2300.0,4958.4,11,,outubro/2026
São Paulo,Quinta da Paineira,terreno,venda,4116.9,3581.5,5756.2,6,,outubro/2026
São Paulo,Rio Pequeno,terreno,venda,2399.6,2377.6,3361.6,5,,outubro/2026
São Paulo,Rolinópolis,terreno,venda,1459.8,1057.5,1914.1,6,,outubro/2026
São Paulo,Sacomã,terreno,venda,2950.0,2524.5,3705.8,11,,outubro/2026
São Paulo,Santana,terreno,venda,4418.7,3297.6,6996.5,10,,outubro/2026
São Paulo,Santo Amaro,terreno,venda,4652.8,4106.6,4888.5,7,,outubro/2026
São Paulo,São Lucas,terreno,venda,2663.0,2082.9,3059.8,12,,outubro/2026
São Paulo,São Miguel Paulista,terreno,venda,1855.2,1560.1,2034.5,11,,outubro/2026
São Paulo,Saúde,terreno,venda,4961.5,3726.5,6090.8,24,,outubro/2026
São Paulo,Tatuapé,terreno,venda,5289.6,3714.3,6451.4,63,,outubro/2026
São Paulo,Tremembé,terreno,venda,1246.4,787.8,1900.0,25,,outubro/2026
São Paulo,Três Cruzes,terreno,venda,1054.2,706.6,1354.9,6,,outubro/2026
São Paulo,Tucuruvi,terreno,venda,3571.4,2434.7,5183.4,27,,outubro/2026
São Paulo,Vila Albertina,terreno,venda,1862.8,1735.0,2281.2,8,,outubro/2026
São Paulo,Vila Alpina,terreno,venda,2163.3,2000.0,2895.1,11,,outubro/2026
São Paulo,Vila Andrade,terreno,venda,2415.7,1740.9,3091.7,5,,outubro/2026
São Paulo,Vila Bela,terreno,venda,3000.0,2700.0,3084.1,7,,outubro/2026
São Paulo,Vila Brasilândia,terreno,venda,2826.1,1944.4,3854.0,5,,outubro/2026
São Paulo,Vila Brasílio Machado,terreno,venda,2419.0,1921.1,3151.0,8,,outubro/2026
São Paulo,Vila Carrão,terreno,venda,3880.4,3000.0,4985.3,45,,outubro/2026
São Paulo,Vila Clementino,terreno,venda,6938.4,6306.6,8062.1,10,,outubro/2026
São Paulo,Vila Constança,terreno,venda,2544.0,2516.7,3023.8,7,,outubro/2026
São Paulo,Vila Cordeiro,terreno,venda,5535.7,5000.0,8000.0,5,,outubro/2026
São Paulo,Vila Costa Melo,terreno,venda,2857.1,2236.8,3111.1,5,,outubro/2026
São Paulo,Vila da Saúde,terreno,venda,3061.2,2387.5,4734.3,7,,outubro/2026
São Paulo,Vila Dom Pedro I,terreno,venda,6000.0,3954.5,8000.0,5,,outubro/2026
São Paulo,Vila Ema,terreno,venda,3032.1,2588.0,4138.5,14,,outubro/2026
São Paulo,Vila Esperança,terreno,venda,2600.0,2200.0,3785.7,13,,outubro/2026
São Paulo,Vila Formosa,terreno,venda,3390.0,2603.8,5464.5,81,,outubro/2026
São Paulo,Vila Gomes Cardim,terreno,venda,6500.0,4687.5,6527.3,5,,outubro/2026
São Paulo,Vila Guaca,terreno,venda,1867.8,1821.4,2363.6,5,,outubro/2026
São Paulo,Vila Guarani (Zona Sul),terreno,venda,3601.2,2744.9,5193.1,8,,outubro/2026
São Paulo,Vila Gumercindo,terreno,venda,3406.1,2862.9,3779.4,16,,outubro/2026
São Paulo,Vila Gustavo,terreno,venda,2612.5,2185.5,4745.3,7,,outubro/2026
São Paulo,Vila Industrial,terreno,venda,2290.7,2261.0,2421.0,6,,outubro/2026
São Paulo,Vila Invernada,terreno,venda,4298.0,3009.3,5902.8,17,,outubro/2026
São Paulo,Vila Irmãos Arnoni,terreno,venda,1779.3,1693.0,2334.3,8,,outubro/2026
São Paulo,Vila Isolina Mazzei,terreno,venda,3187.5,2542.9,3807.3,7,,outubro/2026
São Paulo,Vila Jacuí,terreno,venda,2500.0,2122.2,3174.3,7,,outubro/2026
São Paulo,Vila Madalena,terreno,venda,6637.2,6456.0,6906.9,5,,outubro/2026
São Paulo,Vila Mariana,terreno,venda,5937.5,4850.0,6601.9,13,,outubro/2026
São Paulo,Vila Matilde,terreno,venda,3180.4,2826.3,4266.3,12,,outubro/2026
São Paulo,Vila Mazzei,terreno,venda,2750.0,1941.3,3258.0,10,,outubro/2026
São Paulo,Vila Medeiros,terreno,venda,2600.0,2128.3,3800.0,7,,outubro/2026
São Paulo,Vila Moinho Velho,terreno,venda,2170.3,1950.3,2687.4,16,,outubro/2026
São Paulo,Vila Monumento,terreno,venda,5050.5,3448.3,6538.5,9,,outubro/2026
São Paulo,Vila Nair,terreno,venda,2941.2,2760.0,3437.5,7,,outubro/2026
São Paulo,Vila Nhocune,terreno,venda,1982.1,1745.7,2231.6,6,,outubro/2026
São Paulo,Vila Nilo,terreno,venda,1836.3,1443.1,3300.0,6,,outubro/2026
São Paulo,Vila Norma,terreno,venda,2812.7,2370.1,3795.1,6,,outubro/2026
São Paulo,Vila Nova Galvão,terreno,venda,2443.3,1279.0,3511.1,6,,outubro/2026
São Paulo,Vila Nova Mazzei,terreno,venda,1818.4,1500.8,2138.6,10,,outubro/2026
São Paulo,Vila Oratório,terreno,venda,3514.7,3351.3,3873.6,8,,outubro/2026
São Paulo,Vila Paranaguá,terreno,venda,2001.1,1625.0,2026.9,6,,outubro/2026
São Paulo,Vila Paulistana,terreno,venda,1609.5,1412.8,1809.5,5,,outubro/2026
São Paulo,Vila Prudente,terreno,venda,3928.6,3083.3,5930.3,36,,outubro/2026
São Paulo,Vila Ré,terreno,venda,2438.5,2008.2,2668.9,10,,outubro/2026
São Paulo,Vila Regente Feijó,terreno,venda,4941.9,3901.9,5951.1,27,,outubro/2026
São Paulo,Vila Santa Terezinha,terreno,venda,2499.0,2043.5,2735.7,6,,outubro/2026
São Paulo,Vila São Francisco,terreno,venda,1580.5,1384.3,1766.7,6,,outubro/2026
São Paulo,Vila Zelina,terreno,venda,2580.6,2106.7,2666.7,5,,outubro/2026
São Paulo,Aclimação,sala,venda,11600.0,8750.0,13457.6,9,,outubro/2026
São Paulo,Aeroporto,sala,venda,10760.2,9937.4,12074.8,6,,outubro/2026
São Paulo,Água Branca,sala,venda,10746.8,8534.1,14464.3,6,,outubro/2026
São Paulo,Água Fria,sala,venda,8959.8,6375.2,10397.7,6,,outubro/2026
São Paulo,Alto da Mooca,sala,aluguel,52.5,41.5,72.6,6,,outubro/2026
São Paulo,Barra Funda,sala,venda,9062.5,7360.6,10848.3,19,6.85,outubro/2026
São Paulo,Barra Funda,sala,aluguel,51.7,39.6,56.0,8,6.85,outubro/2026
São Paulo,Bela Vista,sala,venda,8132.3,5000.0,11279.8,40,8.46,outubro/2026
São Paulo,Bela Vista,sala,aluguel,57.3,42.0,90.0,30,8.46,outubro/2026
São Paulo,Bosque da Saúde,sala,venda,7310.3,5934.8,7506.9,7,7.39,outubro/2026
São Paulo,Bosque da Saúde,sala,aluguel,45.0,35.7,46.7,5,7.39,outubro/2026
São Paulo,Brooklin,sala,aluguel,75.7,52.8,91.3,8,,outubro/2026
São Paulo,Brooklin Paulista,sala,venda,13537.6,9378.4,15162.5,8,,outubro/2026
São Paulo,Butantã,sala,venda,14663.9,12768.3,14981.6,8,5.32,outubro/2026
São Paulo,Butantã,sala,aluguel,65.0,45.5,71.4,17,5.32,outubro/2026
São Paulo,Cambuci,sala,aluguel,30.3,21.4,43.2,5,,outubro/2026
São Paulo,Campo Belo,sala,venda,10645.2,9156.2,12806.3,8,,outubro/2026
São Paulo,Campo Limpo,sala,aluguel,44.0,40.5,50.0,9,,outubro/2026
São Paulo,Centro,sala,venda,4545.5,2950.8,5365.9,33,7.63,outubro/2026
São Paulo,Centro,sala,aluguel,28.9,24.7,37.8,18,7.63,outubro/2026
São Paulo,Cerqueira César,sala,venda,12572.2,10300.6,13878.4,12,7.86,outubro/2026
São Paulo,Cerqueira César,sala,aluguel,82.3,76.4,101.3,8,7.86,outubro/2026
São Paulo,Chácara Califórnia,sala,aluguel,46.1,44.2,46.6,5,,outubro/2026
São Paulo,Chácara Santo Antônio (Zona Sul),sala,venda,9032.3,6975.0,10203.1,17,6.64,outubro/2026
São Paulo,Chácara Santo Antônio (Zona Sul),sala,aluguel,50.0,45.8,66.3,9,6.64,outubro/2026
São Paulo,Cidade Mãe do Céu,sala,aluguel,75.0,53.3,88.0,5,,outubro/2026
São Paulo,Cidade Monções,sala,venda,8571.4,7645.3,12063.5,7,9.72,outubro/2026
São Paulo,Cidade Monções,sala,aluguel,69.4,51.5,91.5,8,9.72,outubro/2026
São Paulo,Cidade Tiradentes,sala,aluguel,53.8,43.8,63.1,6,,outubro/2026
São Paulo,Conceição,sala,venda,7218.2,6950.0,7700.0,9,,outubro/2026
São Paulo,Consolação,sala,venda,10057.0,7953.5,11630.0,28,8.26,outubro/2026
São Paulo,Consolação,sala,aluguel,69.2,58.6,86.9,20,8.26,outubro/2026
São Paulo,Higienópolis,sala,venda,11422.3,9505.6,15770.0,12,7.5,outubro/2026
São Paulo,Higienópolis,sala,aluguel,71.4,66.7,123.0,5,7.5,outubro/2026
São Paulo,Indianópolis,sala,venda,10277.8,9883.7,15625.0,5,9.55,outubro/2026
São Paulo,Indianópolis,sala,aluguel,81.8,62.5,120.8,9,9.55,outubro/2026
São Paulo,Ipiranga,sala,venda,9824.6,8968.4,13050.1,19,5.98,outubro/2026
São Paulo,Ipiranga,sala,aluguel,49.0,39.3,59.5,30,5.98,outubro/2026
São Paulo,Itaim Bibi,sala,venda,12142.9,10870.0,15439.2,9,6.59,outubro/2026
São Paulo,Itaim Bibi,sala,aluguel,66.7,40.6,103.2,7,6.59,outubro/2026
São Paulo,Jabaquara,sala,venda,6805.6,5992.2,8766.0,27,7.83,outubro/2026
São Paulo,Jabaquara,sala,aluguel,44.4,39.3,58.1,19,7.83,outubro/2026
São Paulo,Jaguaré,sala,aluguel,36.7,28.0,38.9,9,,outubro/2026
São Paulo,Jardim Anália Franco,sala,venda,15395.0,13740.7,16418.8,8,6.77,outubro/2026
São Paulo,Jardim Anália Franco,sala,aluguel,86.9,66.0,91.0,6,6.77,outubro/2026
São Paulo,Jardim Bonfiglioli,sala,aluguel,47.1,40.5,57.2,6,,outubro/2026
São Paulo,Jardim Caboré,sala,venda,8359.2,7282.5,8955.6,10,8.71,outubro/2026
São Paulo,Jardim Caboré,sala,aluguel,60.7,53.3,171.9,5,8.71,outubro/2026
São Paulo,Jardim Esmeralda,sala,aluguel,40.0,36.2,46.7,13,,outubro/2026
São Paulo,Jardim Guedala,sala,venda,13000.0,12360.7,13623.0,7,5.96,outubro/2026
São Paulo,Jardim Guedala,sala,aluguel,64.6,59.4,71.5,10,5.96,outubro/2026
São Paulo,Jardim Paulista,sala,venda,10685.5,7650.6,13468.5,18,7.78,outubro/2026
São Paulo,Jardim Paulista,sala,aluguel,69.3,55.3,83.5,16,7.78,outubro/2026
São Paulo,Jardim Paulistano,sala,venda,12352.9,10119.0,14285.7,9,6.53,outubro/2026
São Paulo,Jardim Paulistano,sala,aluguel,67.2,51.9,83.8,6,6.53,outubro/2026
São Paulo,Jardim Peri Peri,sala,aluguel,45.0,39.5,52.5,6,,outubro/2026
São Paulo,Jardins,sala,venda,12396.7,10227.3,17142.9,5,,outubro/2026
São Paulo,Lapa,sala,venda,7418.4,5899.1,11079.5,8,7.62,outubro/2026
São Paulo,Lapa,sala,aluguel,47.1,30.8,76.6,14,7.62,outubro/2026
São Paulo,Liberdade,sala,venda,8178.6,6342.4,9791.7,14,7.42,outubro/2026
São Paulo,Liberdade,sala,aluguel,50.6,43.9,59.5,17,7.42,outubro/2026
São Paulo,Mandaqui,sala,aluguel,42.9,41.7,43.2,5,,outubro/2026
São Paulo,Mirandópolis,sala,venda,7543.9,6633.3,9101.4,6,,outubro/2026
São Paulo,Moema,sala,venda,10898.0,10041.7,11924.8,12,8.6,outubro/2026
São Paulo,Moema,sala,aluguel,78.1,75.3,111.6,11,8.6,outubro/2026
São Paulo,Mooca,sala,venda,8319.0,4848.1,10670.3,20,7.6,outubro/2026
São Paulo,Mooca,sala,aluguel,52.7,41.5,75.1,44,7.6,outubro/2026
São Paulo,Morumbi,sala,venda,8048.8,6835.6,8754.4,5,9.77,outubro/2026
São Paulo,Morumbi,sala,aluguel,65.5,51.7,80.0,6,9.77,outubro/2026
São Paulo,Paraíso,sala,venda,12986.6,10183.4,14857.0,20,5.24,outubro/2026
São Paulo,Paraíso,sala,aluguel,56.7,47.4,82.8,14,5.24,outubro/2026
São Paulo,Penha de França,sala,venda,10285.7,9428.6,11250.0,9,7.0,outubro/2026
São Paulo,Penha de França,sala,aluguel,60.0,44.2,60.0,7,7.0,outubro/2026
São Paulo,Perdizes,sala,venda,10625.0,8545.7,13528.0,23,8.15,outubro/2026
São Paulo,Perdizes,sala,aluguel,72.2,60.0,90.9,9,8.15,outubro/2026
São Paulo,Pinheiros,sala,venda,13681.3,8575.4,17600.0,20,8.27,outubro/2026
São Paulo,Pinheiros,sala,aluguel,94.3,82.5,124.3,16,8.27,outubro/2026
São Paulo,Quarta Parada,sala,aluguel,100.0,72.3,115.7,7,,outubro/2026
São Paulo,República,sala,venda,3712.1,3053.7,5000.0,27,9.7,outubro/2026
São Paulo,República,sala,aluguel,30.0,23.8,42.5,17,9.7,outubro/2026
São Paulo,Rio Pequeno,sala,aluguel,37.5,33.3,44.4,9,,outubro/2026
São Paulo,Santa Cecília,sala,venda,8907.7,7220.5,10433.3,6,9.35,outubro/2026
São Paulo,Santa Cecília,sala,aluguel,69.4,54.7,84.0,6,9.35,outubro/2026
São Paulo,Santana,sala,venda,9519.6,7723.7,11923.1,42,6.25,outubro/2026
São Paulo,Santana,sala,aluguel,49.6,36.7,57.5,30,6.25,outubro/2026
São Paulo,Santo Amaro,sala,venda,10250.0,8394.9,11904.2,12,7.53,outubro/2026
São Paulo,Santo Amaro,sala,aluguel,64.3,50.0,78.8,14,7.53,outubro/2026
São Paulo,São Lucas,sala,aluguel,28.8,27.2,51.5,7,,outubro/2026
São Paulo,São Miguel Paulista,sala,aluguel,34.7,22.0,46.9,6,,outubro/2026
São Paulo,Saúde,sala,venda,8815.8,7916.7,9733.9,13,5.13,outubro/2026
São Paulo,Saúde,sala,aluguel,37.7,35.7,48.6,9,5.13,outubro/2026
São Paulo,Sé,sala,venda,4287.9,3309.6,5634.2,12,8.09,outubro/2026
São Paulo,Sé,sala,aluguel,28.9,21.4,36.0,6,8.09,outubro/2026
São Paulo,Sítio Pinheirinho,sala,aluguel,45.0,43.7,47.5,7,,outubro/2026
São Paulo,Tatuapé,sala,venda,14746.9,12511.1,17185.3,30,5.83,outubro/2026
São Paulo,Tatuapé,sala,aluguel,71.7,50.0,90.5,73,5.83,outubro/2026
São Paulo,Tucuruvi,sala,venda,8087.7,6413.5,9943.4,8,7.34,outubro/2026
São Paulo,Tucuruvi,sala,aluguel,49.5,46.0,56.0,8,7.34,outubro/2026
São Paulo,Várzea da Barra Funda,sala,venda,8549.6,7375.0,9522.1,6,,outubro/2026
São Paulo,Vila Carrão,sala,venda,10864.9,7619.0,12361.1,13,4.88,outubro/2026
São Paulo,Vila Carrão,sala,aluguel,44.2,30.8,54.6,19,4.88,outubro/2026
São Paulo,Vila Clementino,sala,venda,9615.4,7906.2,10799.4,19,6.24,outubro/2026
São Paulo,Vila Clementino,sala,aluguel,50.0,34.2,60.8,16,6.24,outubro/2026
São Paulo,Vila da Saúde,sala,venda,8055.6,7058.8,9400.0,5,6.21,outubro/2026
São Paulo,Vila da Saúde,sala,aluguel,41.7,38.5,55.6,5,6.21,outubro/2026
São Paulo,Vila Formosa,sala,aluguel,52.5,30.5,78.2,15,,outubro/2026
São Paulo,Vila Gomes Cardim,sala,venda,14889.7,13139.0,17858.3,6,6.0,outubro/2026
São Paulo,Vila Gomes Cardim,sala,aluguel,74.5,52.1,100.0,20,6.0,outubro/2026
São Paulo,Vila Gumercindo,sala,venda,11179.5,11047.5,12061.0,7,,outubro/2026
São Paulo,Vila Madalena,sala,aluguel,71.7,51.6,94.3,9,,outubro/2026
São Paulo,Vila Mariana,sala,venda,10526.3,8223.7,14406.8,45,6.59,outubro/2026
São Paulo,Vila Mariana,sala,aluguel,57.8,40.4,76.6,35,6.59,outubro/2026
São Paulo,Vila Marieta,sala,aluguel,46.0,39.6,55.6,9,,outubro/2026
São Paulo,Vila Monte Alegre,sala,venda,7976.6,6997.3,8480.8,10,7.06,outubro/2026
São Paulo,Vila Monte Alegre,sala,aluguel,46.9,41.9,50.8,7,7.06,outubro/2026
São Paulo,Vila Moraes,sala,aluguel,64.9,57.7,65.3,5,,outubro/2026
São Paulo,Vila Nova Conceição,sala,venda,9339.4,7631.0,12207.1,8,,outubro/2026
São Paulo,Vila Olímpia,sala,venda,11175.0,9944.4,13784.8,11,10.52,outubro/2026
São Paulo,Vila Olímpia,sala,aluguel,98.0,94.9,108.7,9,10.52,outubro/2026
São Paulo,Vila Pirajussara,sala,aluguel,75.0,60.0,82.5,5,,outubro/2026
São Paulo,Vila Polopoli,sala,aluguel,46.7,38.1,52.6,7,,outubro/2026
São Paulo,Vila Pompeia,sala,venda,13981.1,11728.3,15816.5,6,,outubro/2026
São Paulo,Vila Progredior,sala,venda,10400.0,9800.0,11600.0,5,,outubro/2026
São Paulo,Vila Prudente,sala,venda,10936.5,9783.3,11285.7,7,5.26,outubro/2026
São Paulo,Vila Prudente,sala,aluguel,47.9,33.6,61.5,11,5.26,outubro/2026
São Paulo,Vila Ré,sala,aluguel,22.5,20.0,34.1,5,,outubro/2026
São Paulo,Vila Regente Feijó,sala,aluguel,67.6,55.0,87.1,8,,outubro/2026
São Paulo,Vila São Francisco,sala,aluguel,43.3,29.2,56.7,11,,outubro/2026
São Paulo,Alto da Mooca,galpao,aluguel,44.3,38.7,49.8,8,,outubro/2026
São Paulo,Americanópolis,galpao,venda,3181.2,1618.8,5175.0,6,6.3,outubro/2026
São Paulo,Americanópolis,galpao,aluguel,16.7,15.0,18.8,5,6.3,outubro/2026
São Paulo,Aricanduva,galpao,venda,6937.5,4740.9,7696.1,8,,outubro/2026
São Paulo,Barra Funda,galpao,venda,7190.1,6673.8,8360.0,11,8.8,outubro/2026
São Paulo,Barra Funda,galpao,aluguel,52.7,33.8,73.5,6,8.8,outubro/2026
São Paulo,Bela Aliança,galpao,venda,8108.9,7250.7,8163.3,5,,outubro/2026
São Paulo,Bela Vista,galpao,venda,6153.8,3399.6,6875.0,5,,outubro/2026
São Paulo,Belenzinho,galpao,venda,6690.2,5375.0,7746.2,15,,outubro/2026
São Paulo,Bom Retiro,galpao,venda,7440.5,5490.7,8666.7,6,4.84,outubro/2026
São Paulo,Bom Retiro,galpao,aluguel,30.0,28.4,40.4,7,4.84,outubro/2026
São Paulo,Bosque da Saúde,galpao,venda,6400.0,6074.4,6779.4,7,,outubro/2026
São Paulo,Brás,galpao,venda,7074.4,4627.1,9846.2,24,5.55,outubro/2026
São Paulo,Brás,galpao,aluguel,32.7,23.8,44.7,8,5.55,outubro/2026
São Paulo,Butantã,galpao,venda,7563.5,6834.7,9493.7,9,7.93,outubro/2026
São Paulo,Butantã,galpao,aluguel,50.0,35.0,62.8,22,7.93,outubro/2026
São Paulo,Cambuci,galpao,venda,7075.5,5370.4,8000.0,21,6.09,outubro/2026
São Paulo,Cambuci,galpao,aluguel,35.9,28.3,37.5,5,6.09,outubro/2026
São Paulo,Campo Belo,galpao,aluguel,63.6,57.3,76.3,6,,outubro/2026
São Paulo,Cangaíba,galpao,venda,4495.8,3985.3,6091.1,15,8.83,outubro/2026
São Paulo,Cangaíba,galpao,aluguel,33.1,27.4,42.1,7,8.83,outubro/2026
São Paulo,Casa Verde,galpao,venda,5357.1,3700.0,7727.6,6,8.06,outubro/2026
São Paulo,Casa Verde,galpao,aluguel,36.0,25.9,45.0,9,8.06,outubro/2026
São Paulo,Casa Verde Alta,galpao,venda,4391.9,3500.0,5000.0,5,,outubro/2026
São Paulo,Casa Verde Média,galpao,venda,5000.0,4127.0,5384.6,9,,outubro/2026
São Paulo,Catumbi,galpao,venda,4421.8,4418.6,4928.6,5,,outubro/2026
São Paulo,Cidade Centenário,galpao,venda,4054.5,2918.6,6306.7,6,,outubro/2026
São Paulo,Cidade Líder,galpao,venda,3250.0,2607.1,4032.3,9,,outubro/2026
São Paulo,Cidade Nova São Miguel,galpao,venda,8480.6,5666.7,11904.8,5,,outubro/2026
São Paulo,Cidade São Mateus,galpao,venda,6124.8,5714.3,6999.7,5,,outubro/2026
São Paulo,Colônia,galpao,venda,3045.0,1601.1,4475.8,6,13.52,outubro/2026
São Paulo,Colônia,galpao,aluguel,34.3,27.0,35.0,21,13.52,outubro/2026
São Paulo,Ermelino Matarazzo,galpao,venda,4200.0,3500.0,5447.8,6,,outubro/2026
São Paulo,Guaianases,galpao,aluguel,91.2,36.9,109.2,5,,outubro/2026
São Paulo,Guaiaúna,galpao,venda,3817.3,3653.8,3867.5,6,,outubro/2026
São Paulo,Indianópolis,galpao,aluguel,79.1,72.7,100.0,5,,outubro/2026
São Paulo,Instituto de Previdência,galpao,venda,9237.5,8469.4,10147.0,6,6.51,outubro/2026
São Paulo,Instituto de Previdência,galpao,aluguel,50.1,30.0,57.0,5,6.51,outubro/2026
São Paulo,Ipiranga,galpao,venda,5416.7,4513.9,8000.0,35,7.73,outubro/2026
São Paulo,Ipiranga,galpao,aluguel,34.9,29.7,42.2,19,7.73,outubro/2026
São Paulo,Itaquera,galpao,venda,4582.7,4488.6,4715.4,6,9.11,outubro/2026
São Paulo,Itaquera,galpao,aluguel,34.8,34.8,35.0,7,9.11,outubro/2026
São Paulo,Jaçanã,galpao,aluguel,20.4,15.7,24.2,6,,outubro/2026
São Paulo,Jaguaré,galpao,venda,4145.3,3592.4,6152.4,8,11.93,outubro/2026
São Paulo,Jaguaré,galpao,aluguel,41.2,35.3,45.0,10,11.93,outubro/2026
São Paulo,Jardim Aricanduva,galpao,venda,4050.0,1931.7,4452.8,7,,outubro/2026
São Paulo,Jardim Arpoador,galpao,aluguel,28.3,22.2,33.3,9,,outubro/2026
São Paulo,Jardim Caguassu,galpao,venda,4353.2,4220.5,4435.7,6,,outubro/2026
São Paulo,Jardim da Glória,galpao,aluguel,59.7,51.8,61.6,6,,outubro/2026
São Paulo,Jardim Dona Sinhá,galpao,venda,2935.2,2132.6,3142.9,5,,outubro/2026
São Paulo,Jardim Esmeralda,galpao,aluguel,45.0,24.3,66.7,11,,outubro/2026
São Paulo,Jardim Guanca,galpao,aluguel,30.4,15.6,47.4,6,,outubro/2026
São Paulo,Jardim Humaitá,galpao,aluguel,38.3,28.7,49.3,11,,outubro/2026
São Paulo,Jardim Japão,galpao,venda,4182.3,2880.1,4940.7,5,12.65,outubro/2026
São Paulo,Jardim Japão,galpao,aluguel,44.1,32.4,56.1,8,12.65,outubro/2026
São Paulo,Jardim Jussara,galpao,venda,4666.7,4375.0,5600.0,5,,outubro/2026
São Paulo,Jardim Leônidas Moreira,galpao,venda,3151.3,2977.0,4245.3,5,,outubro/2026
São Paulo,Jardim Marajoara,galpao,venda,6701.0,5469.5,11394.7,5,,outubro/2026
São Paulo,Jardim Matarazzo,galpao,venda,4353.1,2400.0,5487.8,5,,outubro/2026
São Paulo,Jardim Miriam,galpao,aluguel,21.7,7.0,25.0,5,,outubro/2026
São Paulo,Jardim Modelo,galpao,venda,3509.8,2661.3,4038.8,11,7.66,outubro/2026
São Paulo,Jardim Modelo,galpao,aluguel,22.4,17.8,27.4,7,7.66,outubro/2026
São Paulo,Jardim Monte Alegre,galpao,aluguel,55.0,45.9,55.0,6,,outubro/2026
São Paulo,Jardim Pereira Leite,galpao,venda,6181.3,4047.1,6857.1,5,4.7,outubro/2026
São Paulo,Jardim Pereira Leite,galpao,aluguel,24.2,22.5,27.3,5,4.7,outubro/2026
São Paulo,Jardim Peri Peri,galpao,aluguel,50.0,37.3,51.0,9,,outubro/2026
São Paulo,Jardim Piratininga,galpao,aluguel,27.8,25.2,32.5,5,,outubro/2026
São Paulo,Jardim Popular,galpao,venda,5189.7,4632.9,5326.8,8,,outubro/2026
São Paulo,Jardim São Cristóvão,galpao,venda,5925.9,5333.3,6344.3,9,,outubro/2026
São Paulo,Jardim São Jorge,galpao,aluguel,32.0,24.8,35.9,7,,outubro/2026
São Paulo,Jardim Satélite,galpao,venda,2583.8,2500.0,3938.3,5,,outubro/2026
São Paulo,Jurubatuba,galpao,venda,6836.8,6067.3,11270.2,7,,outubro/2026
São Paulo,Lapa,galpao,aluguel,48.4,40.0,55.6,17,,outubro/2026
São Paulo,Lapa de Baixo,galpao,venda,7046.6,4473.8,7406.9,6,,outubro/2026
São Paulo,Limão,galpao,venda,8015.0,5813.0,10141.5,8,5.61,outubro/2026
São Paulo,Limão,galpao,aluguel,37.5,36.3,39.9,5,5.61,outubro/2026
São Paulo,Luz,galpao,venda,7391.6,6529.8,9347.8,5,,outubro/2026
São Paulo,Mooca,galpao,venda,6458.0,5322.9,7793.5,40,8.75,outubro/2026
São Paulo,Mooca,galpao,aluguel,47.1,35.7,56.5,37,8.75,outubro/2026
São Paulo,Pari,galpao,venda,14021.2,12500.0,14240.5,5,,outubro/2026
São Paulo,Parque Anhangüera,galpao,venda,4250.0,3000.0,5471.7,9,,outubro/2026
São Paulo,Parque Císper,galpao,venda,2636.5,2177.1,3305.6,8,,outubro/2026
São Paulo,Parque dos Bancários,galpao,venda,3880.8,3252.9,4725.0,6,,outubro/2026
São Paulo,Parque Edu Chaves,galpao,aluguel,21.8,17.4,23.5,6,,outubro/2026
São Paulo,Parque Industrial Tomas Edson,galpao,venda,7131.8,5478.0,7965.4,10,,outubro/2026
São Paulo,Parque Ipê,galpao,aluguel,38.5,30.0,42.3,9,,outubro/2026
São Paulo,Parque Novo Mundo,galpao,venda,5428.0,3571.1,6506.0,10,8.4,outubro/2026
São Paulo,Parque Novo Mundo,galpao,aluguel,38.0,33.9,49.1,33,8.4,outubro/2026
São Paulo,Parque São Domingos,galpao,aluguel,25.7,22.4,30.7,8,,outubro/2026
São Paulo,Parque São Lourenço,galpao,aluguel,29.7,24.8,32.6,15,,outubro/2026
São Paulo,Penha de França,galpao,venda,4561.3,4044.0,4914.9,10,15.5,outubro/2026
São Paulo,Penha de França,galpao,aluguel,58.9,39.1,71.6,19,15.5,outubro/2026
São Paulo,Santana,galpao,venda,6606.3,5061.9,7917.4,12,6.05,outubro/2026
São Paulo,Santana,galpao,aluguel,33.3,27.5,46.0,5,6.05,outubro/2026
São Paulo,Santo Amaro,galpao,venda,8918.9,8386.9,10868.1,8,5.5,outubro/2026
São Paulo,Santo Amaro,galpao,aluguel,40.9,33.3,60.0,9,5.5,outubro/2026
São Paulo,Saúde,galpao,venda,5485.9,4280.7,7083.3,11,13.82,outubro/2026
São Paulo,Saúde,galpao,aluguel,63.2,39.5,89.3,5,13.82,outubro/2026
São Paulo,Tatuapé,galpao,venda,7272.7,5559.0,9392.9,23,6.75,outubro/2026
São Paulo,Tatuapé,galpao,aluguel,40.9,33.3,53.3,33,6.75,outubro/2026
São Paulo,Vila Anastácio,galpao,aluguel,34.2,29.2,49.1,6,,outubro/2026
São Paulo,Vila Antonieta,galpao,venda,5548.2,4060.8,8366.2,6,7.57,outubro/2026
São Paulo,Vila Antonieta,galpao,aluguel,35.0,23.7,36.4,7,7.57,outubro/2026
São Paulo,Vila Bertioga,galpao,venda,6069.4,5864.1,8229.2,6,,outubro/2026
São Paulo,Vila Carmosina,galpao,venda,4230.8,3701.1,4472.2,11,,outubro/2026
São Paulo,Vila Carrão,galpao,venda,4952.8,3729.0,6648.4,14,8.07,outubro/2026
São Paulo,Vila Carrão,galpao,aluguel,33.3,27.8,40.9,11,8.07,outubro/2026
São Paulo,Vila Fátima,galpao,aluguel,50.0,34.8,50.4,5,,outubro/2026
São Paulo,Vila Formosa,galpao,venda,4587.2,3875.0,5637.6,15,9.08,outubro/2026
São Paulo,Vila Formosa,galpao,aluguel,34.7,27.3,53.5,11,9.08,outubro/2026
São Paulo,Vila Gumercindo,galpao,venda,6172.8,4609.4,8317.9,5,,outubro/2026
São Paulo,Vila Independência,galpao,venda,4140.6,3645.0,6021.6,7,8.58,outubro/2026
São Paulo,Vila Independência,galpao,aluguel,29.6,25.2,30.8,6,8.58,outubro/2026
São Paulo,Vila Leopoldina,galpao,aluguel,40.0,37.3,60.0,28,,outubro/2026
São Paulo,Vila Maria,galpao,aluguel,30.6,26.0,35.1,16,,outubro/2026
São Paulo,Vila Mariana,galpao,venda,8153.8,7257.0,9703.9,7,8.83,outubro/2026
São Paulo,Vila Mariana,galpao,aluguel,60.0,51.7,62.0,7,8.83,outubro/2026
São Paulo,Vila Mesquita,galpao,aluguel,27.8,21.0,33.3,5,,outubro/2026
São Paulo,Vila Moinho Velho,galpao,venda,4512.0,3517.9,5790.2,6,6.46,outubro/2026
São Paulo,Vila Moinho Velho,galpao,aluguel,24.3,19.7,24.4,5,6.46,outubro/2026
São Paulo,Vila Monumento,galpao,venda,8500.0,7538.5,8909.1,5,,outubro/2026
São Paulo,Vila Moraes,galpao,venda,3690.5,3273.8,3928.6,6,,outubro/2026
São Paulo,Vila Nilo,galpao,aluguel,32.1,25.5,39.1,6,,outubro/2026
São Paulo,Vila Norma,galpao,aluguel,34.1,32.5,38.0,7,,outubro/2026
São Paulo,Vila Nova Galvão,galpao,venda,3917.0,3092.1,5670.0,6,,outubro/2026
São Paulo,Vila Nova York,galpao,venda,6875.0,6000.0,7388.1,9,,outubro/2026
São Paulo,Vila Prudente,galpao,venda,3887.5,3328.1,6098.8,10,7.1,outubro/2026
São Paulo,Vila Prudente,galpao,aluguel,23.0,18.8,31.3,14,7.1,outubro/2026
São Paulo,Vila Ribeiro de Barros,galpao,aluguel,40.8,40.0,46.2,9,,outubro/2026
São Paulo,Vila Sílvia,galpao,aluguel,23.9,19.2,34.6,8,,outubro/2026
São Paulo,Vila Sônia,galpao,aluguel,68.7,58.7,77.8,6,,outubro/2026
